날짜,언론사,카테고리,기사수,상위키워드,인사이트,생성시각,상태,키워드종수,긍정총빈도,부정총빈도,감성지수
2026-09-01,조선일보,주요뉴스,40,반도체(34); 기업(33); 혐의(29); 수출(27); 수사(22),"2026-09-01 조선일보(주요뉴스) 기사 40건 분석 결과, 상위 키워드는 '반도체'(34회), '기업'(33회), '혐의'(29회), '수출'(27회), '수사'(22회) 순으로 나타났습니다. 특히 '반도체' 관련 이슈가 가장 두드러졌으며, 대표 헤드라인은 ""제주 경찰 “실종 미종결시 할 일 많아 부담감에 허위 종결”"" 입니다.",2026-09-01 11:27:52,성공,100,96,128,-14.3
2026-09-01,조선일보,이슈,20,후보자(34); 투자(31); 의원(30); 미국(30); 정부(28),"2026-09-01 조선일보(이슈) 기사 20건 분석 결과, 상위 키워드는 '후보자'(34회), '투자'(31회), '의원'(30회), '미국'(30회), '정부'(28회) 순으로 나타났습니다. 특히 '후보자' 관련 이슈가 가장 두드러졌으며, 대표 헤드라인은 ""이남철 경북 고령군수, 지병으로 별세"" 입니다.",2026-09-01 11:28:10,성공,100,82,106,-12.8
2026-09-01,조선일보,정치,20,장관(78); 후보자(68); 의원(59); 대통령(47); 대표(44),"2026-09-01 조선일보(정치) 기사 20건 분석 결과, 상위 키워드는 '장관'(78회), '후보자'(68회), '의원'(59회), '대통령'(47회), '대표'(44회) 순으로 나타났습니다. 특히 '장관' 관련 이슈가 가장 두드러졌으며, 대표 헤드라인은 ""李대통령 “추석 물가 못 잡으면 재경부 장관 지명 취소”… 이형일 후보자에 ‘뼈 있는 농담’"" 입니다.",2026-09-01 11:28:26,성공,100,18,133,-76.2
2026-09-01,조선일보,경제,20,금리(73); 기업(51); 미국(48); 은행(44); 반도체(40),"2026-09-01 조선일보(경제) 기사 20건 분석 결과, 상위 키워드는 '금리'(73회), '기업'(51회), '미국'(48회), '은행'(44회), '반도체'(40회) 순으로 나타났습니다. 특히 '금리' 관련 이슈가 가장 두드러졌으며, 대표 헤드라인은 ""벤츠도 보조금 맞춰 ‘저가 공세’…신형 전기 CLA, 독일보다 3000만원 싸다"" 입니다.",2026-09-01 11:28:42,성공,100,166,63,45
2026-09-01,조선일보,사회,20,경찰(36); 간병(24); 혐의(23); 병원(19); 기업(17),"2026-09-01 조선일보(사회) 기사 20건 분석 결과, 상위 키워드는 '경찰'(36회), '간병'(24회), '혐의'(23회), '병원'(19회), '기업'(17회) 순으로 나타났습니다. 특히 '경찰' 관련 이슈가 가장 두드러졌으며, 대표 헤드라인은 ""‘5차례 가정폭력 신고’ 30대 여성 피살... 공무원 남편 추적"" 입니다.",2026-09-01 11:28:58,성공,100,23,114,-66.4
2026-09-01,조선일보,문화,20,공원(27); 사회(24); 자신(23); 용산(20); 대만(19),"2026-09-01 조선일보(문화) 기사 20건 분석 결과, 상위 키워드는 '공원'(27회), '사회'(24회), '자신'(23회), '용산'(20회), '대만'(19회) 순으로 나타났습니다. 특히 '공원' 관련 이슈가 가장 두드러졌으며, 대표 헤드라인은 ""[함영준의 마음PT] 사람을 오래 보니 세 가지 삶이 보였다"" 입니다.",2026-09-01 11:29:15,성공,100,46,0,100
2026-09-01,조선일보,세계,20,미국(59); 트럼프(58); 이란(43); 일본(28); 대통령(27),"2026-09-01 조선일보(세계) 기사 20건 분석 결과, 상위 키워드는 '미국'(59회), '트럼프'(58회), '이란'(43회), '일본'(28회), '대통령'(27회) 순으로 나타났습니다. 특히 '미국' 관련 이슈가 가장 두드러졌으며, 대표 헤드라인은 ""미일 재무장관 ‘엔저 대책’ 회담... 7월 공조 개입 이후 처음"" 입니다.",2026-09-01 11:29:30,성공,100,28,55,-32.5
2026-09-01,조선일보,IT과학,20,기술(45); 홍콩(44); 우주(39); 마이크론(33); 지질(33),"2026-09-01 조선일보(IT과학) 기사 20건 분석 결과, 상위 키워드는 '기술'(45회), '홍콩'(44회), '우주'(39회), '마이크론'(33회), '지질'(33회) 순으로 나타났습니다. 특히 '기술' 관련 이슈가 가장 두드러졌으며, 대표 헤드라인은 ""엔비디아, 대만 미디어텍에 4.8조원 투자... AI 생태계 넓힌다"" 입니다.",2026-09-01 11:29:47,성공,100,108,38,47.9
2026-09-01,문화일보,주요뉴스,40,드론(72); 러시아(28); 자율(21); 여성(20); 혐의(20),"2026-09-01 문화일보(주요뉴스) 기사 40건 분석 결과, 상위 키워드는 '드론'(72회), '러시아'(28회), '자율'(21회), '여성'(20회), '혐의'(20회) 순으로 나타났습니다. 특히 '드론' 관련 이슈가 가장 두드러졌으며, 대표 헤드라인은 ""[단독]“대법원장 제청권 침해”…李대통령, ‘대법관 재제청 요구’로 고발당해"" 입니다.",2026-09-01 11:30:04,성공,100,0,130,-100
2026-09-01,문화일보,이슈,20,드론(73); 러시아(28); 경찰(21); 자율(21); 우크라이나(20),"2026-09-01 문화일보(이슈) 기사 20건 분석 결과, 상위 키워드는 '드론'(73회), '러시아'(28회), '경찰'(21회), '자율'(21회), '우크라이나'(20회) 순으로 나타났습니다. 특히 '드론' 관련 이슈가 가장 두드러졌으며, 대표 헤드라인은 ""남산터널 차로 막고 웨딩 촬영한 부부, 온라인서 비난 봇물"" 입니다.",2026-09-01 11:30:23,성공,100,5,76,-87.7
2026-09-01,문화일보,정치,20,대통령(70); 제청(47); 국민(40); 헌법(30); 대표(29),"2026-09-01 문화일보(정치) 기사 20건 분석 결과, 상위 키워드는 '대통령'(70회), '제청'(47회), '국민'(40회), '헌법'(30회), '대표'(29회) 순으로 나타났습니다. 특히 '대통령' 관련 이슈가 가장 두드러졌으며, 대표 헤드라인은 ""김어준, 용혜인 겸직 논란에 “의원직 내려놓을 이유없어”"" 입니다.",2026-09-01 11:30:40,성공,100,14,38,-46.2
2026-09-01,문화일보,경제,20,금리(66); 대통령(46); 부동산(33); 정부(33); 미국(32),"2026-09-01 문화일보(경제) 기사 20건 분석 결과, 상위 키워드는 '금리'(66회), '대통령'(46회), '부동산'(33회), '정부'(33회), '미국'(32회) 순으로 나타났습니다. 특히 '금리' 관련 이슈가 가장 두드러졌으며, 대표 헤드라인은 ""해류·어장 탐지하고 기후변화 대응까지…  동해에 솟은 53m ‘바다 연구실’"" 입니다.",2026-09-01 11:30:58,성공,100,40,66,-24.5
2026-09-01,문화일보,사회,20,안전(27); 정원(24); 교육(20); 경장(17); 문화(17),"2026-09-01 문화일보(사회) 기사 20건 분석 결과, 상위 키워드는 '안전'(27회), '정원'(24회), '교육'(20회), '경장'(17회), '문화'(17회) 순으로 나타났습니다. 특히 '안전' 관련 이슈가 가장 두드러졌으며, 대표 헤드라인은 ""[속보]“일 많아질까 허위 종결” 제주 부 경장, 검찰 송치"" 입니다.",2026-09-01 11:31:16,성공,100,57,43,14
2026-09-01,문화일보,문화,20,한국(26); 배터리(25); 서울(23); 전기(23); 음식(21),"2026-09-01 문화일보(문화) 기사 20건 분석 결과, 상위 키워드는 '한국'(26회), '배터리'(25회), '서울'(23회), '전기'(23회), '음식'(21회) 순으로 나타났습니다. 특히 '한국' 관련 이슈가 가장 두드러졌으며, 대표 헤드라인은 ""무슬림이 지키는 할랄 · 非신자도 먹는 사찰 음식… 종교인의 규범이자 다른문화 이해하는 일상 언어[정주영이 만난 ‘세상의 식탁’]"" 입니다.",2026-09-01 11:31:34,성공,100,52,0,100
2026-09-01,문화일보,세계,20,드론(74); 러시아(28); 공격(22); 현지(22); 자율(21),"2026-09-01 문화일보(세계) 기사 20건 분석 결과, 상위 키워드는 '드론'(74회), '러시아'(28회), '공격'(22회), '현지'(22회), '자율'(21회) 순으로 나타났습니다. 특히 '드론' 관련 이슈가 가장 두드러졌으며, 대표 헤드라인은 ""“여러분과 일한 건 일생의 특권” 팀쿡 애플 CEO 은퇴, 전직원에 서한"" 입니다.",2026-09-01 11:31:51,성공,100,8,41,-67.3
2026-09-01,문화일보,IT과학,20,기술(38); 반도체(31); 기업(31); 투자(28); 세포(24),"2026-09-01 문화일보(IT과학) 기사 20건 분석 결과, 상위 키워드는 '기술'(38회), '반도체'(31회), '기업'(31회), '투자'(28회), '세포'(24회) 순으로 나타났습니다. 특히 '기술' 관련 이슈가 가장 두드러졌으며, 대표 헤드라인은 ""“이재용·최태원 청문회? 반도체 발목” 민주당서 나온 말"" 입니다.",2026-09-01 11:32:09,성공,100,115,18,72.9
2026-09-01,데일리안,주요뉴스,40,금리(63); 정책(31); 네팔(29); 인상(24); 청년(23),"2026-09-01 데일리안(주요뉴스) 기사 40건 분석 결과, 상위 키워드는 '금리'(63회), '정책'(31회), '네팔'(29회), '인상'(24회), '청년'(23회) 순으로 나타났습니다. 특히 '금리' 관련 이슈가 가장 두드러졌으며, 대표 헤드라인은 ""[속보] 제주경찰관 ""실종 미종결시 할일 많아 부담감에 허위종결"" 시인"" 입니다.",2026-09-01 11:32:26,성공,100,42,63,-20
2026-09-01,데일리안,이슈,20,금리(41); 시장(25); 청년(22); 네팔(21); 대표(21),"2026-09-01 데일리안(이슈) 기사 20건 분석 결과, 상위 키워드는 '금리'(41회), '시장'(25회), '청년'(22회), '네팔'(21회), '대표'(21회) 순으로 나타났습니다. 특히 '금리' 관련 이슈가 가장 두드러졌으며, 대표 헤드라인은 ""김민석, '김어준·유시민'과 '스피커 전쟁' 시작…지지층 판도 흔들릴까"" 입니다.",2026-09-01 11:32:43,성공,100,35,42,-9.1
2026-09-01,데일리안,정치,20,대통령(58); 국민(40); 의원(36); 정부(35); 대표(33),"2026-09-01 데일리안(정치) 기사 20건 분석 결과, 상위 키워드는 '대통령'(58회), '국민'(40회), '의원'(36회), '정부'(35회), '대표'(33회) 순으로 나타났습니다. 특히 '대통령' 관련 이슈가 가장 두드러졌으며, 대표 헤드라인은 ""국방부 ""호르무즈 해협 관련 美와 협력 방안 초기부터 지속 논의"""" 입니다.",2026-09-01 11:32:58,성공,100,6,60,-81.8
2026-09-01,데일리안,경제,20,브랜드(35); 기술(34); 개발(32); 농촌(30); 공급(25),"2026-09-01 데일리안(경제) 기사 20건 분석 결과, 상위 키워드는 '브랜드'(35회), '기술'(34회), '개발'(32회), '농촌'(30회), '공급'(25회) 순으로 나타났습니다. 특히 '브랜드' 관련 이슈가 가장 두드러졌으며, 대표 헤드라인은 ""SK하이닉스 핵심기술 훔쳐 중국으로…대법서 실형 확정"" 입니다.",2026-09-01 11:33:15,성공,100,116,9,85.6
2026-09-01,데일리안,사회,20,지원(35); 취업(29); 장애인(21); 사업(21); 훈련(19),"2026-09-01 데일리안(사회) 기사 20건 분석 결과, 상위 키워드는 '지원'(35회), '취업'(29회), '장애인'(21회), '사업'(21회), '훈련'(19회) 순으로 나타났습니다. 특히 '지원' 관련 이슈가 가장 두드러졌으며, 대표 헤드라인은 ""서울 마포구, 공공 반찬공장서 조리·배송…경로당급식 2027년 100곳으로 확대"" 입니다.",2026-09-01 11:33:32,성공,100,130,55,40.5
2026-09-01,데일리안,문화,20,개발(49); 서비스(39); 병원(34); 재활(33); 연구(32),"2026-09-01 데일리안(문화) 기사 20건 분석 결과, 상위 키워드는 '개발'(49회), '서비스'(39회), '병원'(34회), '재활'(33회), '연구'(32회) 순으로 나타났습니다. 특히 '개발' 관련 이슈가 가장 두드러졌으며, 대표 헤드라인은 ""국토부, 내년부터 K-UAM 안전운용기술 실증·고도화 본격 추진"" 입니다.",2026-09-01 11:33:49,성공,100,71,7,82.1
2026-09-01,데일리안,세계,20,대통령(58); 장관(45); 미국(41); 이란(39); 트럼프(39),"2026-09-01 데일리안(세계) 기사 20건 분석 결과, 상위 키워드는 '대통령'(58회), '장관'(45회), '미국'(41회), '이란'(39회), '트럼프'(39회) 순으로 나타났습니다. 특히 '대통령' 관련 이슈가 가장 두드러졌으며, 대표 헤드라인은 ""모디, 푸틴 면전서 종전 압박…“이제 끝없는 전쟁 끝내자”"" 입니다.",2026-09-01 11:34:05,성공,100,41,95,-39.7
2026-09-01,데일리안,IT과학,20,국가(63); 전략(56); 부위원장(46); 고객(46); 지원(43),"2026-09-01 데일리안(IT과학) 기사 20건 분석 결과, 상위 키워드는 '국가'(63회), '전략'(56회), '부위원장'(46회), '고객'(46회), '지원'(43회) 순으로 나타났습니다. 특히 '국가' 관련 이슈가 가장 두드러졌으며, 대표 헤드라인은 ""메가존클라우드, 프리IPO 투자 유치…AI·보안 신사업 키운다"" 입니다.",2026-09-01 11:34:22,성공,100,288,0,100
2026-09-01,아시아경제,주요뉴스,40,장관(49); 대통령(41); 의원(31); 경제(29); 인사(28),"2026-09-01 아시아경제(주요뉴스) 기사 40건 분석 결과, 상위 키워드는 '장관'(49회), '대통령'(41회), '의원'(31회), '경제'(29회), '인사'(28회) 순으로 나타났습니다. 특히 '장관' 관련 이슈가 가장 두드러졌으며, 대표 헤드라인은 """"당장 짐 싸서 한국 갈래"" 해외 Z세대 눈 번쩍…집 주고 의료보험까지, 무슨 일자리길래"" 입니다.",2026-09-01 11:34:38,성공,100,66,0,100
2026-09-01,아시아경제,이슈,20,금리(50); 수출(36); 가격(30); 트럼프(29); 미국(28),"2026-09-01 아시아경제(이슈) 기사 20건 분석 결과, 상위 키워드는 '금리'(50회), '수출'(36회), '가격'(30회), '트럼프'(29회), '미국'(28회) 순으로 나타났습니다. 특히 '금리' 관련 이슈가 가장 두드러졌으며, 대표 헤드라인은 """"손님, 머리에 이상한 게 있는데요""…미용사가 머리 감겨주다 발견한 '암 덩어리'"" 입니다.",2026-09-01 11:34:56,성공,100,122,27,63.8
2026-09-01,아시아경제,정치,20,실장(36); 대표(36); 원내(25); 조세(23); 정부(23),"2026-09-01 아시아경제(정치) 기사 20건 분석 결과, 상위 키워드는 '실장'(36회), '대표'(36회), '원내'(25회), '조세'(23회), '정부'(23회) 순으로 나타났습니다. 특히 '실장' 관련 이슈가 가장 두드러졌으며, 대표 헤드라인은 ""軍 수송기 '시그너스' 오늘 밤 네팔 출발"" 입니다.",2026-09-01 11:35:12,성공,100,33,46,-16.5
2026-09-01,아시아경제,경제,20,시장(47); 기업(35); 기술(34); 투자(32); 금융(31),"2026-09-01 아시아경제(경제) 기사 20건 분석 결과, 상위 키워드는 '시장'(47회), '기업'(35회), '기술'(34회), '투자'(32회), '금융'(31회) 순으로 나타났습니다. 특히 '시장' 관련 이슈가 가장 두드러졌으며, 대표 헤드라인은 """"제살 깎아먹기 경쟁은 손해""…성수2·목동12단지, DL·GS 수의계약 수순"" 입니다.",2026-09-01 11:35:27,성공,100,123,29,61.8
2026-09-01,아시아경제,사회,20,장애인(53); 서울시(17); 시민(17); 관람석(17); 안전(16),"2026-09-01 아시아경제(사회) 기사 20건 분석 결과, 상위 키워드는 '장애인'(53회), '서울시'(17회), '시민'(17회), '관람석'(17회), '안전'(16회) 순으로 나타났습니다. 특히 '장애인' 관련 이슈가 가장 두드러졌으며, 대표 헤드라인은 ""권향엽 의원, ""광양 남부학술림 명확한 관리 주체 확정 필요"""" 입니다.",2026-09-01 11:35:45,성공,100,78,37,35.7
2026-09-01,아시아경제,문화,20,장애인(53); 고객(39); 전기(38); 여행(31); 골프(27),"2026-09-01 아시아경제(문화) 기사 20건 분석 결과, 상위 키워드는 '장애인'(53회), '고객'(39회), '전기'(38회), '여행'(31회), '골프'(27회) 순으로 나타났습니다. 특히 '장애인' 관련 이슈가 가장 두드러졌으며, 대표 헤드라인은 """"파스타 반죽 치대다 눈물 터졌다""…Z세대 사로잡은 '할머니 관광' 열풍"" 입니다.",2026-09-01 11:36:02,성공,100,53,8,73.8
2026-09-01,아시아경제,세계,20,미국(48); 한국(26); 시장(25); 전쟁(23); 현지(23),"2026-09-01 아시아경제(세계) 기사 20건 분석 결과, 상위 키워드는 '미국'(48회), '한국'(26회), '시장'(25회), '전쟁'(23회), '현지'(23회) 순으로 나타났습니다. 특히 '미국' 관련 이슈가 가장 두드러졌으며, 대표 헤드라인은 ""베네수 원유 끌어와도…美휘발유값 고공행진"" 입니다.",2026-09-01 11:36:18,성공,100,50,58,-7.4
2026-09-01,아시아경제,IT과학,20,국가(22); 평가(22); 데이터(21); 삼성(21); 드라마(19),"2026-09-01 아시아경제(IT과학) 기사 20건 분석 결과, 상위 키워드는 '국가'(22회), '평가'(22회), '데이터'(21회), '삼성'(21회), '드라마'(19회) 순으로 나타났습니다. 특히 '국가' 관련 이슈가 가장 두드러졌으며, 대표 헤드라인은 ""LGU+, 어라이즈 AI와 에이전트 관리 체계 구축 나선다"" 입니다.",2026-09-01 11:36:35,성공,100,78,13,71.4
2026-09-01,매일신문,경제,20,투자(46); 최대(37); 지원(37); 기업(36); 금융(35),"2026-09-01 매일신문(경제) 기사 20건 분석 결과, 상위 키워드는 '투자'(46회), '최대'(37회), '지원'(37회), '기업'(36회), '금융'(35회) 순으로 나타났습니다. 특히 '투자' 관련 이슈가 가장 두드러졌으며, 대표 헤드라인은 ""소상공인 장기연체 채무조정에 7천억원…기준중위소득 6.7% 인상"" 입니다.",2026-09-01 12:00:43,성공,100,246,9,92.9
2026-09-01,매일신문,사회,20,지역(42); 교수(39); 지원(28); 의회(25); 지방(24),"2026-09-01 매일신문(사회) 기사 20건 분석 결과, 상위 키워드는 '지역'(42회), '교수'(39회), '지원'(28회), '의회'(25회), '지방'(24회) 순으로 나타났습니다. 특히 '지역' 관련 이슈가 가장 두드러졌으며, 대표 헤드라인은 ""[속보] ""추가 허위기록 사례 15건, 소재 확인하고도 사망으로 입력"""" 입니다.",2026-09-01 12:01:01,성공,100,60,57,2.6
2026-09-01,매일신문,IT과학,20,기업(37); 미국(33); 매매(33); 자동차(33); 생산(30),"2026-09-01 매일신문(IT과학) 기사 20건 분석 결과, 상위 키워드는 '기업'(37회), '미국'(33회), '매매'(33회), '자동차'(33회), '생산'(30회) 순으로 나타났습니다. 특히 '기업' 관련 이슈가 가장 두드러졌으며, 대표 헤드라인은 ""최태원 ""日에 반도체 공장 설립 검토""…1순위 조건 전력·용수 꼽아"" 입니다.",2026-09-01 12:01:21,성공,100,60,15,60
2026-09-01,매일신문,주요뉴스,40,대통령(48); 장관(42); 후보자(36); 제청(32); 대표(29),"2026-09-01 매일신문(주요뉴스) 기사 40건 분석 결과, 상위 키워드는 '대통령'(48회), '장관'(42회), '후보자'(36회), '제청'(32회), '대표'(29회) 순으로 나타났습니다. 특히 '대통령' 관련 이슈가 가장 두드러졌으며, 대표 헤드라인은 """"업무 늘어날까 봐""…실종사건 허위 종결 경찰관의 황당한 범행 이유"" 입니다.",2026-09-01 12:02:40,성공,100,17,118,-74.8
2026-09-01,매일신문,이슈,20,후보자(45); 장관(42); 의원(34); 대표(33); 정치(22),"2026-09-01 매일신문(이슈) 기사 20건 분석 결과, 상위 키워드는 '후보자'(45회), '장관'(42회), '의원'(34회), '대표'(33회), '정치'(22회) 순으로 나타났습니다. 특히 '후보자' 관련 이슈가 가장 두드러졌으며, 대표 헤드라인은 ""박지현, 李 향해 ""용혜인 장관 지명 재고하시길""…龍에겐 사퇴 촉구 ""그게 최소한의 공정""조회수10,774"" 입니다.",2026-09-01 12:02:59,성공,100,25,107,-62.1
2026-09-01,매일신문,정치,20,의원(70); 대통령(68); 장관(60); 후보자(60); 대표(56),"2026-09-01 매일신문(정치) 기사 20건 분석 결과, 상위 키워드는 '의원'(70회), '대통령'(68회), '장관'(60회), '후보자'(60회), '대표'(56회) 순으로 나타났습니다. 특히 '의원' 관련 이슈가 가장 두드러졌으며, 대표 헤드라인은 ""민티 첫날 뉴공 출연 노종면 ""민주당 의원 출연 금지 있을 수 없는 일, 민티 적대 흐름 부추기면 공멸"""" 입니다.",2026-09-01 12:03:15,성공,100,41,81,-32.8
2026-09-01,매일신문,문화,20,지역(41); 작가(32); 작품(29); 문화(27); 예술(26),"2026-09-01 매일신문(문화) 기사 20건 분석 결과, 상위 키워드는 '지역'(41회), '작가'(32회), '작품'(29회), '문화'(27회), '예술'(26회) 순으로 나타났습니다. 특히 '지역' 관련 이슈가 가장 두드러졌으며, 대표 헤드라인은 ""강정보가 거대한 야외전시장으로…달성 대구현대미술제 11일 개막"" 입니다.",2026-09-01 12:03:31,성공,100,71,0,100
2026-09-01,매일신문,세계,20,네팔(52); 미국(47); 트럼프(46); 시신(46); 현지(37),"2026-09-01 매일신문(세계) 기사 20건 분석 결과, 상위 키워드는 '네팔'(52회), '미국'(47회), '트럼프'(46회), '시신'(46회), '현지'(37회) 순으로 나타났습니다. 특히 '네팔' 관련 이슈가 가장 두드러졌으며, 대표 헤드라인은 """"당장 높은 곳으로!""…홍수 10분 전 900명 대피시킨 교장"" 입니다.",2026-09-01 12:03:48,성공,100,11,77,-75
2026-09-02,조선일보,주요뉴스,40,대통령(39); 정부(38); 시계(33); 이란(32); 실장(32),"2026-09-02 조선일보(주요뉴스) 기사 40건 분석 결과, 상위 키워드는 '대통령'(39회), '정부'(38회), '시계'(33회), '이란'(32회), '실장'(32회) 순으로 나타났습니다. 특히 '대통령' 관련 이슈가 가장 두드러졌으며, 대표 헤드라인은 ""용혜인 ‘부동산 단타’ 의혹까지… 與도 술렁"" 입니다.",2026-09-02 09:00:31,성공,100,59,66,-5.6
2026-09-02,조선일보,이슈,20,네팔(38); 시신(37); 이란(32); 급여(32); 정부(31),"2026-09-02 조선일보(이슈) 기사 20건 분석 결과, 상위 키워드는 '네팔'(38회), '시신'(37회), '이란'(32회), '급여'(32회), '정부'(31회) 순으로 나타났습니다. 특히 '네팔' 관련 이슈가 가장 두드러졌으며, 대표 헤드라인은 ""용혜인 ‘부동산 단타’ 의혹까지… 與도 술렁"" 입니다.",2026-09-02 09:00:49,성공,100,22,113,-67.4
2026-09-02,조선일보,정치,20,의원(86); 후보자(55); 대통령(48); 대표(47); 실장(45),"2026-09-02 조선일보(정치) 기사 20건 분석 결과, 상위 키워드는 '의원'(86회), '후보자'(55회), '대통령'(48회), '대표'(47회), '실장'(45회) 순으로 나타났습니다. 특히 '의원' 관련 이슈가 가장 두드러졌으며, 대표 헤드라인은 ""김용범 유임하는 듯했는데… 왜 개각 이틀 만에 ‘사퇴’로 끝냈나"" 입니다.",2026-09-02 09:01:08,성공,100,10,139,-86.6
2026-09-02,조선일보,경제,20,정부(61); 시계(33); 부실(30); 재정(30); 금리(29),"2026-09-02 조선일보(경제) 기사 20건 분석 결과, 상위 키워드는 '정부'(61회), '시계'(33회), '부실'(30회), '재정'(30회), '금리'(29회) 순으로 나타났습니다. 특히 '정부' 관련 이슈가 가장 두드러졌으며, 대표 헤드라인은 ""매수 주체 사라진 코스피 자사주만 위태롭게 떠받치는 중"" 입니다.",2026-09-02 09:01:28,성공,100,156,64,41.8
2026-09-02,조선일보,사회,20,대학(23); 연금(22); 종결(21); 사건(21); 소득(20),"2026-09-02 조선일보(사회) 기사 20건 분석 결과, 상위 키워드는 '대학'(23회), '연금'(22회), '종결'(21회), '사건'(21회), '소득'(20회) 순으로 나타났습니다. 특히 '대학' 관련 이슈가 가장 두드러졌으며, 대표 헤드라인은 ""기초연금 개편 사실상 무산… 하후상박 대신 저소득층 月 3만원 추가"" 입니다.",2026-09-02 09:01:47,성공,100,35,85,-41.7
2026-09-02,조선일보,문화,20,스님(60); 영화(32); 은혜(26); 대표(26); 서울(24),"2026-09-02 조선일보(문화) 기사 20건 분석 결과, 상위 키워드는 '스님'(60회), '영화'(32회), '은혜'(26회), '대표'(26회), '서울'(24회) 순으로 나타났습니다. 특히 '스님' 관련 이슈가 가장 두드러졌으며, 대표 헤드라인은 ""[김한수의 오마이갓] “은혜” “덕분”...종교인들의 고백"" 입니다.",2026-09-02 09:02:05,성공,100,9,24,-45.5
2026-09-02,조선일보,세계,20,이란(94); 미국(56); 트럼프(39); 회의(37); 공격(35),"2026-09-02 조선일보(세계) 기사 20건 분석 결과, 상위 키워드는 '이란'(94회), '미국'(56회), '트럼프'(39회), '회의'(37회), '공격'(35회) 순으로 나타났습니다. 특히 '이란' 관련 이슈가 가장 두드러졌으며, 대표 헤드라인은 ""미군, “상선 공격한 이란에 보복 공습 완료”"" 입니다.",2026-09-02 09:02:22,성공,100,24,73,-50.5
2026-09-02,조선일보,IT과학,20,데이터(92); 센터(81); 애플(64); 대면(35); 진료(35),"2026-09-02 조선일보(IT과학) 기사 20건 분석 결과, 상위 키워드는 '데이터'(92회), '센터'(81회), '애플'(64회), '대면'(35회), '진료'(35회) 순으로 나타났습니다. 특히 '데이터' 관련 이슈가 가장 두드러졌으며, 대표 헤드라인은 ""터너스 애플 신임 CEO, 1년 보수 798억원...“아직 상상하지 못한 제품 꿈꾸고 만들 것”"" 입니다.",2026-09-02 09:02:41,성공,100,106,36,49.3
2026-09-02,문화일보,주요뉴스,40,의원(24); 후보자(22); 여성(21); 경찰(20); 정당(19),"2026-09-02 문화일보(주요뉴스) 기사 40건 분석 결과, 상위 키워드는 '의원'(24회), '후보자'(22회), '여성'(21회), '경찰'(20회), '정당'(19회) 순으로 나타났습니다. 특히 '의원' 관련 이슈가 가장 두드러졌으며, 대표 헤드라인은 ""李대통령, ‘KTX-SRT 통합 어마어마한 업적’ 글에 “알아주니 감사”"" 입니다.",2026-09-02 09:03:00,성공,100,25,74,-49.5
2026-09-02,문화일보,이슈,20,경찰(25); 의원(16); 혐의(15); 여성(14); 범행(13),"2026-09-02 문화일보(이슈) 기사 20건 분석 결과, 상위 키워드는 '경찰'(25회), '의원'(16회), '혐의'(15회), '여성'(14회), '범행'(13회) 순으로 나타났습니다. 특히 '경찰' 관련 이슈가 가장 두드러졌으며, 대표 헤드라인은 ""왁싱 꼭 여성한테 받겠다는 남친…20대女 “어떻게 말리나”"" 입니다.",2026-09-02 09:03:20,성공,100,15,72,-65.5
2026-09-02,문화일보,정치,20,후보자(50); 의원(50); 대통령(39); 장관(38); 대표(32),"2026-09-02 문화일보(정치) 기사 20건 분석 결과, 상위 키워드는 '후보자'(50회), '의원'(50회), '대통령'(39회), '장관'(38회), '대표'(32회) 순으로 나타났습니다. 특히 '후보자' 관련 이슈가 가장 두드러졌으며, 대표 헤드라인은 ""SNS로 ‘의원직 유지’ 밝힌 용혜인…오늘 첫 출근길 입에 쏠린 눈"" 입니다.",2026-09-02 09:03:38,성공,100,25,84,-54.1
2026-09-02,문화일보,경제,20,지커(28); 가구(22); 차량(22); 정부(19); 예산(19),"2026-09-02 문화일보(경제) 기사 20건 분석 결과, 상위 키워드는 '지커'(28회), '가구'(22회), '차량'(22회), '정부'(19회), '예산'(19회) 순으로 나타났습니다. 특히 '지커' 관련 이슈가 가장 두드러졌으며, 대표 헤드라인은 ""‘불장’에 개미에서 개인전문투자자로 변신…7개월 만에 3800명"" 입니다.",2026-09-02 09:03:57,성공,100,108,24,63.6
2026-09-02,문화일보,사회,20,청년(52); 지역(42); 참여(32); 사업(30); 문화(27),"2026-09-02 문화일보(사회) 기사 20건 분석 결과, 상위 키워드는 '청년'(52회), '지역'(42회), '참여'(32회), '사업'(30회), '문화'(27회) 순으로 나타났습니다. 특히 '청년' 관련 이슈가 가장 두드러졌으며, 대표 헤드라인은 ""서대문구 “신촌 청년 AI 특구·광역교통망 등 핵심 현안 정부·서울시에 건의”"" 입니다.",2026-09-02 09:04:15,성공,100,106,0,100.0
2026-09-02,문화일보,문화,20,서울(28); 지커(28); 한국(24); 차량(22); 음식(21),"2026-09-02 문화일보(문화) 기사 20건 분석 결과, 상위 키워드는 '서울'(28회), '지커'(28회), '한국'(24회), '차량'(22회), '음식'(21회) 순으로 나타났습니다. 특히 '서울' 관련 이슈가 가장 두드러졌으며, 대표 헤드라인은 ""제네시스, 전기차 출고 고객에 최대 3개월 무료 충전 혜택 제공"" 입니다.",2026-09-02 09:04:34,성공,100,90,0,100.0
2026-09-02,문화일보,세계,20,대통령(41); 네팔(32); 트럼프(30); 총리(27); 미국(23),"2026-09-02 문화일보(세계) 기사 20건 분석 결과, 상위 키워드는 '대통령'(41회), '네팔'(32회), '트럼프'(30회), '총리'(27회), '미국'(23회) 순으로 나타났습니다. 특히 '대통령' 관련 이슈가 가장 두드러졌으며, 대표 헤드라인은 ""[속보]뉴욕 타임스퀘어서 ‘묻지마 칼부림’, BoA 부사장 사망"" 입니다.",2026-09-02 09:04:51,성공,100,30,58,-31.8
2026-09-02,문화일보,IT과학,20,반도체(50); 기술(40); 기업(31); 투자(30); 중국(24),"2026-09-02 문화일보(IT과학) 기사 20건 분석 결과, 상위 키워드는 '반도체'(50회), '기술'(40회), '기업'(31회), '투자'(30회), '중국'(24회) 순으로 나타났습니다. 특히 '반도체' 관련 이슈가 가장 두드러졌으며, 대표 헤드라인은 ""NC 슈팅 게임 3종으로 서구권 조준"" 입니다.",2026-09-02 09:05:09,성공,100,97,19,67.2
2026-09-02,매일신문,주요뉴스,40,지원(51); 대학(43); 경찰(33); 지역(32); 교수(32),"2026-09-02 매일신문(주요뉴스) 기사 40건 분석 결과, 상위 키워드는 '지원'(51회), '대학'(43회), '경찰'(33회), '지역'(32회), '교수'(32회) 순으로 나타났습니다. 특히 '지원' 관련 이슈가 가장 두드러졌으며, 대표 헤드라인은 ""용혜인 '과욕'이 다시 불러낸 위성정당 논란…장혜영 ""기득권 추구이자 반칙"""" 입니다.",2026-09-02 09:05:26,성공,100,120,78,21.2
2026-09-02,매일신문,이슈,20,지역(30); 정부(27); 급여(22); 경찰(21); 조회(20),"2026-09-02 매일신문(이슈) 기사 20건 분석 결과, 상위 키워드는 '지역'(30회), '정부'(27회), '급여'(22회), '경찰'(21회), '조회'(20회) 순으로 나타났습니다. 특히 '지역' 관련 이슈가 가장 두드러졌으며, 대표 헤드라인은 """"신세계백화점 폭파"" 장난글의 대가…20대, 1256만원 배상조회수8,972"" 입니다.",2026-09-02 09:05:45,성공,100,42,74,-27.6
2026-09-02,매일신문,정치,20,의원(61); 후보자(45); 국회(34); 장관(28); 대표(27),"2026-09-02 매일신문(정치) 기사 20건 분석 결과, 상위 키워드는 '의원'(61회), '후보자'(45회), '국회'(34회), '장관'(28회), '대표'(27회) 순으로 나타났습니다. 특히 '의원' 관련 이슈가 가장 두드러졌으며, 대표 헤드라인은 ""천하람, '피습 자작극' 현장서 고개 숙였다…""잘못된 공천 사죄"""" 입니다.",2026-09-02 09:06:02,성공,100,20,53,-45.2
2026-09-02,매일신문,경제,20,투자(54); 지원(42); 예산(41); 광고(38); 금융(33),"2026-09-02 매일신문(경제) 기사 20건 분석 결과, 상위 키워드는 '투자'(54회), '지원'(42회), '예산'(41회), '광고'(38회), '금융'(33회) 순으로 나타났습니다. 특히 '투자' 관련 이슈가 가장 두드러졌으며, 대표 헤드라인은 ""항공업계, 지난해 안전 분야 13조원 이상 투자…전년 대비 115.5% 증가"" 입니다.",2026-09-02 09:06:20,성공,100,239,6,95.1
2026-09-02,매일신문,사회,20,경찰(23); 건강(21); 부산(16); 교육(15); 확인(15),"2026-09-02 매일신문(사회) 기사 20건 분석 결과, 상위 키워드는 '경찰'(23회), '건강'(21회), '부산'(16회), '교육'(15회), '확인'(15회) 순으로 나타났습니다. 특히 '경찰' 관련 이슈가 가장 두드러졌으며, 대표 헤드라인은 ""아이스크림 나누며 '갑질 근절'…양산시 노사 청렴 캠페인"" 입니다.",2026-09-02 09:06:40,성공,100,24,67,-47.3
2026-09-02,매일신문,문화,20,대구(45); 운동(33); 작품(31); 엄마(29); 예술(28),"2026-09-02 매일신문(문화) 기사 20건 분석 결과, 상위 키워드는 '대구'(45회), '운동'(33회), '작품'(31회), '엄마'(29회), '예술'(28회) 순으로 나타났습니다. 특히 '대구' 관련 이슈가 가장 두드러졌으며, 대표 헤드라인은 ""[건강플러스] 건강한 노년 만드는 '운동의 힘'…90세에도 트랙을 달린다"" 입니다.",2026-09-02 09:06:58,성공,100,41,0,100.0
2026-09-02,매일신문,세계,20,네팔(84); 수색(47); 홍수(41); 현지(39); 구조(33),"2026-09-02 매일신문(세계) 기사 20건 분석 결과, 상위 키워드는 '네팔'(84회), '수색'(47회), '홍수'(41회), '현지'(39회), '구조'(33회) 순으로 나타났습니다. 특히 '네팔' 관련 이슈가 가장 두드러졌으며, 대표 헤드라인은 """"터널 안이 치약처럼 진흙으로 가득""…네팔 대홍수 사망자 1천19명"" 입니다.",2026-09-02 09:07:17,성공,100,19,63,-53.7
2026-09-02,매일신문,IT과학,19,기업(37); 미국(33); 매매(33); 자동차(33); 생산(30),"2026-09-02 매일신문(IT과학) 기사 19건 분석 결과, 상위 키워드는 '기업'(37회), '미국'(33회), '매매'(33회), '자동차'(33회), '생산'(30회) 순으로 나타났습니다. 특히 '기업' 관련 이슈가 가장 두드러졌으며, 대표 헤드라인은 ""최태원 ""日에 반도체 공장 설립 검토""…1순위 조건 전력·용수 꼽아"" 입니다.",2026-09-02 09:07:36,성공,100,59,15,59.5
2026-09-02,데일리안,주요뉴스,40,후보자(67); 대통령(49); 지명(38); 청년(36); 예산(36),"2026-09-02 데일리안(주요뉴스) 기사 40건 분석 결과, 상위 키워드는 '후보자'(67회), '대통령'(49회), '지명'(38회), '청년'(36회), '예산'(36회) 순으로 나타났습니다. 특히 '후보자' 관련 이슈가 가장 두드러졌으며, 대표 헤드라인은 ""[데스크칼럼] '김용범 사퇴'라는 자백…꼬리 자르기로는 안 된다"" 입니다.",2026-09-02 09:07:57,성공,100,94,175,-30.1
2026-09-02,데일리안,이슈,20,금리(75); 후보자(36); 대통령(32); 정부(29); 시장(29),"2026-09-02 데일리안(이슈) 기사 20건 분석 결과, 상위 키워드는 '금리'(75회), '후보자'(36회), '대통령'(32회), '정부'(29회), '시장'(29회) 순으로 나타났습니다. 특히 '금리' 관련 이슈가 가장 두드러졌으며, 대표 헤드라인은 ""지지율 반등 노린 개각 맞나…'용혜인·김승원' 논란에 여권서도 한숨"" 입니다.",2026-09-02 09:08:16,성공,100,90,81,5.3
2026-09-02,데일리안,정치,20,후보자(82); 정책(67); 정부(52); 대통령(50); 의원(44),"2026-09-02 데일리안(정치) 기사 20건 분석 결과, 상위 키워드는 '후보자'(82회), '정책'(67회), '정부'(52회), '대통령'(50회), '의원'(44회) 순으로 나타났습니다. 특히 '후보자' 관련 이슈가 가장 두드러졌으며, 대표 헤드라인은 ""[데스크칼럼] '김용범 사퇴'라는 자백…꼬리 자르기로는 안 된다"" 입니다.",2026-09-02 09:08:35,성공,100,10,184,-89.7
2026-09-02,데일리안,경제,20,금리(73); 금융(45); 상승(37); 은행(34); 확대(33),"2026-09-02 데일리안(경제) 기사 20건 분석 결과, 상위 키워드는 '금리'(73회), '금융'(45회), '상승'(37회), '은행'(34회), '확대'(33회) 순으로 나타났습니다. 특히 '금리' 관련 이슈가 가장 두드러졌으며, 대표 헤드라인은 ""현대차그룹, 경찰버스 실내 온도 최대 7도 낮춘다…‘나노쿨링 필름’ 적용"" 입니다.",2026-09-02 09:08:54,성공,100,180,36,66.7
2026-09-02,데일리안,사회,20,수사(26); 주택(25); 주민(20); 경찰청장(19); 홍보(18),"2026-09-02 데일리안(사회) 기사 20건 분석 결과, 상위 키워드는 '수사'(26회), '주택'(25회), '주민'(20회), '경찰청장'(19회), '홍보'(18회) 순으로 나타났습니다. 특히 '수사' 관련 이슈가 가장 두드러졌으며, 대표 헤드라인은 ""K-맛과 K-멋 한자리에…서울 서초구, '케미스트릿 강남역 페스티벌' 9월5일 개막"" 입니다.",2026-09-02 09:09:13,성공,100,59,37,22.9
2026-09-02,데일리안,문화,20,판매(30); 지원(28); 비행(26); 개발(22); 영화제(21),"2026-09-02 데일리안(문화) 기사 20건 분석 결과, 상위 키워드는 '판매'(30회), '지원'(28회), '비행'(26회), '개발'(22회), '영화제'(21회) 순으로 나타났습니다. 특히 '판매' 관련 이슈가 가장 두드러졌으며, 대표 헤드라인은 ""현대차그룹, 경찰버스 실내 온도 최대 7도 낮춘다…‘나노쿨링 필름’ 적용"" 입니다.",2026-09-02 09:09:33,성공,100,114,35,53.0
2026-09-02,데일리안,세계,20,미국(51); 이란(49); 금리(28); 대통령(27); 트럼프(24),"2026-09-02 데일리안(세계) 기사 20건 분석 결과, 상위 키워드는 '미국'(51회), '이란'(49회), '금리'(28회), '대통령'(27회), '트럼프'(24회) 순으로 나타났습니다. 특히 '미국' 관련 이슈가 가장 두드러졌으며, 대표 헤드라인은 ""美 “베네수엘라 석유판 뒤집혔다…중·러 영향력 걷어낼 기회”"" 입니다.",2026-09-02 09:09:52,성공,100,38,90,-40.6
2026-09-02,데일리안,IT과학,20,기술(90); 데이터(42); 투자(40); 기업(37); 활용(32),"2026-09-02 데일리안(IT과학) 기사 20건 분석 결과, 상위 키워드는 '기술'(90회), '데이터'(42회), '투자'(40회), '기업'(37회), '활용'(32회) 순으로 나타났습니다. 특히 '기술' 관련 이슈가 가장 두드러졌으며, 대표 헤드라인은 ""앤트로픽 선제 투자 배경은?…SKT 정재헌 ""AI 직접 다 만들 순 없으니"""" 입니다.",2026-09-02 09:10:11,성공,100,142,0,100.0
2026-09-02,아시아경제,주요뉴스,40,지원(55); 확대(31); 기업(29); 시장(26); 급여(26),"2026-09-02 아시아경제(주요뉴스) 기사 40건 분석 결과, 상위 키워드는 '지원'(55회), '확대'(31회), '기업'(29회), '시장'(26회), '급여'(26회) 순으로 나타났습니다. 특히 '지원' 관련 이슈가 가장 두드러졌으며, 대표 헤드라인은 """"한국서 한 달 일하고 평생 국민연금 받아 간다""…외국인 '먹튀' 논란 조사해 보니 '반전'"" 입니다.",2026-09-02 09:10:30,성공,100,245,45,69.0
2026-09-02,아시아경제,이슈,20,시장(25); 텐트(24); 급여(24); 부담(23); 기준(23),"2026-09-02 아시아경제(이슈) 기사 20건 분석 결과, 상위 키워드는 '시장'(25회), '텐트'(24회), '급여'(24회), '부담'(23회), '기준'(23회) 순으로 나타났습니다. 특히 '시장' 관련 이슈가 가장 두드러졌으며, 대표 헤드라인은 """"40억 건물 사면 월세로 먹고 살 줄 알았는데""…""매달 수백만원 적자"" 고백한 이해인"" 입니다.",2026-09-02 09:10:50,성공,100,161,57,47.7
2026-09-02,아시아경제,정치,20,대통령(44); 의원(29); 정부(29); 수사(27); 정책(23),"2026-09-02 아시아경제(정치) 기사 20건 분석 결과, 상위 키워드는 '대통령'(44회), '의원'(29회), '정부'(29회), '수사'(27회), '정책'(23회) 순으로 나타났습니다. 특히 '대통령' 관련 이슈가 가장 두드러졌으며, 대표 헤드라인은 ""볼턴 ""트럼프 북미회담 시 평양갈 것…목적은 홍보 효과"""" 입니다.",2026-09-02 09:11:09,성공,100,18,92,-67.3
2026-09-02,아시아경제,경제,20,대표(28); 사업(28); 브랜드(27); 금융(23); 확대(21),"2026-09-02 아시아경제(경제) 기사 20건 분석 결과, 상위 키워드는 '대표'(28회), '사업'(28회), '브랜드'(27회), '금융'(23회), '확대'(21회) 순으로 나타났습니다. 특히 '대표' 관련 이슈가 가장 두드러졌으며, 대표 헤드라인은 ""러 ""11월 APEC서 트럼프·시진핑·푸틴 3자회담 가능성"""" 입니다.",2026-09-02 09:11:28,성공,100,65,0,100.0
2026-09-02,아시아경제,사회,20,사업(29); 주택(23); 센터(23); 구역(22); 주민(22),"2026-09-02 아시아경제(사회) 기사 20건 분석 결과, 상위 키워드는 '사업'(29회), '주택'(23회), '센터'(23회), '구역'(22회), '주민'(22회) 순으로 나타났습니다. 특히 '사업' 관련 이슈가 가장 두드러졌으며, 대표 헤드라인은 ""용산구, 'Y-리더 장학생' 선발…초·중·고 지원액 인상"" 입니다.",2026-09-02 09:11:47,성공,100,51,14,56.9
2026-09-02,아시아경제,문화,20,배달(38); 현대차(28); 서울(28); 사업(27); 국내(24),"2026-09-02 아시아경제(문화) 기사 20건 분석 결과, 상위 키워드는 '배달'(38회), '현대차'(28회), '서울'(28회), '사업'(27회), '국내'(24회) 순으로 나타났습니다. 특히 '배달' 관련 이슈가 가장 두드러졌으며, 대표 헤드라인은 ""한글, 돌에 새겨 예술이 되다"" 입니다.",2026-09-02 09:12:06,성공,100,65,9,75.7
2026-09-02,아시아경제,세계,20,금리(61); 미국(61); 이란(37); 시장(34); 공격(30),"2026-09-02 아시아경제(세계) 기사 20건 분석 결과, 상위 키워드는 '금리'(61회), '미국'(61회), '이란'(37회), '시장'(34회), '공격'(30회) 순으로 나타났습니다. 특히 '금리' 관련 이슈가 가장 두드러졌으며, 대표 헤드라인은 """"평화롭게 수영하다 날벼락""…호수서 갑작스런 공격에 38바늘 꿰맨 美여성"" 입니다.",2026-09-02 09:12:26,성공,100,77,109,-17.2
2026-09-02,아시아경제,IT과학,20,기술(78); 개발(39); 투자(38); 예산(35); 점검(33),"2026-09-02 아시아경제(IT과학) 기사 20건 분석 결과, 상위 키워드는 '기술'(78회), '개발'(39회), '투자'(38회), '예산'(35회), '점검'(33회) 순으로 나타났습니다. 특히 '기술' 관련 이슈가 가장 두드러졌으며, 대표 헤드라인은 ""일레븐랩스, 매트릭스클라우드에 음성 AI 솔루션 공급"" 입니다.",2026-09-02 09:12:45,성공,100,216,0,100.0
2026-09-03,조선일보,주요뉴스,40,후보자(60); 미국(49); 관세(40); 금리(33); 한국(29),"2026-09-03 조선일보(주요뉴스) 기사 40건 분석 결과, 상위 키워드는 '후보자'(60회), '미국'(49회), '관세'(40회), '금리'(33회), '한국'(29회) 순으로 나타났습니다. 특히 '후보자' 관련 이슈가 가장 두드러졌으며, 대표 헤드라인은 ""김승원 “빨리 처리” 식약처장 “잘 챙기겠다”… 2주후 임상시험 승인"" 입니다.",2026-09-03 09:00:29,성공,100,40,43,-3.6
2026-09-03,조선일보,이슈,20,드론(40); 네팔(34); 공격(28); 노인(27); 후보자(27),"2026-09-03 조선일보(이슈) 기사 20건 분석 결과, 상위 키워드는 '드론'(40회), '네팔'(34회), '공격'(28회), '노인'(27회), '후보자'(27회) 순으로 나타났습니다. 특히 '드론' 관련 이슈가 가장 두드러졌으며, 대표 헤드라인은 ""회사 면접 따라온 부모 “우리 애한테 압박 질문 말아달라”"" 입니다.",2026-09-03 09:00:45,성공,100,17,28,-24.4
2026-09-03,조선일보,정치,20,후보자(117); 의원(72); 장관(61); 대표(52); 대통령(51),"2026-09-03 조선일보(정치) 기사 20건 분석 결과, 상위 키워드는 '후보자'(117회), '의원'(72회), '장관'(61회), '대표'(52회), '대통령'(51회) 순으로 나타났습니다. 특히 '후보자' 관련 이슈가 가장 두드러졌으며, 대표 헤드라인은 ""김민석, 용혜인 논란에 “국민의 여러 목소리 존중해야… 많은 우려 듣고 있다”"" 입니다.",2026-09-03 09:01:02,성공,100,28,130,-64.6
2026-09-03,조선일보,경제,20,대출(57); 정부(51); 미국(49); 은행(45); 관세(39),"2026-09-03 조선일보(경제) 기사 20건 분석 결과, 상위 키워드는 '대출'(57회), '정부'(51회), '미국'(49회), '은행'(45회), '관세'(39회) 순으로 나타났습니다. 특히 '대출' 관련 이슈가 가장 두드러졌으며, 대표 헤드라인은 ""원래는 반대로 움직이는데… 高유가·긴축 재연에 주식·채권 동반 추락"" 입니다.",2026-09-03 09:01:19,성공,100,114,53,36.5
2026-09-03,조선일보,사회,20,연금(66); 기초(49); 수사(49); 노인(47); 소득(44),"2026-09-03 조선일보(사회) 기사 20건 분석 결과, 상위 키워드는 '연금'(66회), '기초'(49회), '수사'(49회), '노인'(47회), '소득'(44회) 순으로 나타났습니다. 특히 '연금' 관련 이슈가 가장 두드러졌으며, 대표 헤드라인은 ""아파트 베란다 난간 교체하다... 18m 아래 추락해 2명 숨졌다"" 입니다.",2026-09-03 09:01:36,성공,100,25,155,-72.2
2026-09-03,조선일보,문화,20,한국(26); 건강(26); 혈압(23); 밀크(23); 영화(20),"2026-09-03 조선일보(문화) 기사 20건 분석 결과, 상위 키워드는 '한국'(26회), '건강'(26회), '혈압'(23회), '밀크'(23회), '영화'(20회) 순으로 나타났습니다. 특히 '한국' 관련 이슈가 가장 두드러졌으며, 대표 헤드라인은 ""조지 클루니, 베니스영화제 공로상 “월세 납부가 목표였는데 행복한 우연 이어져”"" 입니다.",2026-09-03 09:01:52,성공,100,21,15,16.7
2026-09-03,조선일보,세계,20,그리스(49); 드론(46); 네팔(40); 미국(40); 튀르키예(35),"2026-09-03 조선일보(세계) 기사 20건 분석 결과, 상위 키워드는 '그리스'(49회), '드론'(46회), '네팔'(40회), '미국'(40회), '튀르키예'(35회) 순으로 나타났습니다. 특히 '그리스' 관련 이슈가 가장 두드러졌으며, 대표 헤드라인은 ""‘5년 면허정지’ 타이거 우즈, 골프 카트는 몰 수 있나… 주지사까지 참전"" 입니다.",2026-09-03 09:02:11,성공,100,54,63,-7.7
2026-09-03,조선일보,IT과학,20,데이터(51); 기술(42); 게임(32); 기업(26); 요금(23),"2026-09-03 조선일보(IT과학) 기사 20건 분석 결과, 상위 키워드는 '데이터'(51회), '기술'(42회), '게임'(32회), '기업'(26회), '요금'(23회) 순으로 나타났습니다. 특히 '데이터' 관련 이슈가 가장 두드러졌으며, 대표 헤드라인은 ""무제한이라더니 사진도 안 열려… 통신 3사 ‘생색내기’ 통합 요금제 논란"" 입니다.",2026-09-03 09:02:27,성공,100,58,20,48.7
2026-09-03,문화일보,주요뉴스,40,민주당(20); 수색(19); 의원(19); 조사(17); 방송(17),"2026-09-03 문화일보(주요뉴스) 기사 40건 분석 결과, 상위 키워드는 '민주당'(20회), '수색'(19회), '의원'(19회), '조사'(17회), '방송'(17회) 순으로 나타났습니다. 특히 '민주당' 관련 이슈가 가장 두드러졌으며, 대표 헤드라인은 ""[속보]대통령지지34.7%…민주40.5%·국힘40.1%-코리아정보리서치"" 입니다.",2026-09-03 09:02:45,성공,100,18,59,-53.2
2026-09-03,문화일보,이슈,20,주장(20); 폐기물(20); 수색(19); 조사(18); 평가(16),"2026-09-03 문화일보(이슈) 기사 20건 분석 결과, 상위 키워드는 '주장'(20회), '폐기물'(20회), '수색'(19회), '조사'(18회), '평가'(16회) 순으로 나타났습니다. 특히 '주장' 관련 이슈가 가장 두드러졌으며, 대표 헤드라인은 ""[속보]대통령지지34.7%…민주40.5%·국힘40.1%-코리아정보리서치"" 입니다.",2026-09-03 09:03:02,성공,100,12,83,-74.7
2026-09-03,문화일보,정치,20,의원(43); 대통령(37); 반도체(26); 주장(26); 국방(25),"2026-09-03 문화일보(정치) 기사 20건 분석 결과, 상위 키워드는 '의원'(43회), '대통령'(37회), '반도체'(26회), '주장'(26회), '국방'(25회) 순으로 나타났습니다. 특히 '의원' 관련 이슈가 가장 두드러졌으며, 대표 헤드라인은 ""방사청, 국방반도체 기술 자립 위해 ‘산·학·연’ 과 100대 국방반도체 핵심과제 만든다"" 입니다.",2026-09-03 09:03:19,성공,100,20,86,-62.3
2026-09-03,문화일보,경제,20,아버지(35); 해양(27); 보험(23); 투자(21); 물류(20),"2026-09-03 문화일보(경제) 기사 20건 분석 결과, 상위 키워드는 '아버지'(35회), '해양'(27회), '보험'(23회), '투자'(21회), '물류'(20회) 순으로 나타났습니다. 특히 '아버지' 관련 이슈가 가장 두드러졌으며, 대표 헤드라인은 ""국립해양박물관 ‘18m 미디어월’ 눈길... 해진공과 미디어아트 협업"" 입니다.",2026-09-03 09:03:37,성공,100,85,42,33.9
2026-09-03,문화일보,사회,20,지원(31); 교육(29); 주민(27); 연계(27); 지역(26),"2026-09-03 문화일보(사회) 기사 20건 분석 결과, 상위 키워드는 '지원'(31회), '교육'(29회), '주민'(27회), '연계'(27회), '지역'(26회) 순으로 나타났습니다. 특히 '지원' 관련 이슈가 가장 두드러졌으며, 대표 헤드라인은 ""우박·강풍에 안동·예천 사과 피해…경북도, 낙과 300t 긴급 수매"" 입니다.",2026-09-03 09:03:54,성공,100,121,32,58.2
2026-09-03,문화일보,문화,20,감독(43); 지커(28); 영화제(27); 영화(23); 차량(22),"2026-09-03 문화일보(문화) 기사 20건 분석 결과, 상위 키워드는 '감독'(43회), '지커'(28회), '영화제'(27회), '영화'(23회), '차량'(22회) 순으로 나타났습니다. 특히 '감독' 관련 이슈가 가장 두드러졌으며, 대표 헤드라인은 ""AI가 내 일자리 빼앗을까…“직업보다 일의 내용이 바뀐다”"" 입니다.",2026-09-03 09:04:12,성공,100,89,0,100.0
2026-09-03,문화일보,세계,20,중국(48); 러시아(43); 이란(42); 미국(35); 공격(28),"2026-09-03 문화일보(세계) 기사 20건 분석 결과, 상위 키워드는 '중국'(48회), '러시아'(43회), '이란'(42회), '미국'(35회), '공격'(28회) 순으로 나타났습니다. 특히 '중국' 관련 이슈가 가장 두드러졌으며, 대표 헤드라인은 ""“최첨단 기술과 유대광야 자원 만나 탄생”...이스라엘 뷰티, K-뷰티와 협력 모색한다"" 입니다.",2026-09-03 09:04:29,성공,100,51,52,-1.0
2026-09-03,문화일보,IT과학,20,기술(51); 반도체(48); 투자(30); 기업(30); 장비(25),"2026-09-03 문화일보(IT과학) 기사 20건 분석 결과, 상위 키워드는 '기술'(51회), '반도체'(48회), '투자'(30회), '기업'(30회), '장비'(25회) 순으로 나타났습니다. 특히 '기술' 관련 이슈가 가장 두드러졌으며, 대표 헤드라인은 ""독일 IFA 서 삼성 ‘AI리빙’ 소개"" 입니다.",2026-09-03 09:04:46,성공,100,95,24,59.7
2026-09-03,매일신문,주요뉴스,40,교육(31); 경찰(28); 조사(25); 지방(24); 재정(23),"2026-09-03 매일신문(주요뉴스) 기사 40건 분석 결과, 상위 키워드는 '교육'(31회), '경찰'(28회), '조사'(25회), '지방'(24회), '재정'(23회) 순으로 나타났습니다. 특히 '교육' 관련 이슈가 가장 두드러졌으며, 대표 헤드라인은 """"일자리 확대"" 국회서 나체 시위…70대 노조위원장 입건"" 입니다.",2026-09-03 09:05:03,성공,100,29,113,-59.2
2026-09-03,매일신문,이슈,20,경찰(25); 마을(23); 조회(20); 조사(20); 반도체(18),"2026-09-03 매일신문(이슈) 기사 20건 분석 결과, 상위 키워드는 '경찰'(25회), '마을'(23회), '조회'(20회), '조사'(20회), '반도체'(18회) 순으로 나타났습니다. 특히 '경찰' 관련 이슈가 가장 두드러졌으며, 대표 헤드라인은 ""13시간 동안 또래 여중생 집단폭행…중학생들 결국 무더기 송치조회수5,414"" 입니다.",2026-09-03 09:05:20,성공,100,36,85,-40.5
2026-09-03,매일신문,정치,20,후보자(82); 의원(59); 장관(47); 대통령(46); 정부(32),"2026-09-03 매일신문(정치) 기사 20건 분석 결과, 상위 키워드는 '후보자'(82회), '의원'(59회), '장관'(47회), '대통령'(46회), '정부'(32회) 순으로 나타났습니다. 특히 '후보자' 관련 이슈가 가장 두드러졌으며, 대표 헤드라인은 ""안철수 ""李대통령, 용혜인 겸직 알고도 지명했다면 공범…몰랐다면 무능"""" 입니다.",2026-09-03 09:05:38,성공,100,30,69,-39.4
2026-09-03,매일신문,경제,20,산업(62); 지역(57); 급여(49); 회생(48); 기관(47),"2026-09-03 매일신문(경제) 기사 20건 분석 결과, 상위 키워드는 '산업'(62회), '지역'(57회), '급여'(49회), '회생'(48회), '기관'(47회) 순으로 나타났습니다. 특히 '산업' 관련 이슈가 가장 두드러졌으며, 대표 헤드라인은 ""2차 공공기관 이전 '대구가 최적지'…산업 맞춤형 34개 기관 유치전"" 입니다.",2026-09-03 09:05:55,성공,100,139,57,41.8
2026-09-03,매일신문,사회,20,경찰(29); 조사(24); 로봇(21); 지원(21); 산업(19),"2026-09-03 매일신문(사회) 기사 20건 분석 결과, 상위 키워드는 '경찰'(29회), '조사'(24회), '로봇'(21회), '지원'(21회), '산업'(19회) 순으로 나타났습니다. 특히 '경찰' 관련 이슈가 가장 두드러졌으며, 대표 헤드라인은 """"일자리 확대"" 국회서 나체 시위…70대 노조위원장 입건"" 입니다.",2026-09-03 09:06:13,성공,100,70,87,-10.8
2026-09-03,매일신문,문화,20,서울(43); 운동(32); 대구(28); 문화(28); 등반(27),"2026-09-03 매일신문(문화) 기사 20건 분석 결과, 상위 키워드는 '서울'(43회), '운동'(32회), '대구'(28회), '문화'(28회), '등반'(27회) 순으로 나타났습니다. 특히 '서울' 관련 이슈가 가장 두드러졌으며, 대표 헤드라인은 ""고흐의 편지부터 드뷔시 선율까지…음악극 '파리에서 온 편지', 18일 공연"" 입니다.",2026-09-03 09:06:31,성공,100,60,0,100.0
2026-09-03,매일신문,세계,20,네팔(73); 수색(55); 미국(39); 홍수(39); 현지(39),"2026-09-03 매일신문(세계) 기사 20건 분석 결과, 상위 키워드는 '네팔'(73회), '수색'(55회), '미국'(39회), '홍수'(39회), '현지'(39회) 순으로 나타났습니다. 특히 '네팔' 관련 이슈가 가장 두드러졌으며, 대표 헤드라인은 ""美 상무장관 ""반도체 관세 마련 중…미국서 안 만들면 비용 지불해야"""" 입니다.",2026-09-03 09:06:48,성공,100,41,41,0.0
2026-09-03,매일신문,IT과학,20,기업(72); 로봇(67); 생산(45); 산업(43); 부품(37),"2026-09-03 매일신문(IT과학) 기사 20건 분석 결과, 상위 키워드는 '기업'(72회), '로봇'(67회), '생산'(45회), '산업'(43회), '부품'(37회) 순으로 나타났습니다. 특히 '기업' 관련 이슈가 가장 두드러졌으며, 대표 헤드라인은 ""'현대차 독점' 프리미엄 버스값 1년새 7천만원 폭등…운수업계 ""차값·차령 완화돼야"""" 입니다.",2026-09-03 09:07:05,성공,100,139,9,87.8
2026-09-03,데일리안,주요뉴스,40,후보자(94); 장관(42); 의원(42); 청문회(33); 대표(31),"2026-09-03 데일리안(주요뉴스) 기사 40건 분석 결과, 상위 키워드는 '후보자'(94회), '장관'(42회), '의원'(42회), '청문회'(33회), '대표'(31회) 순으로 나타났습니다. 특히 '후보자' 관련 이슈가 가장 두드러졌으며, 대표 헤드라인은 ""'2030' 공정성 건든 용혜인…국민의힘, 龍 '특혜 사태'로 청년 표심 흡수할까?"" 입니다.",2026-09-03 09:07:23,성공,100,65,116,-28.2
2026-09-03,데일리안,이슈,20,후보자(57); 민주당(46); 대표(45); 의원(34); 청년(32),"2026-09-03 데일리안(이슈) 기사 20건 분석 결과, 상위 키워드는 '후보자'(57회), '민주당'(46회), '대표'(45회), '의원'(34회), '청년'(32회) 순으로 나타났습니다. 특히 '후보자' 관련 이슈가 가장 두드러졌으며, 대표 헤드라인은 ""저점인 줄 알았는데…바이오 유증에 개미 '비명'"" 입니다.",2026-09-03 09:07:41,성공,100,91,119,-13.3
2026-09-03,데일리안,정치,20,후보자(128); 의원(72); 대통령(62); 대표(62); 민주당(53),"2026-09-03 데일리안(정치) 기사 20건 분석 결과, 상위 키워드는 '후보자'(128회), '의원'(72회), '대통령'(62회), '대표'(62회), '민주당'(53회) 순으로 나타났습니다. 특히 '후보자' 관련 이슈가 가장 두드러졌으며, 대표 헤드라인은 ""용혜인 극찬했던 유시민 ""젊은 정치인 중 제일 좋아해"""" 입니다.",2026-09-03 09:07:58,성공,100,56,177,-51.9
2026-09-03,데일리안,경제,20,시장(54); 주주(36); 가격(35); 금리(32); 업체(30),"2026-09-03 데일리안(경제) 기사 20건 분석 결과, 상위 키워드는 '시장'(54회), '주주'(36회), '가격'(35회), '금리'(32회), '업체'(30회) 순으로 나타났습니다. 특히 '시장' 관련 이슈가 가장 두드러졌으며, 대표 헤드라인은 ""한화오션, 양밍해운서 LNG 컨테이너선 6척 수주…1조5500억 규모"" 입니다.",2026-09-03 09:08:16,성공,100,175,34,67.5
2026-09-03,데일리안,사회,20,지역(40); 제청(33); 헌법(29); 대통령(28); 지원(20),"2026-09-03 데일리안(사회) 기사 20건 분석 결과, 상위 키워드는 '지역'(40회), '제청'(33회), '헌법'(29회), '대통령'(28회), '지원'(20회) 순으로 나타났습니다. 특히 '지역' 관련 이슈가 가장 두드러졌으며, 대표 헤드라인은 ""밤샘 수색에도…침몰한 부산 예인선 실종자 6명 못 찾았다"" 입니다.",2026-09-03 09:08:33,성공,100,65,28,39.8
2026-09-03,데일리안,문화,20,금융(27); 수학(23); 데일리안(22); 인간(21); 연극(18),"2026-09-03 데일리안(문화) 기사 20건 분석 결과, 상위 키워드는 '금융'(27회), '수학'(23회), '데일리안'(22회), '인간'(21회), '연극'(18회) 순으로 나타났습니다. 특히 '금융' 관련 이슈가 가장 두드러졌으며, 대표 헤드라인은 ""'최대 40㎜' 충청 이남 소나기·낮 최고 33도…일상 복귀, 여름 휴가 후유증 극복하는 법 [오늘 날씨]"" 입니다.",2026-09-03 09:08:50,성공,100,17,0,100.0
2026-09-03,데일리안,세계,20,미국(65); 트럼프(53); 대통령(38); 시간(26); 공격(20),"2026-09-03 데일리안(세계) 기사 20건 분석 결과, 상위 키워드는 '미국'(65회), '트럼프'(53회), '대통령'(38회), '시간'(26회), '공격'(20회) 순으로 나타났습니다. 특히 '미국' 관련 이슈가 가장 두드러졌으며, 대표 헤드라인은 ""'대홍수 피해' 네팔, 관광객 붙잡기 총력…“여행 취소 말아달라”"" 입니다.",2026-09-03 09:09:07,성공,100,35,61,-27.1
2026-09-03,데일리안,IT과학,20,서비스(39); 센터(35); 지원(35); 데이터(34); 연구(32),"2026-09-03 데일리안(IT과학) 기사 20건 분석 결과, 상위 키워드는 '서비스'(39회), '센터'(35회), '지원'(35회), '데이터'(34회), '연구'(32회) 순으로 나타났습니다. 특히 '서비스' 관련 이슈가 가장 두드러졌으며, 대표 헤드라인은 ""LG유플러스, 다문화가족·1인가구 AI 교육 전국으로 넓힌다"" 입니다.",2026-09-03 09:09:24,성공,100,115,49,40.2
2026-09-03,아시아경제,주요뉴스,40,우유(44); 매출(43); 주택(43); 사업(41); 시장(39),"2026-09-03 아시아경제(주요뉴스) 기사 40건 분석 결과, 상위 키워드는 '우유'(44회), '매출'(43회), '주택'(43회), '사업'(41회), '시장'(39회) 순으로 나타났습니다. 특히 '우유' 관련 이슈가 가장 두드러졌으며, 대표 헤드라인은 """"분명 똑같은 종목 담았는데…"" ETF 수익률 25%P 차이 왜 났을까[재테크 풍향계]"" 입니다.",2026-09-03 09:09:42,성공,100,154,77,33.3
2026-09-03,아시아경제,이슈,20,매출(38); 증가(31); 기업(28); 금리(26); 사업(25),"2026-09-03 아시아경제(이슈) 기사 20건 분석 결과, 상위 키워드는 '매출'(38회), '증가'(31회), '기업'(28회), '금리'(26회), '사업'(25회) 순으로 나타났습니다. 특히 '매출' 관련 이슈가 가장 두드러졌으며, 대표 헤드라인은 """"60초 연기 하고 5200만 원""…배우들 밥그릇 뺏은 드라마 주인공의 정체"" 입니다.",2026-09-03 09:10:01,성공,100,124,40,51.2
2026-09-03,아시아경제,정치,20,후보자(73); 장관(61); 대표(60); 의원(60); 대통령(47),"2026-09-03 아시아경제(정치) 기사 20건 분석 결과, 상위 키워드는 '후보자'(73회), '장관'(61회), '대표'(60회), '의원'(60회), '대통령'(47회) 순으로 나타났습니다. 특히 '후보자' 관련 이슈가 가장 두드러졌으며, 대표 헤드라인은 ""김민석 ""용혜인 논란, 깊이 생각…국민 판단 존중해야"""" 입니다.",2026-09-03 09:10:17,성공,100,49,42,7.7
2026-09-03,아시아경제,경제,20,투자(35); 미국(32); 기업(30); 운용(28); 관세(28),"2026-09-03 아시아경제(경제) 기사 20건 분석 결과, 상위 키워드는 '투자'(35회), '미국'(32회), '기업'(30회), '운용'(28회), '관세'(28회) 순으로 나타났습니다. 특히 '투자' 관련 이슈가 가장 두드러졌으며, 대표 헤드라인은 ""미래에셋운용, 대학기금 자산운용 고도화 위한 업무협약 체결"" 입니다.",2026-09-03 09:10:34,성공,100,157,0,100.0
2026-09-03,아시아경제,사회,20,여성(44); 센터(35); 지역(34); 관리(32); 사업(31),"2026-09-03 아시아경제(사회) 기사 20건 분석 결과, 상위 키워드는 '여성'(44회), '센터'(35회), '지역'(34회), '관리'(32회), '사업'(31회) 순으로 나타났습니다. 특히 '여성' 관련 이슈가 가장 두드러졌으며, 대표 헤드라인은 ""제조업 일자리 매달 1만 개 증발…주 40시간제로 되돌아가자는 독일"" 입니다.",2026-09-03 09:10:52,성공,100,75,69,4.2
2026-09-03,아시아경제,문화,20,서울(49); 문화(46); 프리즈(40); 시장(35); 작품(34),"2026-09-03 아시아경제(문화) 기사 20건 분석 결과, 상위 키워드는 '서울'(49회), '문화'(46회), '프리즈'(40회), '시장'(35회), '작품'(34회) 순으로 나타났습니다. 특히 '서울' 관련 이슈가 가장 두드러졌으며, 대표 헤드라인은 ""박진영 美 출장 두고 국회 '주의'…지원단 ""규정 위반 없어"""" 입니다.",2026-09-03 09:11:09,성공,100,58,0,100.0
2026-09-03,아시아경제,세계,20,금리(48); 미국(45); 상승(37); 시장(35); 국채(28),"2026-09-03 아시아경제(세계) 기사 20건 분석 결과, 상위 키워드는 '금리'(48회), '미국'(45회), '상승'(37회), '시장'(35회), '국채'(28회) 순으로 나타났습니다. 특히 '금리' 관련 이슈가 가장 두드러졌으며, 대표 헤드라인은 """"학교에선 AI 쓰지마""…美 '최대 학군' 뉴욕시, 초중생에 'AI 금지령'"" 입니다.",2026-09-03 09:11:27,성공,100,153,59,44.3
2026-09-03,아시아경제,IT과학,20,카카오(39); 게임(34); 서비스(27); 배우(24); 데이터(23),"2026-09-03 아시아경제(IT과학) 기사 20건 분석 결과, 상위 키워드는 '카카오'(39회), '게임'(34회), '서비스'(27회), '배우'(24회), '데이터'(23회) 순으로 나타났습니다. 특히 '카카오' 관련 이슈가 가장 두드러졌으며, 대표 헤드라인은 ""[속보]정부 '사이버 보안 특화 AI 파운데이션 모델' 네이버 클라우드 선정"" 입니다.",2026-09-03 09:11:44,성공,100,72,15,65.5
2026-09-04,조선일보,주요뉴스,40,대통령(65); 정부(48); 파크(37); 지원(33); 후보자(33),"2026-09-04 조선일보(주요뉴스) 기사 40건 분석 결과, 상위 키워드는 '대통령'(65회), '정부'(48회), '파크'(37회), '지원'(33회), '후보자'(33회) 순으로 나타났습니다. 특히 '대통령' 관련 이슈가 가장 두드러졌으며, 대표 헤드라인은 ""술·밥·레저까지… 의원·브로커·영장판사의 ‘수상한 커넥션’"" 입니다.",2026-09-04 09:00:26,성공,100,109,31,55.7
2026-09-04,조선일보,이슈,20,대통령(47); 후보자(39); 이란(30); 지원(29); 파병(29),"2026-09-04 조선일보(이슈) 기사 20건 분석 결과, 상위 키워드는 '대통령'(47회), '후보자'(39회), '이란'(30회), '지원'(29회), '파병'(29회) 순으로 나타났습니다. 특히 '대통령' 관련 이슈가 가장 두드러졌으며, 대표 헤드라인은 ""네팔 대홍수 일주일 전… 위성 사진에 빙하 붕괴 징후 찍혔다"" 입니다.",2026-09-04 09:00:41,성공,100,41,94,-39.3
2026-09-04,조선일보,정치,20,후보자(83); 대통령(71); 정부(40); 장관(35); 지원(31),"2026-09-04 조선일보(정치) 기사 20건 분석 결과, 상위 키워드는 '후보자'(83회), '대통령'(71회), '정부'(40회), '장관'(35회), '지원'(31회) 순으로 나타났습니다. 특히 '후보자' 관련 이슈가 가장 두드러졌으며, 대표 헤드라인은 ""호르무즈에 군수지원함 파병 준비"" 입니다.",2026-09-04 09:00:56,성공,100,50,83,-24.8
2026-09-04,조선일보,경제,20,금리(49); 대출(43); 기관(42); 투자(35); 한국(30),"2026-09-04 조선일보(경제) 기사 20건 분석 결과, 상위 키워드는 '금리'(49회), '대출'(43회), '기관'(42회), '투자'(35회), '한국'(30회) 순으로 나타났습니다. 특히 '금리' 관련 이슈가 가장 두드러졌으며, 대표 헤드라인은 ""받을 수 있는 이자는 20%에 묶였는데 조달비용은 뛴다…‘마지막 급전 창구’ 대부업마저 대출 문턱 높아져"" 입니다.",2026-09-04 09:01:11,성공,100,150,48,51.5
2026-09-04,조선일보,사회,20,파크(37); 교섭(25); 경찰(24); 서울(23); 사건(22),"2026-09-04 조선일보(사회) 기사 20건 분석 결과, 상위 키워드는 '파크'(37회), '교섭'(25회), '경찰'(24회), '서울'(23회), '사건'(22회) 순으로 나타났습니다. 특히 '파크' 관련 이슈가 가장 두드러졌으며, 대표 헤드라인은 ""[속보] 김승원 법무장관 후보자, 음주운전 전과 “깊이 사과”"" 입니다.",2026-09-04 09:01:27,성공,100,28,32,-6.7
2026-09-04,조선일보,문화,20,영국(24); 감독(24); 국호(19); 아이(19); 음악(18),"2026-09-04 조선일보(문화) 기사 20건 분석 결과, 상위 키워드는 '영국'(24회), '감독'(24회), '국호'(19회), '아이'(19회), '음악'(18회) 순으로 나타났습니다. 특히 '영국' 관련 이슈가 가장 두드러졌으며, 대표 헤드라인은 ""[단독] 기초 예술 살리자며 시작한 ‘청년문화예술패스’… 결제 1위가 ‘왕사남’?"" 입니다.",2026-09-04 09:01:43,성공,100,65,0,100.0
2026-09-04,조선일보,세계,20,미국(55); 트럼프(53); 대통령(33); 공격(33); 이란(28),"2026-09-04 조선일보(세계) 기사 20건 분석 결과, 상위 키워드는 '미국'(55회), '트럼프'(53회), '대통령'(33회), '공격'(33회), '이란'(28회) 순으로 나타났습니다. 특히 '미국' 관련 이슈가 가장 두드러졌으며, 대표 헤드라인은 ""한미 소통 도운 트럼프 백악관 참모… 쿠팡 자문한 회사로 이직"" 입니다.",2026-09-04 09:01:59,성공,100,26,8,52.9
2026-09-04,조선일보,IT과학,20,티빙(41); 정보(40); 서비스(39); 유출(33); 기술(33),"2026-09-04 조선일보(IT과학) 기사 20건 분석 결과, 상위 키워드는 '티빙'(41회), '정보'(40회), '서비스'(39회), '유출'(33회), '기술'(33회) 순으로 나타났습니다. 특히 '티빙' 관련 이슈가 가장 두드러졌으며, 대표 헤드라인은 ""美 챗GPT·클로드 일제히 장애… AI 서비스 동시 먹통"" 입니다.",2026-09-04 09:02:16,성공,100,28,100,-56.2
2026-09-04,문화일보,주요뉴스,40,금리(37); 대표(32); 위원장(29); 상승(24); 지명자(23),"2026-09-04 문화일보(주요뉴스) 기사 40건 분석 결과, 상위 키워드는 '금리'(37회), '대표'(32회), '위원장'(29회), '상승'(24회), '지명자'(23회) 순으로 나타났습니다. 특히 '금리' 관련 이슈가 가장 두드러졌으며, 대표 헤드라인은 ""김근식“용혜인, 의원도 잃고 장관도 낙마 가능성”"" 입니다.",2026-09-04 09:02:32,성공,100,31,53,-26.2
2026-09-04,문화일보,이슈,20,경찰(25); 대표(22); 서울(19); 평가(18); 민주당(17),"2026-09-04 문화일보(이슈) 기사 20건 분석 결과, 상위 키워드는 '경찰'(25회), '대표'(22회), '서울'(19회), '평가'(18회), '민주당'(17회) 순으로 나타났습니다. 특히 '경찰' 관련 이슈가 가장 두드러졌으며, 대표 헤드라인은 ""[속보]지하철 2호선서 女 뒤에 딱붙어…SNS 달군 50대男 체포"" 입니다.",2026-09-04 09:02:49,성공,100,22,44,-33.3
2026-09-04,문화일보,정치,20,지명자(37); 대통령(25); 국민(22); 의원(22); 부정(21),"2026-09-04 문화일보(정치) 기사 20건 분석 결과, 상위 키워드는 '지명자'(37회), '대통령'(25회), '국민'(22회), '의원'(22회), '부정'(21회) 순으로 나타났습니다. 특히 '지명자' 관련 이슈가 가장 두드러졌으며, 대표 헤드라인은 ""“대통령이 음주운전 전과자라 김승원도 된다?” 한동훈의 말"" 입니다.",2026-09-04 09:03:04,성공,100,14,25,-28.2
2026-09-04,문화일보,경제,20,수출(38); 상승(36); 금리(30); 기업(27); 서울(22),"2026-09-04 문화일보(경제) 기사 20건 분석 결과, 상위 키워드는 '수출'(38회), '상승'(36회), '금리'(30회), '기업'(27회), '서울'(22회) 순으로 나타났습니다. 특히 '수출' 관련 이슈가 가장 두드러졌으며, 대표 헤드라인은 ""한투증권 “9월 코스피 삼중고”…6200∼7400 등락 전망"" 입니다.",2026-09-04 09:03:20,성공,100,89,21,61.8
2026-09-04,문화일보,사회,20,사업(44); 문화(38); 지역(33); 서울(24); 참여(22),"2026-09-04 문화일보(사회) 기사 20건 분석 결과, 상위 키워드는 '사업'(44회), '문화'(38회), '지역'(33회), '서울'(24회), '참여'(22회) 순으로 나타났습니다. 특히 '사업' 관련 이슈가 가장 두드러졌으며, 대표 헤드라인은 ""“명절 선물, 어르신의 정성으로”… 인천시, 14~15일 노인일자리 생산품 판매전"" 입니다.",2026-09-04 09:03:37,성공,100,158,0,100.0
2026-09-04,문화일보,문화,20,이름(34); 축제(31); 단양(27); 스님(25); 총무원장(22),"2026-09-04 문화일보(문화) 기사 20건 분석 결과, 상위 키워드는 '이름'(34회), '축제'(31회), '단양'(27회), '스님'(25회), '총무원장'(22회) 순으로 나타났습니다. 특히 '이름' 관련 이슈가 가장 두드러졌으며, 대표 헤드라인은 ""‘출간 동시에 베스트셀러?’…25살 신인작가 1위 오른 사연"" 입니다.",2026-09-04 09:03:52,성공,100,48,0,100.0
2026-09-04,문화일보,세계,20,미국(51); 대통령(42); 트럼프(40); 이란(32); 공격(23),"2026-09-04 문화일보(세계) 기사 20건 분석 결과, 상위 키워드는 '미국'(51회), '대통령'(42회), '트럼프'(40회), '이란'(32회), '공격'(23회) 순으로 나타났습니다. 특히 '미국' 관련 이슈가 가장 두드러졌으며, 대표 헤드라인은 ""네팔 대홍수 버틴 ‘기적의 초록집’…집주인이 밝힌 비결은 “건축 자재 두세겹 덧대어 지어 기초 탄탄히 했다”"" 입니다.",2026-09-04 09:04:08,성공,100,6,26,-62.5
2026-09-04,문화일보,IT과학,20,반도체(48); 기술(42); 투자(26); 기업(26); 세포(24),"2026-09-04 문화일보(IT과학) 기사 20건 분석 결과, 상위 키워드는 '반도체'(48회), '기술'(42회), '투자'(26회), '기업'(26회), '세포'(24회) 순으로 나타났습니다. 특히 '반도체' 관련 이슈가 가장 두드러졌으며, 대표 헤드라인은 ""막대한 부채 시달리는 한전… 반도체 전력망 구축 빨간불"" 입니다.",2026-09-04 09:04:24,성공,100,79,24,53.4
2026-09-04,매일신문,주요뉴스,40,기관(67); 장관(52); 통합(48); 후보자(42); 정부(34),"2026-09-04 매일신문(주요뉴스) 기사 40건 분석 결과, 상위 키워드는 '기관'(67회), '장관'(52회), '통합'(48회), '후보자'(42회), '정부'(34회) 순으로 나타났습니다. 특히 '기관' 관련 이슈가 가장 두드러졌으며, 대표 헤드라인은 ""교사 때리고 머리채 잡은 초등학생…60대 교사는 기간제 채용 첫날부터 봉변"" 입니다.",2026-09-04 09:04:40,성공,100,36,52,-18.2
2026-09-04,매일신문,이슈,20,장관(32); 기관(30); 태풍(29); 정부(28); 대표(27),"2026-09-04 매일신문(이슈) 기사 20건 분석 결과, 상위 키워드는 '장관'(32회), '기관'(30회), '태풍'(29회), '정부'(28회), '대표'(27회) 순으로 나타났습니다. 특히 '장관' 관련 이슈가 가장 두드러졌으며, 대표 헤드라인은 """"용혜인 지명되자마자…"" 195% 뛰었던 '혜인' 3일 연속 급락조회수7,169"" 입니다.",2026-09-04 09:04:56,성공,100,61,36,25.8
2026-09-04,매일신문,정치,20,후보자(65); 장관(52); 대통령(43); 국민(33); 정부(28),"2026-09-04 매일신문(정치) 기사 20건 분석 결과, 상위 키워드는 '후보자'(65회), '장관'(52회), '대통령'(43회), '국민'(33회), '정부'(28회) 순으로 나타났습니다. 특히 '후보자' 관련 이슈가 가장 두드러졌으며, 대표 헤드라인은 ""음주운전의 왕국? 李대통령 포함 청와대·내각 전과자 5명, 김승원 합류 땐 6명 [시사뒷담]"" 입니다.",2026-09-04 09:05:12,성공,100,19,107,-69.8
2026-09-04,매일신문,경제,20,기관(77); 운영(35); 산업(34); 대구(31); 지역(29),"2026-09-04 매일신문(경제) 기사 20건 분석 결과, 상위 키워드는 '기관'(77회), '운영'(35회), '산업'(34회), '대구'(31회), '지역'(29회) 순으로 나타났습니다. 특히 '기관' 관련 이슈가 가장 두드러졌으며, 대표 헤드라인은 """"용혜인 지명되자마자…"" 195% 뛰었던 '혜인' 3일 연속 급락"" 입니다.",2026-09-04 09:05:27,성공,100,110,33,53.8
2026-09-04,매일신문,사회,20,경찰(32); 투자(24); 기관(21); 정원(19); 접종(19),"2026-09-04 매일신문(사회) 기사 20건 분석 결과, 상위 키워드는 '경찰'(32회), '투자'(24회), '기관'(21회), '정원'(19회), '접종'(19회) 순으로 나타났습니다. 특히 '경찰' 관련 이슈가 가장 두드러졌으며, 대표 헤드라인은 ""2호선서 여성만 노린 50대 체포…""나도 당했다"" 피해 제보 잇따라"" 입니다.",2026-09-04 09:05:44,성공,100,72,48,20.0
2026-09-04,매일신문,문화,20,서울(48); 공간(43); 작품(42); 대구(36); 작가(32),"2026-09-04 매일신문(문화) 기사 20건 분석 결과, 상위 키워드는 '서울'(48회), '공간'(43회), '작품'(42회), '대구'(36회), '작가'(32회) 순으로 나타났습니다. 특히 '서울' 관련 이슈가 가장 두드러졌으며, 대표 헤드라인은 ""[최상대의 건축인문기행] 9·11 테러, 공간을 남긴 메모리얼"" 입니다.",2026-09-04 09:05:59,성공,100,95,16,71.2
2026-09-04,매일신문,세계,20,네팔(79); 미국(50); 수색(46); 지역(38); 현지(36),"2026-09-04 매일신문(세계) 기사 20건 분석 결과, 상위 키워드는 '네팔'(79회), '미국'(50회), '수색'(46회), '지역'(38회), '현지'(36회) 순으로 나타났습니다. 특히 '네팔' 관련 이슈가 가장 두드러졌으며, 대표 헤드라인은 """"네팔 여행 취소하지 마세요""…홍수 참사에도 관광객 붙잡는 이유"" 입니다.",2026-09-04 09:06:15,성공,100,26,62,-40.9
2026-09-04,매일신문,IT과학,20,기업(59); 로봇(48); 생산(44); 버스(35); 미국(32),"2026-09-04 매일신문(IT과학) 기사 20건 분석 결과, 상위 키워드는 '기업'(59회), '로봇'(48회), '생산'(44회), '버스'(35회), '미국'(32회) 순으로 나타났습니다. 특히 '기업' 관련 이슈가 가장 두드러졌으며, 대표 헤드라인은 ""대구정보보호지원센터, 생성형 AI 사이버 위협 대응 세미나 개최"" 입니다.",2026-09-04 09:06:32,성공,100,114,17,74.0
2026-09-04,데일리안,주요뉴스,40,후보자(118); 의원(58); 장관(54); 대통령(52); 민주당(46),"2026-09-04 데일리안(주요뉴스) 기사 40건 분석 결과, 상위 키워드는 '후보자'(118회), '의원'(58회), '장관'(54회), '대통령'(52회), '민주당'(46회) 순으로 나타났습니다. 특히 '후보자' 관련 이슈가 가장 두드러졌으며, 대표 헤드라인은 ""김승원 위해 용혜인 방어한다니…李대통령·민주당, 민심은 보나 [기자수첩-정치]"" 입니다.",2026-09-04 09:06:48,성공,100,53,155,-49.0
2026-09-04,데일리안,이슈,20,후보자(83); 대표(55); 민주당(43); 의원(41); 대통령(39),"2026-09-04 데일리안(이슈) 기사 20건 분석 결과, 상위 키워드는 '후보자'(83회), '대표'(55회), '민주당'(43회), '의원'(41회), '대통령'(39회) 순으로 나타났습니다. 특히 '후보자' 관련 이슈가 가장 두드러졌으며, 대표 헤드라인은 ""제2의 단일종목 레버리지?…T+1, 졸속 도입 우려"" 입니다.",2026-09-04 09:07:04,성공,100,47,113,-41.2
2026-09-04,데일리안,정치,20,후보자(111); 의원(61); 장관(52); 대표(52); 국민(49),"2026-09-04 데일리안(정치) 기사 20건 분석 결과, 상위 키워드는 '후보자'(111회), '의원'(61회), '장관'(52회), '대표'(52회), '국민'(49회) 순으로 나타났습니다. 특히 '후보자' 관련 이슈가 가장 두드러졌으며, 대표 헤드라인은 """"국고보조금은 기생충 정치"" 용혜인, 6년 뒤 정작 '내로남불'"" 입니다.",2026-09-04 09:07:19,성공,100,52,168,-52.7
2026-09-04,데일리안,경제,20,대출(54); 금융(45); 시장(44); 금리(36); 확대(32),"2026-09-04 데일리안(경제) 기사 20건 분석 결과, 상위 키워드는 '대출'(54회), '금융'(45회), '시장'(44회), '금리'(36회), '확대'(32회) 순으로 나타났습니다. 특히 '대출' 관련 이슈가 가장 두드러졌으며, 대표 헤드라인은 ""한화에어로스페이스, 협력사 AI 전환 돕는다…150여명 대상 실무교육"" 입니다.",2026-09-04 09:07:36,성공,100,124,53,40.1
2026-09-04,데일리안,사회,20,지원(33); 지역(23); 데일리안(21); 시장(21); 서울(20),"2026-09-04 데일리안(사회) 기사 20건 분석 결과, 상위 키워드는 '지원'(33회), '지역'(23회), '데일리안'(21회), '시장'(21회), '서울'(20회) 순으로 나타났습니다. 특히 '지원' 관련 이슈가 가장 두드러졌으며, 대표 헤드라인은 ""[속보] '中유학생 살해' 피의자 정창성, 사이코패스 기준 미달"" 입니다.",2026-09-04 09:07:52,성공,100,62,87,-16.8
2026-09-04,데일리안,문화,20,미국(30); 서울(29); 멕시코(28); 기온(26); 관세(24),"2026-09-04 데일리안(문화) 기사 20건 분석 결과, 상위 키워드는 '미국'(30회), '서울'(29회), '멕시코'(28회), '기온'(26회), '관세'(24회) 순으로 나타났습니다. 특히 '미국' 관련 이슈가 가장 두드러졌으며, 대표 헤드라인은 ""학전→한강, ‘둥지’ 떠나는 창작자들 [자본에 밀린 문화공간①]"" 입니다.",2026-09-04 09:08:08,성공,100,51,25,34.2
2026-09-04,데일리안,세계,20,미국(49); 트럼프(38); 독일(29); 대통령(29); 중국(21),"2026-09-04 데일리안(세계) 기사 20건 분석 결과, 상위 키워드는 '미국'(49회), '트럼프'(38회), '독일'(29회), '대통령'(29회), '중국'(21회) 순으로 나타났습니다. 특히 '미국' 관련 이슈가 가장 두드러졌으며, 대표 헤드라인은 ""마차도 “불법 정권이 석유 주인 행세…베네수엘라 국민의 것”"" 입니다.",2026-09-04 09:08:23,성공,100,54,68,-11.5
2026-09-04,데일리안,IT과학,20,정보(143); 티빙(120); 보안(84); 유출(76); 계정(66),"2026-09-04 데일리안(IT과학) 기사 20건 분석 결과, 상위 키워드는 '정보'(143회), '티빙'(120회), '보안'(84회), '유출'(76회), '계정'(66회) 순으로 나타났습니다. 특히 '정보' 관련 이슈가 가장 두드러졌으며, 대표 헤드라인은 """"100시간을 태워도 태초마을"" 정신없는 파이웰 대륙의 일상 [붉은사막 롱텀 리뷰②]"" 입니다.",2026-09-04 09:08:39,성공,100,118,130,-4.8
2026-09-04,아시아경제,주요뉴스,40,미국(24); 애플(21); 엘니뇨(20); 교수(20); 질환(19),"2026-09-04 아시아경제(주요뉴스) 기사 40건 분석 결과, 상위 키워드는 '미국'(24회), '애플'(21회), '엘니뇨'(20회), '교수'(20회), '질환'(19회) 순으로 나타났습니다. 특히 '미국' 관련 이슈가 가장 두드러졌으며, 대표 헤드라인은 """"패딩 덜 꺼내나, 비 자주 오고 따뜻한 한국 겨울?""…'역대 최강' 엘니뇨 온다"" 입니다.",2026-09-04 09:08:55,성공,100,66,19,55.3
2026-09-04,아시아경제,이슈,20,금리(58); 미국(36); 중국(32); 대통령(26); 정부(25),"2026-09-04 아시아경제(이슈) 기사 20건 분석 결과, 상위 키워드는 '금리'(58회), '미국'(36회), '중국'(32회), '대통령'(26회), '정부'(25회) 순으로 나타났습니다. 특히 '금리' 관련 이슈가 가장 두드러졌으며, 대표 헤드라인은 """"비행기서 잘못 내렸나? 여긴 한국""…유카타 입고 등장한 美 배우 논란"" 입니다.",2026-09-04 09:09:11,성공,100,35,74,-35.8
2026-09-04,아시아경제,정치,20,대통령(45); 정부(27); 위원장(26); 북한(20); 문화(18),"2026-09-04 아시아경제(정치) 기사 20건 분석 결과, 상위 키워드는 '대통령'(45회), '정부'(27회), '위원장'(26회), '북한'(20회), '문화'(18회) 순으로 나타났습니다. 특히 '대통령' 관련 이슈가 가장 두드러졌으며, 대표 헤드라인은 ""李대통령, 건설현장 노조 불법행위 지적에 ""일방적으로 노동자 편만 들지 않아"""" 입니다.",2026-09-04 09:09:26,성공,100,75,18,61.3
2026-09-04,아시아경제,경제,20,지방(25); 발행(25); 스테이블코인(24); 청년(24); 최대(19),"2026-09-04 아시아경제(경제) 기사 20건 분석 결과, 상위 키워드는 '지방'(25회), '발행'(25회), '스테이블코인'(24회), '청년'(24회), '최대'(19회) 순으로 나타났습니다. 특히 '지방' 관련 이슈가 가장 두드러졌으며, 대표 헤드라인은 ""한진, 독서 소외계층 아이들과 '따뜻한 목소리' 나눈다"" 입니다.",2026-09-04 09:09:43,성공,100,163,0,100.0
2026-09-04,아시아경제,사회,20,청년(51); 현장(39); 계약(30); 정책(29); 문화(27),"2026-09-04 아시아경제(사회) 기사 20건 분석 결과, 상위 키워드는 '청년'(51회), '현장'(39회), '계약'(30회), '정책'(29회), '문화'(27회) 순으로 나타났습니다. 특히 '청년' 관련 이슈가 가장 두드러졌으며, 대표 헤드라인은 ""“항공사 취업 궁금증 풀었다”… 에어부산, 부산서 미래 인재 만남"" 입니다.",2026-09-04 09:09:59,성공,100,165,15,83.3
2026-09-04,아시아경제,문화,20,서울(37); 중국(35); 영화(33); 영화제(31); 한국(30),"2026-09-04 아시아경제(문화) 기사 20건 분석 결과, 상위 키워드는 '서울'(37회), '중국'(35회), '영화'(33회), '영화제'(31회), '한국'(30회) 순으로 나타났습니다. 특히 '서울' 관련 이슈가 가장 두드러졌으며, 대표 헤드라인은 ""국가유산청 내년 예산안 1조6645억원…11.2%↑"" 입니다.",2026-09-04 09:10:15,성공,100,87,0,100.0
2026-09-04,아시아경제,세계,20,미국(72); 금리(41); 이란(32); 트럼프(30); 대통령(27),"2026-09-04 아시아경제(세계) 기사 20건 분석 결과, 상위 키워드는 '미국'(72회), '금리'(41회), '이란'(32회), '트럼프'(30회), '대통령'(27회) 순으로 나타났습니다. 특히 '미국' 관련 이슈가 가장 두드러졌으며, 대표 헤드라인은 ""'휴양 천국' 몰디브가 어쩌다…러시아 제재 물자 환승장 됐다"" 입니다.",2026-09-04 09:10:31,성공,100,28,37,-13.8
2026-09-04,아시아경제,IT과학,20,정보(131); 티빙(121); 유출(99); 계정(68); 보안(61),"2026-09-04 아시아경제(IT과학) 기사 20건 분석 결과, 상위 키워드는 '정보'(131회), '티빙'(121회), '유출'(99회), '계정'(68회), '보안'(61회) 순으로 나타났습니다. 특히 '정보' 관련 이슈가 가장 두드러졌으며, 대표 헤드라인은 ""[발언대]공동인증서 암호체계 전환, 지금이 아니면 늦는다"" 입니다.",2026-09-04 09:10:46,성공,100,105,162,-21.3
2026-09-05,조선일보,주요뉴스,40,미국(70); 야구(51); 트럼프(46); 대통령(42); 생산(41),"2026-09-05 조선일보(주요뉴스) 기사 40건 분석 결과, 상위 키워드는 '미국'(70회), '야구'(51회), '트럼프'(46회), '대통령'(42회), '생산'(41회) 순으로 나타났습니다. 특히 '미국' 관련 이슈가 가장 두드러졌으며, 대표 헤드라인은 ""‘공익 민원’이라던 김승원… “승인되는 순간 수천억”"" 입니다.",2026-09-05 09:00:27,성공,100,57,109,-31.3
2026-09-05,조선일보,이슈,20,미국(53); 대통령(41); 파병(35); 트럼프(33); 생산(30),"2026-09-05 조선일보(이슈) 기사 20건 분석 결과, 상위 키워드는 '미국'(53회), '대통령'(41회), '파병'(35회), '트럼프'(33회), '생산'(30회) 순으로 나타났습니다. 특히 '미국' 관련 이슈가 가장 두드러졌으며, 대표 헤드라인은 ""李 ‘연임 불출마 선언’ 요구에... “도둑질 안 하겠다 말하라는 격”"" 입니다.",2026-09-05 09:00:42,성공,100,49,9,69.0
2026-09-05,조선일보,정치,20,후보자(101); 대통령(62); 파병(54); 의원(46); 청와대(44),"2026-09-05 조선일보(정치) 기사 20건 분석 결과, 상위 키워드는 '후보자'(101회), '대통령'(62회), '파병'(54회), '의원'(46회), '청와대'(44회) 순으로 나타났습니다. 특히 '후보자' 관련 이슈가 가장 두드러졌으며, 대표 헤드라인은 ""靑, 호르무즈 파병 “다양한 옵션 검토”"" 입니다.",2026-09-05 09:00:57,성공,100,29,53,-29.3
2026-09-05,조선일보,경제,20,미국(87); 생산(43); 투자(38); 한국(38); 사업(34),"2026-09-05 조선일보(경제) 기사 20건 분석 결과, 상위 키워드는 '미국'(87회), '생산'(43회), '투자'(38회), '한국'(38회), '사업'(34회) 순으로 나타났습니다. 특히 '미국' 관련 이슈가 가장 두드러졌으며, 대표 헤드라인은 ""[산업X파일] ‘가짜 데이터센터’를 걸러내라, 고민에 빠진 세계 전력 당국"" 입니다.",2026-09-05 09:01:12,성공,100,114,28,60.6
2026-09-05,조선일보,사회,20,정신(33); 인턴(25); 수사(23); 실종(22); 병원(22),"2026-09-05 조선일보(사회) 기사 20건 분석 결과, 상위 키워드는 '정신'(33회), '인턴'(25회), '수사'(23회), '실종'(22회), '병원'(22회) 순으로 나타났습니다. 특히 '정신' 관련 이슈가 가장 두드러졌으며, 대표 헤드라인은 ""[단독] ‘고위험 성인 실종’ 117번 경고한 보고서, 경찰은 5년간 묵혔다"" 입니다.",2026-09-05 09:01:28,성공,100,29,122,-61.6
2026-09-05,조선일보,문화,20,감독(36); 저자(20); 세계(19); 축구(16); 수리(15),"2026-09-05 조선일보(문화) 기사 20건 분석 결과, 상위 키워드는 '감독'(36회), '저자'(20회), '세계'(19회), '축구'(16회), '수리'(15회) 순으로 나타났습니다. 특히 '감독' 관련 이슈가 가장 두드러졌으며, 대표 헤드라인은 ""봉은 맡기고, 박은 고른다… 두 감독의 ‘영화음악 공식’"" 입니다.",2026-09-05 09:01:43,성공,100,4,5,-11.1
2026-09-05,조선일보,세계,20,트럼프(57); 미국(31); 한국(30); 대통령(23); 세계(19),"2026-09-05 조선일보(세계) 기사 20건 분석 결과, 상위 키워드는 '트럼프'(57회), '미국'(31회), '한국'(30회), '대통령'(23회), '세계'(19회) 순으로 나타났습니다. 특히 '트럼프' 관련 이슈가 가장 두드러졌으며, 대표 헤드라인은 ""트럼프, 이란 상황에 “별 것 아닌 사소한 일… 군사적 충돌일 뿐”"" 입니다.",2026-09-05 09:01:58,성공,100,14,58,-61.1
2026-09-05,조선일보,IT과학,20,오픈(41); 모델(39); 서비스(31); 연구(31); 장애(30),"2026-09-05 조선일보(IT과학) 기사 20건 분석 결과, 상위 키워드는 '오픈'(41회), '모델'(39회), '서비스'(31회), '연구'(31회), '장애'(30회) 순으로 나타났습니다. 특히 '오픈' 관련 이슈가 가장 두드러졌으며, 대표 헤드라인은 ""‘극장’까지 넣은 AI 글라스… 얼굴에 쓰면 가상 대형 화면 펼쳐져"" 입니다.",2026-09-05 09:02:13,성공,100,11,22,-33.3
2026-09-05,문화일보,주요뉴스,40,노조(32); 경찰(30); 정보(26); 개인(22); 혐의(20),"2026-09-05 문화일보(주요뉴스) 기사 40건 분석 결과, 상위 키워드는 '노조'(32회), '경찰'(30회), '정보'(26회), '개인'(22회), '혐의'(20회) 순으로 나타났습니다. 특히 '노조' 관련 이슈가 가장 두드러졌으며, 대표 헤드라인은 ""주유소 실수로 휘발유 탱크에 경유 혼입…부산서 180대 피해"" 입니다.",2026-09-05 09:02:28,성공,100,37,79,-36.2
2026-09-05,문화일보,이슈,20,의원(29); 경찰(25); 여성(24); 남성(22); 정산(17),"2026-09-05 문화일보(이슈) 기사 20건 분석 결과, 상위 키워드는 '의원'(29회), '경찰'(25회), '여성'(24회), '남성'(22회), '정산'(17회) 순으로 나타났습니다. 특히 '의원' 관련 이슈가 가장 두드러졌으며, 대표 헤드라인은 ""코스피 1만2천 간다더니…골드만삭스 “향후 1년간 글로벌 증시 수익률 한 자릿수”"" 입니다.",2026-09-05 09:02:43,성공,100,33,47,-17.5
2026-09-05,문화일보,정치,20,의원(68); 후보자(39); 장관(27); 대표(23); 지명자(22),"2026-09-05 문화일보(정치) 기사 20건 분석 결과, 상위 키워드는 '의원'(68회), '후보자'(39회), '장관'(27회), '대표'(23회), '지명자'(22회) 순으로 나타났습니다. 특히 '의원' 관련 이슈가 가장 두드러졌으며, 대표 헤드라인은 ""무공수훈자회, 전국 산야 묻혀있던 국가유공자 영현 14위 서울현충원 합동봉안 및 안장식"" 입니다.",2026-09-05 09:02:58,성공,100,6,54,-80.0
2026-09-05,문화일보,경제,20,시장(30); 기업(29); 가격(25); 규제(24); 교수(23),"2026-09-05 문화일보(경제) 기사 20건 분석 결과, 상위 키워드는 '시장'(30회), '기업'(29회), '가격'(25회), '규제'(24회), '교수'(23회) 순으로 나타났습니다. 특히 '시장' 관련 이슈가 가장 두드러졌으며, 대표 헤드라인은 ""식품·외식업계가 게임·애니메이션 팬덤에 손짓하는 이유"" 입니다.",2026-09-05 09:03:13,성공,100,72,31,39.8
2026-09-05,문화일보,사회,20,경찰(34); 여성(27); 후보자(24); 혐의(23); 남성(23),"2026-09-05 문화일보(사회) 기사 20건 분석 결과, 상위 키워드는 '경찰'(34회), '여성'(27회), '후보자'(24회), '혐의'(23회), '남성'(23회) 순으로 나타났습니다. 특히 '경찰' 관련 이슈가 가장 두드러졌으며, 대표 헤드라인은 ""삼전 ‘노조 블랙리스트’ 초기업노조 위원장 등 6명, 검찰 송치"" 입니다.",2026-09-05 09:03:28,성공,100,27,115,-62.0
2026-09-05,문화일보,문화,20,메모(35); 저자(29); 국가(27); 축구(24); 명품(21),"2026-09-05 문화일보(문화) 기사 20건 분석 결과, 상위 키워드는 '메모'(35회), '저자'(29회), '국가'(27회), '축구'(24회), '명품'(21회) 순으로 나타났습니다. 특히 '메모' 관련 이슈가 가장 두드러졌으며, 대표 헤드라인은 ""배란기 여성 ‘로고 큰 명품’에 눈돌아가는 이유"" 입니다.",2026-09-05 09:03:43,성공,100,12,5,41.2
2026-09-05,문화일보,세계,20,미국(57); 네팔(25); 트럼프(24); 한국(22); 대통령(21),"2026-09-05 문화일보(세계) 기사 20건 분석 결과, 상위 키워드는 '미국'(57회), '네팔'(25회), '트럼프'(24회), '한국'(22회), '대통령'(21회) 순으로 나타났습니다. 특히 '미국' 관련 이슈가 가장 두드러졌으며, 대표 헤드라인은 ""‘AI 등산 가이드’ 믿은 대가…美 등산객 3명, 4000m 산에서 죽을 고비"" 입니다.",2026-09-05 09:03:58,성공,100,44,25,27.5
2026-09-05,문화일보,IT과학,20,반도체(48); 기술(41); 기업(32); 투자(26); 삼성전자(26),"2026-09-05 문화일보(IT과학) 기사 20건 분석 결과, 상위 키워드는 '반도체'(48회), '기술'(41회), '기업'(32회), '투자'(26회), '삼성전자'(26회) 순으로 나타났습니다. 특히 '반도체' 관련 이슈가 가장 두드러졌으며, 대표 헤드라인은 ""中로봇에 점령된 IFA… 932개社 ‘최대’ 물량공세"" 입니다.",2026-09-05 09:04:13,성공,100,70,20,55.6
2026-09-05,매일신문,주요뉴스,40,기관(65); 경찰(40); 통합(40); 후보자(36); 공공(28),"2026-09-05 매일신문(주요뉴스) 기사 40건 분석 결과, 상위 키워드는 '기관'(65회), '경찰'(40회), '통합'(40회), '후보자'(36회), '공공'(28회) 순으로 나타났습니다. 특히 '기관' 관련 이슈가 가장 두드러졌으며, 대표 헤드라인은 ""[속보] 자전거 탄 노인 들이받아 숨지게 하고 도주한 20대 외국인 유학생…긴급체포"" 입니다.",2026-09-05 09:04:28,성공,100,24,90,-57.9
2026-09-05,매일신문,이슈,20,후보자(49); 장관(34); 경찰(34); 조회(24); 정보(23),"2026-09-05 매일신문(이슈) 기사 20건 분석 결과, 상위 키워드는 '후보자'(49회), '장관'(34회), '경찰'(34회), '조회'(24회), '정보'(23회) 순으로 나타났습니다. 특히 '후보자' 관련 이슈가 가장 두드러졌으며, 대표 헤드라인은 ""용혜인 전과 4건 공개됐다…교통방해·집시법 위반으로 벌금형조회수4,339"" 입니다.",2026-09-05 09:04:44,성공,100,22,97,-63.0
2026-09-05,매일신문,정치,20,후보자(57); 대통령(53); 이재명(35); 장관(29); 조사(27),"2026-09-05 매일신문(정치) 기사 20건 분석 결과, 상위 키워드는 '후보자'(57회), '대통령'(53회), '이재명'(35회), '장관'(29회), '조사'(27회) 순으로 나타났습니다. 특히 '후보자' 관련 이슈가 가장 두드러졌으며, 대표 헤드라인은 """"다치면 느그 아들, 죽으면 누구세요?""…李 군 장병 상해보험 강조"" 입니다.",2026-09-05 09:04:59,성공,100,22,102,-64.5
2026-09-05,매일신문,경제,20,기관(39); 금융(35); 대구(29); 고객(26); 데이터(25),"2026-09-05 매일신문(경제) 기사 20건 분석 결과, 상위 키워드는 '기관'(39회), '금융'(35회), '대구'(29회), '고객'(26회), '데이터'(25회) 순으로 나타났습니다. 특히 '기관' 관련 이슈가 가장 두드러졌으며, 대표 헤드라인은 """"스타벅스 다시 간다"" 두 달 연속 결제액 증가…투썸 턱밑까지 추격"" 입니다.",2026-09-05 09:05:15,성공,100,117,13,80.0
2026-09-05,매일신문,사회,20,수사(64); 대학(52); 경찰(51); 사건(51); 지원(44),"2026-09-05 매일신문(사회) 기사 20건 분석 결과, 상위 키워드는 '수사'(64회), '대학'(52회), '경찰'(51회), '사건'(51회), '지원'(44회) 순으로 나타났습니다. 특히 '수사' 관련 이슈가 가장 두드러졌으며, 대표 헤드라인은 ""[속보] 자전거 탄 노인 들이받아 숨지게 하고 도주한 20대 외국인 유학생…긴급체포"" 입니다.",2026-09-05 09:05:30,성공,100,68,215,-51.9
2026-09-05,매일신문,문화,20,대구(49); 음악(37); 일본(32); 공간(29); 작품(26),"2026-09-05 매일신문(문화) 기사 20건 분석 결과, 상위 키워드는 '대구'(49회), '음악'(37회), '일본'(32회), '공간'(29회), '작품'(26회) 순으로 나타났습니다. 특히 '대구' 관련 이슈가 가장 두드러졌으며, 대표 헤드라인은 ""리메이크곡 흥행에 대형 공연 매진까지… 마니아 음악 넘어 韓 파고든 J팝"" 입니다.",2026-09-05 09:05:45,성공,100,73,16,64.0
2026-09-05,매일신문,세계,20,네팔(77); 미국(50); 수색(48); 현지(35); 지역(35),"2026-09-05 매일신문(세계) 기사 20건 분석 결과, 상위 키워드는 '네팔'(77회), '미국'(50회), '수색'(48회), '현지'(35회), '지역'(35회) 순으로 나타났습니다. 특히 '네팔' 관련 이슈가 가장 두드러졌으며, 대표 헤드라인은 """"터널에서 목소리 들려""…네팔 대홍수 9일만에 발전소 터널서 2명 구조"" 입니다.",2026-09-05 09:06:01,성공,100,30,61,-34.1
2026-09-05,매일신문,IT과학,20,기업(59); 로봇(48); 생산(44); 버스(35); 미국(32),"2026-09-05 매일신문(IT과학) 기사 20건 분석 결과, 상위 키워드는 '기업'(59회), '로봇'(48회), '생산'(44회), '버스'(35회), '미국'(32회) 순으로 나타났습니다. 특히 '기업' 관련 이슈가 가장 두드러졌으며, 대표 헤드라인은 ""대구정보보호지원센터, 생성형 AI 사이버 위협 대응 세미나 개최"" 입니다.",2026-09-05 09:06:17,성공,100,114,17,74.0
2026-09-05,데일리안,주요뉴스,40,과세(73); 자산(73); 가상(58); 소득(48); 손실(43),"2026-09-05 데일리안(주요뉴스) 기사 40건 분석 결과, 상위 키워드는 '과세'(73회), '자산'(73회), '가상'(58회), '소득'(48회), '손실'(43회) 순으로 나타났습니다. 특히 '과세' 관련 이슈가 가장 두드러졌으며, 대표 헤드라인은 ""전셋값 뛰고 대출 부담 커지자…무주택자 ‘분양’ 저울질"" 입니다.",2026-09-05 09:06:33,성공,100,85,79,3.7
2026-09-05,데일리안,이슈,20,성장(34); 대통령(29); 회장(25); 데일리안(20); 미국(19),"2026-09-05 데일리안(이슈) 기사 20건 분석 결과, 상위 키워드는 '성장'(34회), '대통령'(29회), '회장'(25회), '데일리안'(20회), '미국'(19회) 순으로 나타났습니다. 특히 '성장' 관련 이슈가 가장 두드러졌으며, 대표 헤드라인은 ""'용혜인 테마주' 촌극…장관 후보자 지명, '혜인'에 악영향?"" 입니다.",2026-09-05 09:06:48,성공,100,90,20,63.6
2026-09-05,데일리안,정치,20,후보자(73); 의원(60); 정부(40); 민주당(37); 대표(37),"2026-09-05 데일리안(정치) 기사 20건 분석 결과, 상위 키워드는 '후보자'(73회), '의원'(60회), '정부'(40회), '민주당'(37회), '대표'(37회) 순으로 나타났습니다. 특히 '후보자' 관련 이슈가 가장 두드러졌으며, 대표 헤드라인은 ""선거 땐 '원팀'이라더니 '李정부 레드팀' 자처한 조국…왜?"" 입니다.",2026-09-05 09:07:03,성공,100,54,127,-40.3
2026-09-05,데일리안,경제,20,대출(45); 시장(31); 금융(28); 분양(27); 추가(26),"2026-09-05 데일리안(경제) 기사 20건 분석 결과, 상위 키워드는 '대출'(45회), '시장'(31회), '금융'(28회), '분양'(27회), '추가'(26회) 순으로 나타났습니다. 특히 '대출' 관련 이슈가 가장 두드러졌으며, 대표 헤드라인은 ""[주간코인] 흔들릴 때가 기회?…고래는 비트코인 ‘줍줍’"" 입니다.",2026-09-05 09:07:19,성공,100,77,34,38.7
2026-09-05,데일리안,사회,20,후보자(27); 위반(24); 경찰(24); 데일리안(19); 시스템(18),"2026-09-05 데일리안(사회) 기사 20건 분석 결과, 상위 키워드는 '후보자'(27회), '위반'(24회), '경찰'(24회), '데일리안'(19회), '시스템'(18회) 순으로 나타났습니다. 특히 '후보자' 관련 이슈가 가장 두드러졌으며, 대표 헤드라인은 ""인천시금고 17조 ‘쩐의 전쟁’…“진짜 승부처는 세금 전산망”"" 입니다.",2026-09-05 09:07:35,성공,100,27,106,-59.4
2026-09-05,데일리안,문화,20,성장(33); 음악(25); 제품(25); 평가(21); 건강(19),"2026-09-05 데일리안(문화) 기사 20건 분석 결과, 상위 키워드는 '성장'(33회), '음악'(25회), '제품'(25회), '평가'(21회), '건강'(19회) 순으로 나타났습니다. 특히 '성장' 관련 이슈가 가장 두드러졌으며, 대표 헤드라인은 ""화제성은 ‘반짝’…사각지대에 놓인 창작자들 [자본에 밀린 문화공간②]"" 입니다.",2026-09-05 09:07:50,성공,100,97,12,78.0
2026-09-05,데일리안,세계,20,미국(51); 트럼프(41); 대통령(30); 네팔(29); 구조(25),"2026-09-05 데일리안(세계) 기사 20건 분석 결과, 상위 키워드는 '미국'(51회), '트럼프'(41회), '대통령'(30회), '네팔'(29회), '구조'(25회) 순으로 나타났습니다. 특히 '미국' 관련 이슈가 가장 두드러졌으며, 대표 헤드라인은 ""트럼프 “곧 곡괭이산 공격할 수도”… 이란戰엔 “별거 아닌 사소한 일”"" 입니다.",2026-09-05 09:08:05,성공,100,41,35,7.9
2026-09-05,데일리안,IT과학,20,서비스(91); 대표(52); 기술(37); 국민(36); 컨소시엄(35),"2026-09-05 데일리안(IT과학) 기사 20건 분석 결과, 상위 키워드는 '서비스'(91회), '대표'(52회), '기술'(37회), '국민'(36회), '컨소시엄'(35회) 순으로 나타났습니다. 특히 '서비스' 관련 이슈가 가장 두드러졌으며, 대표 헤드라인은 ""'똥손' 기자가 파이웰 대륙을 무력으로 평정하는 방법 [붉은사막 롱텀 리뷰③]"" 입니다.",2026-09-05 09:08:20,성공,100,97,0,100.0
2026-09-05,아시아경제,주요뉴스,40,라면(52); 일본(44); 시장(37); 미국(37); 농심(33),"2026-09-05 아시아경제(주요뉴스) 기사 40건 분석 결과, 상위 키워드는 '라면'(52회), '일본'(44회), '시장'(37회), '미국'(37회), '농심'(33회) 순으로 나타났습니다. 특히 '라면' 관련 이슈가 가장 두드러졌으며, 대표 헤드라인은 """"하루 한 끼로 버티며 월 350만원 주식 올인""…'파이어족' 열풍이 부른 日 'NISA 빈곤'"" 입니다.",2026-09-05 09:08:35,성공,100,85,50,25.9
2026-09-05,아시아경제,이슈,20,대학(39); 투자(37); 사업(28); 주가(26); 통합(24),"2026-09-05 아시아경제(이슈) 기사 20건 분석 결과, 상위 키워드는 '대학'(39회), '투자'(37회), '사업'(28회), '주가'(26회), '통합'(24회) 순으로 나타났습니다. 특히 '대학' 관련 이슈가 가장 두드러졌으며, 대표 헤드라인은 """"하루 한 끼로 버티며 월 350만원 주식 올인""…'파이어족' 열풍이 부른 日 'NISA 빈곤'"" 입니다.",2026-09-05 09:08:51,성공,100,110,35,51.7
2026-09-05,아시아경제,정치,20,파병(51); 대통령(47); 국회(40); 정부(40); 의원(39),"2026-09-05 아시아경제(정치) 기사 20건 분석 결과, 상위 키워드는 '파병'(51회), '대통령'(47회), '국회'(40회), '정부'(40회), '의원'(39회) 순으로 나타났습니다. 특히 '파병' 관련 이슈가 가장 두드러졌으며, 대표 헤드라인은 ""李대통령, '호우 강타' 통영 전역 특별재난지역 선포…공공요금 감면 등 추가 지원(상보)"" 입니다.",2026-09-05 09:09:06,성공,100,54,45,9.1
2026-09-05,아시아경제,경제,20,제품(52); 지역(45); 중국(41); 여행(33); 국내(32),"2026-09-05 아시아경제(경제) 기사 20건 분석 결과, 상위 키워드는 '제품'(52회), '지역'(45회), '중국'(41회), '여행'(33회), '국내'(32회) 순으로 나타났습니다. 특히 '제품' 관련 이슈가 가장 두드러졌으며, 대표 헤드라인은 ""네팔 대홍수, 온난화만 원인 아니다…무분별한 개발 논란[시사쇼]"" 입니다.",2026-09-05 09:09:21,성공,100,122,0,100.0
2026-09-05,아시아경제,사회,20,대학(55); 지역(43); 정책(27); 통합(27); 의대(21),"2026-09-05 아시아경제(사회) 기사 20건 분석 결과, 상위 키워드는 '대학'(55회), '지역'(43회), '정책'(27회), '통합'(27회), '의대'(21회) 순으로 나타났습니다. 특히 '대학' 관련 이슈가 가장 두드러졌으며, 대표 헤드라인은 """"젊음의 열기로 하나 된 대학들""…용인시, 제1회 청정대학체전 개최"" 입니다.",2026-09-05 09:09:36,성공,100,45,43,2.3
2026-09-05,아시아경제,문화,20,여행(40); 지역(39); 사업(38); 서울(29); 숙박(22),"2026-09-05 아시아경제(문화) 기사 20건 분석 결과, 상위 키워드는 '여행'(40회), '지역'(39회), '사업'(38회), '서울'(29회), '숙박'(22회) 순으로 나타났습니다. 특히 '여행' 관련 이슈가 가장 두드러졌으며, 대표 헤드라인은 """"20만원 쓰면 10만원 돌려준다?""…올가을 '반값여행' 떠나볼까 [혜택의 정석]"" 입니다.",2026-09-05 09:09:52,성공,100,63,12,68.0
2026-09-05,아시아경제,세계,20,미국(37); 시간(34); 정부(29); 대학(26); 한국(26),"2026-09-05 아시아경제(세계) 기사 20건 분석 결과, 상위 키워드는 '미국'(37회), '시간'(34회), '정부'(29회), '대학'(26회), '한국'(26회) 순으로 나타났습니다. 특히 '미국' 관련 이슈가 가장 두드러졌으며, 대표 헤드라인은 """"하객 50명도 많다""…美 젊은층이 택한 '마이크로 웨딩'[세계는Z금]"" 입니다.",2026-09-05 09:10:07,성공,100,44,34,12.8
2026-09-05,아시아경제,IT과학,20,서비스(44); 에이전트(41); 모델(37); 오픈(34); 컨소시엄(30),"2026-09-05 아시아경제(IT과학) 기사 20건 분석 결과, 상위 키워드는 '서비스'(44회), '에이전트'(41회), '모델'(37회), '오픈'(34회), '컨소시엄'(30회) 순으로 나타났습니다. 특히 '서비스' 관련 이슈가 가장 두드러졌으며, 대표 헤드라인은 ""내년 국내서 '5G 주파수 경매' 전망…통신장비주 수혜주는 [주末머니]"" 입니다.",2026-09-05 09:10:22,성공,100,85,12,75.3
2026-09-06,조선일보,주요뉴스,40,후보자(33); 브런슨(32); 한국(32); 이란(28); 한미(28),"2026-09-06 조선일보(주요뉴스) 기사 40건 분석 결과, 상위 키워드는 '후보자'(33회), '브런슨'(32회), '한국'(32회), '이란'(28회), '한미'(28회) 순으로 나타났습니다. 특히 '후보자' 관련 이슈가 가장 두드러졌으며, 대표 헤드라인은 ""이란, 美함정 2척 향해 미사일... 美는 이란 유조선 3척 때렸다"" 입니다.",2026-09-06 09:00:27,성공,100,46,27,26.0
2026-09-06,조선일보,이슈,20,후보자(57); 승인(44); 식약처(39); 이란(38); 브런슨(32),"2026-09-06 조선일보(이슈) 기사 20건 분석 결과, 상위 키워드는 '후보자'(57회), '승인'(44회), '식약처'(39회), '이란'(38회), '브런슨'(32회) 순으로 나타났습니다. 특히 '후보자' 관련 이슈가 가장 두드러졌으며, 대표 헤드라인은 ""이란, 美함정 2척 향해 미사일... 美는 이란 유조선 3척 때렸다"" 입니다.",2026-09-06 09:00:43,성공,100,25,29,-7.4
2026-09-06,조선일보,정치,20,후보자(112); 대통령(54); 장관(53); 승인(49); 식약처(47),"2026-09-06 조선일보(정치) 기사 20건 분석 결과, 상위 키워드는 '후보자'(112회), '대통령'(54회), '장관'(53회), '승인'(49회), '식약처'(47회) 순으로 나타났습니다. 특히 '후보자' 관련 이슈가 가장 두드러졌으며, 대표 헤드라인은 ""‘어깨동무’ 강신철·브런슨, 이젠 장관·사령관으로"" 입니다.",2026-09-06 09:00:58,성공,100,23,88,-58.6
2026-09-06,조선일보,경제,20,미국(100); 생산(45); 시장(38); 투자(36); 기업(35),"2026-09-06 조선일보(경제) 기사 20건 분석 결과, 상위 키워드는 '미국'(100회), '생산'(45회), '시장'(38회), '투자'(36회), '기업'(35회) 순으로 나타났습니다. 특히 '미국' 관련 이슈가 가장 두드러졌으며, 대표 헤드라인은 ""보험계약대출 48조원 육박…50~60대 이상 고령층에서 대출 늘어"" 입니다.",2026-09-06 09:01:13,성공,100,148,36,60.9
2026-09-06,조선일보,사회,20,불꽃(38); 한강(28); 축제(27); 서울(23); 공원(23),"2026-09-06 조선일보(사회) 기사 20건 분석 결과, 상위 키워드는 '불꽃'(38회), '한강'(28회), '축제'(27회), '서울'(23회), '공원'(23회) 순으로 나타났습니다. 특히 '불꽃' 관련 이슈가 가장 두드러졌으며, 대표 헤드라인은 ""가을 밤하늘 수놓은 ‘불꽃’… 53만 인파가 탄성 질렀다"" 입니다.",2026-09-06 09:01:29,성공,100,40,70,-27.3
2026-09-06,조선일보,문화,20,전쟁(36); 감독(36); 중국(31); 역사(24); 마오쩌둥(23),"2026-09-06 조선일보(문화) 기사 20건 분석 결과, 상위 키워드는 '전쟁'(36회), '감독'(36회), '중국'(31회), '역사'(24회), '마오쩌둥'(23회) 순으로 나타났습니다. 특히 '전쟁' 관련 이슈가 가장 두드러졌으며, 대표 헤드라인은 ""동영상 뉴스6.25전쟁 최종 결재자 마오쩌둥... 그의 좌우명을 품은 대한민국 국방장관 [호준석의 역사전쟁]"" 입니다.",2026-09-06 09:01:44,성공,100,4,36,-80.0
2026-09-06,조선일보,세계,20,이란(72); 트럼프(54); 미국(40); 한국(37); 호르무즈(33),"2026-09-06 조선일보(세계) 기사 20건 분석 결과, 상위 키워드는 '이란'(72회), '트럼프'(54회), '미국'(40회), '한국'(37회), '호르무즈'(33회) 순으로 나타났습니다. 특히 '이란' 관련 이슈가 가장 두드러졌으며, 대표 헤드라인은 ""北, 이달 유엔총회에 차관급 파견… 김선경 부상 연설할 듯"" 입니다.",2026-09-06 09:01:59,성공,100,27,69,-43.8
2026-09-06,조선일보,IT과학,20,오픈(41); 모델(39); 서비스(34); 장애(30); 연구(30),"2026-09-06 조선일보(IT과학) 기사 20건 분석 결과, 상위 키워드는 '오픈'(41회), '모델'(39회), '서비스'(34회), '장애'(30회), '연구'(30회) 순으로 나타났습니다. 특히 '오픈' 관련 이슈가 가장 두드러졌으며, 대표 헤드라인은 ""삼성 IFA 전시관에 아이폰17 프로가?… 경쟁사 제품 올려놨다, 왜?"" 입니다.",2026-09-06 09:02:15,성공,100,29,0,100.0
2026-09-06,문화일보,주요뉴스,40,의원(30); 수출(20); 민주당(18); 공격(15); 모기(14),"2026-09-06 문화일보(주요뉴스) 기사 40건 분석 결과, 상위 키워드는 '의원'(30회), '수출'(20회), '민주당'(18회), '공격'(15회), '모기'(14회) 순으로 나타났습니다. 특히 '의원' 관련 이슈가 가장 두드러졌으며, 대표 헤드라인은 ""민주당, 한동훈 계속된 공세에 반격…“검찰 수사자료?...녹취 출처 밝혀라”"" 입니다.",2026-09-06 09:02:31,성공,100,37,66,-28.2
2026-09-06,문화일보,이슈,20,지명자(30); 의원(27); 사건(24); 민주당(18); 대통령(17),"2026-09-06 문화일보(이슈) 기사 20건 분석 결과, 상위 키워드는 '지명자'(30회), '의원'(27회), '사건'(24회), '민주당'(18회), '대통령'(17회) 순으로 나타났습니다. 특히 '지명자' 관련 이슈가 가장 두드러졌으며, 대표 헤드라인은 ""“아버지 형이 모셔야지” “뭐라고?”…부친 부양 문제로 동생에게 흉기 휘두른 60대"" 입니다.",2026-09-06 09:02:47,성공,100,43,102,-40.7
2026-09-06,문화일보,정치,20,사관학교(41); 의원(39); 교육(33); 지명자(31); 장관(29),"2026-09-06 문화일보(정치) 기사 20건 분석 결과, 상위 키워드는 '사관학교'(41회), '의원'(39회), '교육'(33회), '지명자'(31회), '장관'(29회) 순으로 나타났습니다. 특히 '사관학교' 관련 이슈가 가장 두드러졌으며, 대표 헤드라인은 ""與, ‘김승원 공세’ 국힘에 “尹검찰이 기소 못했는데 낙인찍기”"" 입니다.",2026-09-06 09:03:02,성공,100,15,76,-67.0
2026-09-06,문화일보,경제,20,수출(25); 미국(24); 노조(18); 정화(18); 부문(16),"2026-09-06 문화일보(경제) 기사 20건 분석 결과, 상위 키워드는 '수출'(25회), '미국'(24회), '노조'(18회), '정화'(18회), '부문'(16회) 순으로 나타났습니다. 특히 '수출' 관련 이슈가 가장 두드러졌으며, 대표 헤드라인은 ""9월 초 수출누계 7094억달러…작년 연간치 넘고 1조 달러 눈앞"" 입니다.",2026-09-06 09:03:17,성공,100,56,17,53.4
2026-09-06,문화일보,사회,20,사건(19); 경찰(18); 인구(18); 세계(16); 태권도(15),"2026-09-06 문화일보(사회) 기사 20건 분석 결과, 상위 키워드는 '사건'(19회), '경찰'(18회), '인구'(18회), '세계'(16회), '태권도'(15회) 순으로 나타났습니다. 특히 '사건' 관련 이슈가 가장 두드러졌으며, 대표 헤드라인은 ""61일간 펼쳐지는 섬의 축제…여수세계섬박람회 개막"" 입니다.",2026-09-06 09:03:34,성공,100,55,73,-14.1
2026-09-06,문화일보,문화,20,국가(29); 축구(24); 명품(21); 저자(19); 광주(18),"2026-09-06 문화일보(문화) 기사 20건 분석 결과, 상위 키워드는 '국가'(29회), '축구'(24회), '명품'(21회), '저자'(19회), '광주'(18회) 순으로 나타났습니다. 특히 '국가' 관련 이슈가 가장 두드러졌으며, 대표 헤드라인은 ""막 잠들었는데 귀에서 ‘윙~’ 가을 모기 주의보"" 입니다.",2026-09-06 09:03:50,성공,100,45,17,45.2
2026-09-06,문화일보,세계,20,미국(36); 지도(30); 신장(16); 이란(16); 이미지(15),"2026-09-06 문화일보(세계) 기사 20건 분석 결과, 상위 키워드는 '미국'(36회), '지도'(30회), '신장'(16회), '이란'(16회), '이미지'(15회) 순으로 나타났습니다. 특히 '미국' 관련 이슈가 가장 두드러졌으며, 대표 헤드라인은 ""‘어떻게 생존했을까?’…10일만에 구조된 중국인 “근처에 1명 더 있었다” 진술"" 입니다.",2026-09-06 09:04:06,성공,100,17,39,-39.3
2026-09-06,문화일보,IT과학,20,반도체(48); 기술(41); 기업(32); 투자(26); 삼성전자(26),"2026-09-06 문화일보(IT과학) 기사 20건 분석 결과, 상위 키워드는 '반도체'(48회), '기술'(41회), '기업'(32회), '투자'(26회), '삼성전자'(26회) 순으로 나타났습니다. 특히 '반도체' 관련 이슈가 가장 두드러졌으며, 대표 헤드라인은 ""中로봇에 점령된 IFA… 932개社 ‘최대’ 물량공세"" 입니다.",2026-09-06 09:04:22,성공,100,70,20,55.6
2026-09-06,매일신문,주요뉴스,40,후보자(81); 기관(64); 오빠(40); 통합(40); 정부(36),"2026-09-06 매일신문(주요뉴스) 기사 40건 분석 결과, 상위 키워드는 '후보자'(81회), '기관'(64회), '오빠'(40회), '통합'(40회), '정부'(36회) 순으로 나타났습니다. 특히 '후보자' 관련 이슈가 가장 두드러졌으며, 대표 헤드라인은 """"잠 좀 잡시다"" 항의에 이웃·경찰 폭행한 50대…벌금형 '선처' 불과 한 달 만"" 입니다.",2026-09-06 09:04:37,성공,100,27,80,-49.5
2026-09-06,매일신문,이슈,20,후보자(109); 오빠(40); 의원(37); 의혹(33); 정치(26),"2026-09-06 매일신문(이슈) 기사 20건 분석 결과, 상위 키워드는 '후보자'(109회), '오빠'(40회), '의원'(37회), '의혹'(33회), '정치'(26회) 순으로 나타났습니다. 특히 '후보자' 관련 이슈가 가장 두드러졌으며, 대표 헤드라인은 """"잠 좀 잡시다"" 항의에 이웃·경찰 폭행한 50대…벌금형 '선처' 불과 한 달 만조회수4,554"" 입니다.",2026-09-06 09:04:52,성공,100,0,101,-100.0
2026-09-06,매일신문,정치,20,후보자(140); 대표(52); 의원(49); 장관(46); 오빠(45),"2026-09-06 매일신문(정치) 기사 20건 분석 결과, 상위 키워드는 '후보자'(140회), '대표'(52회), '의원'(49회), '장관'(46회), '오빠'(45회) 순으로 나타났습니다. 특히 '후보자' 관련 이슈가 가장 두드러졌으며, 대표 헤드라인은 ""버릴수도, 지킬수도…용혜인 논란에 김민석도 '진퇴양난'"" 입니다.",2026-09-06 09:05:07,성공,100,8,124,-87.9
2026-09-06,매일신문,경제,20,기관(39); 금융(34); 대구(29); 데이터(25); 지역(21),"2026-09-06 매일신문(경제) 기사 20건 분석 결과, 상위 키워드는 '기관'(39회), '금융'(34회), '대구'(29회), '데이터'(25회), '지역'(21회) 순으로 나타났습니다. 특히 '기관' 관련 이슈가 가장 두드러졌으며, 대표 헤드라인은 ""9월 초 수출누계, 작년 연간 최대 실적 넘어…李는 SNS에 홍보"" 입니다.",2026-09-06 09:05:23,성공,100,105,13,78.0
2026-09-06,매일신문,사회,20,혐의(31); 경찰(23); 노조(23); 정보(21); 삼성전자(19),"2026-09-06 매일신문(사회) 기사 20건 분석 결과, 상위 키워드는 '혐의'(31회), '경찰'(23회), '노조'(23회), '정보'(21회), '삼성전자'(19회) 순으로 나타났습니다. 특히 '혐의' 관련 이슈가 가장 두드러졌으며, 대표 헤드라인은 """"잠 좀 잡시다"" 항의에 이웃·경찰 폭행한 50대…벌금형 '선처' 불과 한 달 만"" 입니다.",2026-09-06 09:05:40,성공,100,38,119,-51.6
2026-09-06,매일신문,문화,20,대구(50); 음악(45); 일본(35); 국제(32); 무대(30),"2026-09-06 매일신문(문화) 기사 20건 분석 결과, 상위 키워드는 '대구'(50회), '음악'(45회), '일본'(35회), '국제'(32회), '무대'(30회) 순으로 나타났습니다. 특히 '대구' 관련 이슈가 가장 두드러졌으며, 대표 헤드라인은 ""'세계 3대' 퀸 엘리자베스가 선택한 두 첼리스트, 달서아트센터서 만난다"" 입니다.",2026-09-06 09:05:57,성공,100,63,16,59.5
2026-09-06,매일신문,세계,20,네팔(69); 미국(49); 수색(47); 현지(37); 지역(36),"2026-09-06 매일신문(세계) 기사 20건 분석 결과, 상위 키워드는 '네팔'(69회), '미국'(49회), '수색'(47회), '현지'(37회), '지역'(36회) 순으로 나타났습니다. 특히 '네팔' 관련 이슈가 가장 두드러졌으며, 대표 헤드라인은 ""이란 ""'최대 석유 수출 기지' 하르그섬 인근서 폭발음…원인 미확인"""" 입니다.",2026-09-06 09:06:13,성공,100,23,69,-50.0
2026-09-06,매일신문,IT과학,20,기업(59); 로봇(48); 생산(44); 버스(35); 미국(32),"2026-09-06 매일신문(IT과학) 기사 20건 분석 결과, 상위 키워드는 '기업'(59회), '로봇'(48회), '생산'(44회), '버스'(35회), '미국'(32회) 순으로 나타났습니다. 특히 '기업' 관련 이슈가 가장 두드러졌으며, 대표 헤드라인은 ""대구정보보호지원센터, 생성형 AI 사이버 위협 대응 세미나 개최"" 입니다.",2026-09-06 09:06:29,성공,100,114,17,74.0
2026-09-06,데일리안,주요뉴스,40,성장(36); 이란(34); 금융(23); 치료(23); 화장품(20),"2026-09-06 데일리안(주요뉴스) 기사 40건 분석 결과, 상위 키워드는 '성장'(36회), '이란'(34회), '금융'(23회), '치료'(23회), '화장품'(20회) 순으로 나타났습니다. 특히 '성장' 관련 이슈가 가장 두드러졌으며, 대표 헤드라인은 ""美, 이란 유조선 보복 타격…“이란이 2척 공격하면 우린 3척 때린다”"" 입니다.",2026-09-06 09:06:45,성공,100,85,22,58.9
2026-09-06,데일리안,이슈,20,이란(32); 삼성전자(27); 후보자(25); 제품(22); 화장품(20),"2026-09-06 데일리안(이슈) 기사 20건 분석 결과, 상위 키워드는 '이란'(32회), '삼성전자'(27회), '후보자'(25회), '제품'(22회), '화장품'(20회) 순으로 나타났습니다. 특히 '이란' 관련 이슈가 가장 두드러졌으며, 대표 헤드라인은 ""11240회 로또 1등 당첨번호 '11·13·19·20·31·44'번…1등 당첨지역 어디?"" 입니다.",2026-09-06 09:07:01,성공,100,101,23,62.9
2026-09-06,데일리안,정치,20,후보자(86); 장관(66); 대통령(52); 민주당(49); 의원(47),"2026-09-06 데일리안(정치) 기사 20건 분석 결과, 상위 키워드는 '후보자'(86회), '장관'(66회), '대통령'(52회), '민주당'(49회), '의원'(47회) 순으로 나타났습니다. 특히 '후보자' 관련 이슈가 가장 두드러졌으며, 대표 헤드라인은 ""'공소취소'엔 선 긋고 '검찰개혁'은 띄우고…민주당의 김승원 청문회 전략"" 입니다.",2026-09-06 09:07:17,성공,100,18,137,-76.8
2026-09-06,데일리안,경제,20,금융(37); 반도체(35); 제품(27); 시장(27); 정보(25),"2026-09-06 데일리안(경제) 기사 20건 분석 결과, 상위 키워드는 '금융'(37회), '반도체'(35회), '제품'(27회), '시장'(27회), '정보'(25회) 순으로 나타났습니다. 특히 '금융' 관련 이슈가 가장 두드러졌으며, 대표 헤드라인은 ""‘퇴직연금 필수템’ 채권 혼합 ETF…美 성장성까지 노리려면"" 입니다.",2026-09-06 09:07:34,성공,100,145,0,100.0
2026-09-06,데일리안,사회,20,차량(26); 불꽃(25); 수색(21); 경찰(20); 복권(20),"2026-09-06 데일리안(사회) 기사 20건 분석 결과, 상위 키워드는 '차량'(26회), '불꽃'(25회), '수색'(21회), '경찰'(20회), '복권'(20회) 순으로 나타났습니다. 특히 '차량' 관련 이슈가 가장 두드러졌으며, 대표 헤드라인은 ""벌금형 선처 한 달 만에 이웃·경찰에 폭력 행사…50대 실형"" 입니다.",2026-09-06 09:07:50,성공,100,35,63,-28.6
2026-09-06,데일리안,문화,20,성장(48); 정보(42); 문화(32); 제품(28); 브랜드(28),"2026-09-06 데일리안(문화) 기사 20건 분석 결과, 상위 키워드는 '성장'(48회), '정보'(42회), '문화'(32회), '제품'(28회), '브랜드'(28회) 순으로 나타났습니다. 특히 '성장' 관련 이슈가 가장 두드러졌으며, 대표 헤드라인은 ""‘착한’ 임대료 가능할까…벼랑 끝 문화공간에 필요한 ‘개입’ [자본에 밀린 문화공간③]"" 입니다.",2026-09-06 09:08:06,성공,100,115,0,100.0
2026-09-06,데일리안,세계,20,이란(79); 미국(48); 드라마(43); 트럼프(32); 중국(30),"2026-09-06 데일리안(세계) 기사 20건 분석 결과, 상위 키워드는 '이란'(79회), '미국'(48회), '드라마'(43회), '트럼프'(32회), '중국'(30회) 순으로 나타났습니다. 특히 '이란' 관련 이슈가 가장 두드러졌으며, 대표 헤드라인은 ""美, 이란 유조선 보복 타격…“이란이 2척 공격하면 우린 3척 때린다”"" 입니다.",2026-09-06 09:08:21,성공,100,17,59,-55.3
2026-09-06,데일리안,IT과학,20,서비스(93); 대표(52); 기술(43); 국민(36); 컨소시엄(35),"2026-09-06 데일리안(IT과학) 기사 20건 분석 결과, 상위 키워드는 '서비스'(93회), '대표'(52회), '기술'(43회), '국민'(36회), '컨소시엄'(35회) 순으로 나타났습니다. 특히 '서비스' 관련 이슈가 가장 두드러졌으며, 대표 헤드라인은 ""KT, 불꽃축제에 5G 네트워크 슬라이싱…안전관리 통신망 확보"" 입니다.",2026-09-06 09:08:37,성공,100,106,0,100.0
2026-09-06,아시아경제,주요뉴스,40,제품(40); 기업(38); 미국(26); 소비자(25); 임상(23),"2026-09-06 아시아경제(주요뉴스) 기사 40건 분석 결과, 상위 키워드는 '제품'(40회), '기업'(38회), '미국'(26회), '소비자'(25회), '임상'(23회) 순으로 나타났습니다. 특히 '제품' 관련 이슈가 가장 두드러졌으며, 대표 헤드라인은 ""20,000,000,000,000,000원 넘어선 재산…'돈벼락' 맞은 슈퍼리치, 돈 몰린 곳 따로 있었다"" 입니다.",2026-09-06 09:08:53,성공,100,128,20,73.0
2026-09-06,아시아경제,이슈,20,미국(41); 제품(40); 기업(30); 소비자(24); 레시피(22),"2026-09-06 아시아경제(이슈) 기사 20건 분석 결과, 상위 키워드는 '미국'(41회), '제품'(40회), '기업'(30회), '소비자'(24회), '레시피'(22회) 순으로 나타났습니다. 특히 '미국' 관련 이슈가 가장 두드러졌으며, 대표 헤드라인은 ""120,000,000,000,000,000원 넘어선 재산…'돈벼락' 맞은 슈퍼리치, 돈 몰린 곳 따로 있었다"" 입니다.",2026-09-06 09:09:10,성공,100,110,16,74.6
2026-09-06,아시아경제,정치,20,후보자(46); 대통령(40); 장관(34); 의원(29); 국회(21),"2026-09-06 아시아경제(정치) 기사 20건 분석 결과, 상위 키워드는 '후보자'(46회), '대통령'(40회), '장관'(34회), '의원'(29회), '국회'(21회) 순으로 나타났습니다. 특히 '후보자' 관련 이슈가 가장 두드러졌으며, 대표 헤드라인은 ""최휘영 장관 농구 디비전리그 현장 방문…내년 예산 71% 확대"" 입니다.",2026-09-06 09:09:26,성공,100,38,44,-7.3
2026-09-06,아시아경제,경제,20,미국(53); 기업(34); 확대(27); 정부(26); 소비(23),"2026-09-06 아시아경제(경제) 기사 20건 분석 결과, 상위 키워드는 '미국'(53회), '기업'(34회), '확대'(27회), '정부'(26회), '소비'(23회) 순으로 나타났습니다. 특히 '미국' 관련 이슈가 가장 두드러졌으며, 대표 헤드라인은 ""美 베네수 석유 100년 채굴권 확보…휘발유 값은 요지부동[시사쇼]"" 입니다.",2026-09-06 09:09:42,성공,100,174,7,92.3
2026-09-06,아시아경제,사회,20,지역(21); 대회(20); 시장(19); 기업(16); 관심(16),"2026-09-06 아시아경제(사회) 기사 20건 분석 결과, 상위 키워드는 '지역'(21회), '대회'(20회), '시장'(19회), '기업'(16회), '관심'(16회) 순으로 나타났습니다. 특히 '지역' 관련 이슈가 가장 두드러졌으며, 대표 헤드라인은 ""서울 중구, 추석맞이 차량 무상점검…동별 시간대 나눠 혼잡 완화"" 입니다.",2026-09-06 09:09:59,성공,100,78,11,75.3
2026-09-06,아시아경제,문화,20,전기(64); 배터리(43); 지역(42); 여행(34); 우크라이나(25),"2026-09-06 아시아경제(문화) 기사 20건 분석 결과, 상위 키워드는 '전기'(64회), '배터리'(43회), '지역'(42회), '여행'(34회), '우크라이나'(25회) 순으로 나타났습니다. 특히 '전기' 관련 이슈가 가장 두드러졌으며, 대표 헤드라인은 ""[사이언스스코프]전기차는 정말 친환경일까…②승부는 자동차가 아니라 전력망에서 난다"" 입니다.",2026-09-06 09:10:15,성공,100,67,16,61.4
2026-09-06,아시아경제,세계,20,미국(51); 우크라이나(38); 트럼프(35); 대통령(32); 가격(26),"2026-09-06 아시아경제(세계) 기사 20건 분석 결과, 상위 키워드는 '미국'(51회), '우크라이나'(38회), '트럼프'(35회), '대통령'(32회), '가격'(26회) 순으로 나타났습니다. 특히 '미국' 관련 이슈가 가장 두드러졌으며, 대표 헤드라인은 ""美 베네수 석유 100년 채굴권 확보…휘발유 값은 요지부동[시사쇼]"" 입니다.",2026-09-06 09:10:30,성공,100,32,66,-34.7
2026-09-06,아시아경제,IT과학,20,전기(59); 배터리(39); 오픈(34); 에이전트(26); 모델(25),"2026-09-06 아시아경제(IT과학) 기사 20건 분석 결과, 상위 키워드는 '전기'(59회), '배터리'(39회), '오픈'(34회), '에이전트'(26회), '모델'(25회) 순으로 나타났습니다. 특히 '전기' 관련 이슈가 가장 두드러졌으며, 대표 헤드라인은 ""[사이언스스코프]전기차는 정말 친환경일까…②승부는 자동차가 아니라 전력망에서 난다"" 입니다.",2026-09-06 09:10:46,성공,100,67,0,100.0
2026-09-07,조선일보,주요뉴스,40,후보자(67); 대통령(37); 미국(30); 장관(29); 학교(24),"2026-09-07 조선일보(주요뉴스) 기사 40건 분석 결과, 상위 키워드는 '후보자'(67회), '대통령'(37회), '미국'(30회), '장관'(29회), '학교'(24회) 순으로 나타났습니다. 특히 '후보자' 관련 이슈가 가장 두드러졌으며, 대표 헤드라인은 ""몰랐나, 눈감았나… 靑 인사 검증 또 논란"" 입니다.",2026-09-07 09:00:24,성공,100,41,57,-16.3
2026-09-07,조선일보,이슈,20,후보자(46); 이식(40); 신장(37); 미국(31); 구조(29),"2026-09-07 조선일보(이슈) 기사 20건 분석 결과, 상위 키워드는 '후보자'(46회), '이식'(40회), '신장'(37회), '미국'(31회), '구조'(29회) 순으로 나타났습니다. 특히 '후보자' 관련 이슈가 가장 두드러졌으며, 대표 헤드라인은 ""[단독] 김승원 지역구서 아내는 ‘미인가 불법 학교’ 운영"" 입니다.",2026-09-07 09:00:39,성공,100,78,34,39.3
2026-09-07,조선일보,정치,20,후보자(89); 대통령(49); 장관(42); 의원(41); 정부(37),"2026-09-07 조선일보(정치) 기사 20건 분석 결과, 상위 키워드는 '후보자'(89회), '대통령'(49회), '장관'(42회), '의원'(41회), '정부'(37회) 순으로 나타났습니다. 특히 '후보자' 관련 이슈가 가장 두드러졌으며, 대표 헤드라인은 ""北, 5000t급 강건호 취역식서 김정은 “해군 핵무장화 실현”"" 입니다.",2026-09-07 09:00:54,성공,100,55,73,-14.1
2026-09-07,조선일보,경제,20,투자(41); 정부(38); 서울(37); 탈모(32); 부동산(30),"2026-09-07 조선일보(경제) 기사 20건 분석 결과, 상위 키워드는 '투자'(41회), '정부'(38회), '서울'(37회), '탈모'(32회), '부동산'(30회) 순으로 나타났습니다. 특히 '투자' 관련 이슈가 가장 두드러졌으며, 대표 헤드라인은 ""美서 불붙은 ‘제2 위고비’… 韓 탈모주 일주일새 55% 껑충"" 입니다.",2026-09-07 09:01:09,성공,100,138,20,74.7
2026-09-07,조선일보,사회,20,사건(30); 경찰(22); 대상(20); 공소(17); 서울(17),"2026-09-07 조선일보(사회) 기사 20건 분석 결과, 상위 키워드는 '사건'(30회), '경찰'(22회), '대상'(20회), '공소'(17회), '서울'(17회) 순으로 나타났습니다. 특히 '사건' 관련 이슈가 가장 두드러졌으며, 대표 헤드라인은 ""“전세 사기 당한 것도 억울한데, 이젠 빌라 사라고?”… 8·13 대책에 두 번 우는 피해자들"" 입니다.",2026-09-07 09:01:25,성공,100,31,55,-27.9
2026-09-07,조선일보,문화,20,영화(30); 작품(24); 감독(22); 관객(21); 게임(20),"2026-09-07 조선일보(문화) 기사 20건 분석 결과, 상위 키워드는 '영화'(30회), '작품'(24회), '감독'(22회), '관객'(21회), '게임'(20회) 순으로 나타났습니다. 특히 '영화' 관련 이슈가 가장 두드러졌으며, 대표 헤드라인은 ""‘가능한 사랑’ 베네치아서 돌풍 “불안한 시대의 사랑과 갈망을 섬세하게 그린 드라마”"" 입니다.",2026-09-07 09:01:40,성공,100,61,13,64.9
2026-09-07,조선일보,세계,20,네팔(51); 일본(49); 미국(47); 러시아(37); 이란(32),"2026-09-07 조선일보(세계) 기사 20건 분석 결과, 상위 키워드는 '네팔'(51회), '일본'(49회), '미국'(47회), '러시아'(37회), '이란'(32회) 순으로 나타났습니다. 특히 '네팔' 관련 이슈가 가장 두드러졌으며, 대표 헤드라인은 ""바이든 차남 “2028년 대선, 어쩔 수 없이 출마해야 할지도”"" 입니다.",2026-09-07 09:01:56,성공,100,27,65,-41.3
2026-09-07,조선일보,IT과학,20,중국(53); 로봇(43); 미국(43); 이식(40); 휴머노이드(40),"2026-09-07 조선일보(IT과학) 기사 20건 분석 결과, 상위 키워드는 '중국'(53회), '로봇'(43회), '미국'(43회), '이식'(40회), '휴머노이드'(40회) 순으로 나타났습니다. 특히 '중국' 관련 이슈가 가장 두드러졌으며, 대표 헤드라인은 ""오픈AI ‘아스트라’가 드러낸 AI 기술 승부처는... 바로 기억"" 입니다.",2026-09-07 09:02:11,성공,100,54,0,100.0
2026-09-07,문화일보,주요뉴스,40,논란(15); 서울(14); 조사(14); 손튼(14); 미국(13),"2026-09-07 문화일보(주요뉴스) 기사 40건 분석 결과, 상위 키워드는 '논란'(15회), '서울'(14회), '조사'(14회), '손튼'(14회), '미국'(13회) 순으로 나타났습니다. 특히 '논란' 관련 이슈가 가장 두드러졌으며, 대표 헤드라인은 ""[속보]‘개각 후폭풍’ 李대통령, 지지율 37.4% 또 최저-리얼미터"" 입니다.",2026-09-07 09:02:27,성공,100,17,34,-33.3
2026-09-07,문화일보,이슈,20,일본(21); 한국(18); 희토(18); 미국(17); 의원(17),"2026-09-07 문화일보(이슈) 기사 20건 분석 결과, 상위 키워드는 '일본'(21회), '한국'(18회), '희토'(18회), '미국'(17회), '의원'(17회) 순으로 나타났습니다. 특히 '일본' 관련 이슈가 가장 두드러졌으며, 대표 헤드라인은 ""유명 아나운서, 비행기서 ‘이것’ 봤다 논란…결국 방송 하차해 미국 들썩"" 입니다.",2026-09-07 09:02:42,성공,100,23,18,12.2
2026-09-07,문화일보,정치,20,미국(70); 한국(68); 전쟁(66); 대한민국(60); 보호(57),"2026-09-07 문화일보(정치) 기사 20건 분석 결과, 상위 키워드는 '미국'(70회), '한국'(68회), '전쟁'(66회), '대한민국'(60회), '보호'(57회) 순으로 나타났습니다. 특히 '미국' 관련 이슈가 가장 두드러졌으며, 대표 헤드라인은 ""밤 9시에 女간부 숙소 찾아 “같이 놀자”던 병사의 최후"" 입니다.",2026-09-07 09:02:57,성공,100,55,167,-50.5
2026-09-07,문화일보,경제,20,가격(36); 가을(23); 교원(19); 희토(18); 상승(18),"2026-09-07 문화일보(경제) 기사 20건 분석 결과, 상위 키워드는 '가격'(36회), '가을'(23회), '교원'(19회), '희토'(18회), '상승'(18회) 순으로 나타났습니다. 특히 '가격' 관련 이슈가 가장 두드러졌으며, 대표 헤드라인은 ""한강뷰 보며 뷔페에 공연까지…올 가을 워커힐 호텔앤리조트에서 다 즐긴다"" 입니다.",2026-09-07 09:03:13,성공,100,82,21,59.2
2026-09-07,문화일보,사회,20,관광(55); 부산(39); 사업(32); 주민(32); 금융(28),"2026-09-07 문화일보(사회) 기사 20건 분석 결과, 상위 키워드는 '관광'(55회), '부산'(39회), '사업'(32회), '주민'(32회), '금융'(28회) 순으로 나타났습니다. 특히 '관광' 관련 이슈가 가장 두드러졌으며, 대표 헤드라인은 ""복비 받고 문제 터지면 나 몰라라 하면서 임장비까지?"" 입니다.",2026-09-07 09:03:28,성공,100,120,26,64.4
2026-09-07,문화일보,문화,20,명품(21); 여성(20); 작가(20); 광주(18); 비엔날레(18),"2026-09-07 문화일보(문화) 기사 20건 분석 결과, 상위 키워드는 '명품'(21회), '여성'(20회), '작가'(20회), '광주'(18회), '비엔날레'(18회) 순으로 나타났습니다. 특히 '명품' 관련 이슈가 가장 두드러졌으며, 대표 헤드라인은 ""기네스 3억원어치 어디로? 英서 맥주 트레일러 도난"" 입니다.",2026-09-07 09:03:43,성공,100,50,30,25.0
2026-09-07,문화일보,세계,20,미국(29); 일본(24); 여성(21); 대통령(21); 한국(16),"2026-09-07 문화일보(세계) 기사 20건 분석 결과, 상위 키워드는 '미국'(29회), '일본'(24회), '여성'(21회), '대통령'(21회), '한국'(16회) 순으로 나타났습니다. 특히 '미국' 관련 이슈가 가장 두드러졌으며, 대표 헤드라인은 ""‘결혼식장에 모인 여성 150명, 그 위로 떨어진 폭탄’…이란서 美전투기 또 오폭 가능성"" 입니다.",2026-09-07 09:03:59,성공,100,11,41,-57.7
2026-09-07,문화일보,IT과학,20,반도체(48); 기술(41); 기업(32); 투자(26); 삼성전자(26),"2026-09-07 문화일보(IT과학) 기사 20건 분석 결과, 상위 키워드는 '반도체'(48회), '기술'(41회), '기업'(32회), '투자'(26회), '삼성전자'(26회) 순으로 나타났습니다. 특히 '반도체' 관련 이슈가 가장 두드러졌으며, 대표 헤드라인은 ""中로봇에 점령된 IFA… 932개社 ‘최대’ 물량공세"" 입니다.",2026-09-07 09:04:14,성공,100,70,20,55.6
2026-09-07,매일신문,주요뉴스,40,후보자(62); 대통령(51); 의원(51); 장관(44); 정부(33),"2026-09-07 매일신문(주요뉴스) 기사 40건 분석 결과, 상위 키워드는 '후보자'(62회), '대통령'(51회), '의원'(51회), '장관'(44회), '정부'(33회) 순으로 나타났습니다. 특히 '후보자' 관련 이슈가 가장 두드러졌으며, 대표 헤드라인은 ""한동훈 ""대한민국 역사상 전과자 법무장관 0명…음주운전 김승원 되면 기록 깨져"""" 입니다.",2026-09-07 09:04:29,성공,100,8,109,-86.3
2026-09-07,매일신문,이슈,20,후보자(84); 장관(54); 의원(47); 정부(31); 대표(29),"2026-09-07 매일신문(이슈) 기사 20건 분석 결과, 상위 키워드는 '후보자'(84회), '장관'(54회), '의원'(47회), '정부'(31회), '대표'(29회) 순으로 나타났습니다. 특히 '후보자' 관련 이슈가 가장 두드러졌으며, 대표 헤드라인은 ""'워킹맘' 용혜인, 아이돌봄 관리 법안엔 반대…장관 지명 후 재조명조회수7,934"" 입니다.",2026-09-07 09:04:44,성공,100,0,121,-100.0
2026-09-07,매일신문,정치,20,후보자(104); 장관(79); 의원(52); 대통령(46); 인사(46),"2026-09-07 매일신문(정치) 기사 20건 분석 결과, 상위 키워드는 '후보자'(104회), '장관'(79회), '의원'(52회), '대통령'(46회), '인사'(46회) 순으로 나타났습니다. 특히 '후보자' 관련 이슈가 가장 두드러졌으며, 대표 헤드라인은 ""李대통령 부정평가 60% 육박…지지율 37.4% '또 최저치 경신'"" 입니다.",2026-09-07 09:04:59,성공,100,7,168,-92.0
2026-09-07,매일신문,경제,20,대구(53); 시장(47); 산업(35); 매물(28); 가격(27),"2026-09-07 매일신문(경제) 기사 20건 분석 결과, 상위 키워드는 '대구'(53회), '시장'(47회), '산업'(35회), '매물'(28회), '가격'(27회) 순으로 나타났습니다. 특히 '대구' 관련 이슈가 가장 두드러졌으며, 대표 헤드라인은 ""0~5세 아동 임대소득자 179명…미성년 3천명 '부동산 금수저'"" 입니다.",2026-09-07 09:05:14,성공,100,81,53,20.9
2026-09-07,매일신문,사회,20,지역(30); 달성군(27); 교육(25); 수색(23); 지원(21),"2026-09-07 매일신문(사회) 기사 20건 분석 결과, 상위 키워드는 '지역'(30회), '달성군'(27회), '교육'(25회), '수색'(23회), '지원'(21회) 순으로 나타났습니다. 특히 '지역' 관련 이슈가 가장 두드러졌으며, 대표 헤드라인은 ""학생들이 만든 웹앱, 실제 학교 시스템이 되다!"" 입니다.",2026-09-07 09:05:30,성공,100,69,6,84.0
2026-09-07,매일신문,문화,20,대구(43); 일본(42); 음악(41); 반도체(30); 무대(28),"2026-09-07 매일신문(문화) 기사 20건 분석 결과, 상위 키워드는 '대구'(43회), '일본'(42회), '음악'(41회), '반도체'(30회), '무대'(28회) 순으로 나타났습니다. 특히 '대구' 관련 이슈가 가장 두드러졌으며, 대표 헤드라인은 ""[더사주 오늘의 띠별 운세] <9월 7일  월요일(음력 7월26일)>"" 입니다.",2026-09-07 09:05:46,성공,100,87,0,100.0
2026-09-07,매일신문,세계,20,네팔(43); 미국(39); 대통령(37); 파병(35); 정부(31),"2026-09-07 매일신문(세계) 기사 20건 분석 결과, 상위 키워드는 '네팔'(43회), '미국'(39회), '대통령'(37회), '파병'(35회), '정부'(31회) 순으로 나타났습니다. 특히 '네팔' 관련 이슈가 가장 두드러졌으며, 대표 헤드라인은 ""美백악관 ""호르무즈 해협 한국 정부 자원 투입 기다려"""" 입니다.",2026-09-07 09:06:01,성공,100,35,64,-29.3
2026-09-07,매일신문,IT과학,20,기업(59); 로봇(48); 생산(44); 버스(35); 미국(32),"2026-09-07 매일신문(IT과학) 기사 20건 분석 결과, 상위 키워드는 '기업'(59회), '로봇'(48회), '생산'(44회), '버스'(35회), '미국'(32회) 순으로 나타났습니다. 특히 '기업' 관련 이슈가 가장 두드러졌으며, 대표 헤드라인은 ""대구정보보호지원센터, 생성형 AI 사이버 위협 대응 세미나 개최"" 입니다.",2026-09-07 09:06:17,성공,100,114,17,74.0
2026-09-07,데일리안,주요뉴스,40,의원(82); 후보자(73); 장관(71); 담배(61); 대통령(31),"2026-09-07 데일리안(주요뉴스) 기사 40건 분석 결과, 상위 키워드는 '의원'(82회), '후보자'(73회), '장관'(71회), '담배'(61회), '대통령'(31회) 순으로 나타났습니다. 특히 '의원' 관련 이슈가 가장 두드러졌으며, 대표 헤드라인은 ""반도체 다음은 이것?…다시 불붙은 2차전지 ETF"" 입니다.",2026-09-07 09:06:33,성공,100,28,151,-68.7
2026-09-07,데일리안,이슈,20,장관(74); 후보자(70); 담배(61); 의원(56); 대통령(38),"2026-09-07 데일리안(이슈) 기사 20건 분석 결과, 상위 키워드는 '장관'(74회), '후보자'(70회), '담배'(61회), '의원'(56회), '대통령'(38회) 순으로 나타났습니다. 특히 '장관' 관련 이슈가 가장 두드러졌으며, 대표 헤드라인은 ""반도체 다음은 이것?…다시 불붙은 2차전지 ETF"" 입니다.",2026-09-07 09:06:48,성공,100,47,103,-37.3
2026-09-07,데일리안,정치,20,의원(116); 후보자(109); 장관(107); 대통령(53); 국민(51),"2026-09-07 데일리안(정치) 기사 20건 분석 결과, 상위 키워드는 '의원'(116회), '후보자'(109회), '장관'(107회), '대통령'(53회), '국민'(51회) 순으로 나타났습니다. 특히 '의원' 관련 이슈가 가장 두드러졌으며, 대표 헤드라인은 ""'워킹맘' 용혜인, 정작 '아이돌봄 지원법'은 반대?"" 입니다.",2026-09-07 09:07:03,성공,100,12,181,-87.6
2026-09-07,데일리안,경제,20,담배(61); 금융(52); 은행(38); 사업(37); 지역(37),"2026-09-07 데일리안(경제) 기사 20건 분석 결과, 상위 키워드는 '담배'(61회), '금융'(52회), '은행'(38회), '사업'(37회), '지역'(37회) 순으로 나타났습니다. 특히 '담배' 관련 이슈가 가장 두드러졌으며, 대표 헤드라인은 ""[IFA 2026] 런웨이 걷고 링 위선 주먹질…눈길 끈 로봇들, '실전'은 아직"" 입니다.",2026-09-07 09:07:20,성공,100,119,44,46.0
2026-09-07,데일리안,사회,20,지역(25); 관리(24); 해수욕장(18); 데일리안(17); 부산(16),"2026-09-07 데일리안(사회) 기사 20건 분석 결과, 상위 키워드는 '지역'(25회), '관리'(24회), '해수욕장'(18회), '데일리안'(17회), '부산'(16회) 순으로 나타났습니다. 특히 '지역' 관련 이슈가 가장 두드러졌으며, 대표 헤드라인은 ""서울 서초구, 9월10일부터 스마트 건강체험관 5곳 운영"" 입니다.",2026-09-07 09:07:35,성공,100,53,27,32.5
2026-09-07,데일리안,문화,20,정보(40); 동해안(35); 기온(32); 산지(32); 제주도(28),"2026-09-07 데일리안(문화) 기사 20건 분석 결과, 상위 키워드는 '정보'(40회), '동해안'(35회), '기온'(32회), '산지'(32회), '제주도'(28회) 순으로 나타났습니다. 특히 '정보' 관련 이슈가 가장 두드러졌으며, 대표 헤드라인은 ""아침 최저 16도 '선선한 출근길'·일교차 10도 안팎…절기 '백로' 뜻과 유래는 [오늘 날씨]"" 입니다.",2026-09-07 09:07:51,성공,100,92,0,100.0
2026-09-07,데일리안,세계,20,이란(56); 미국(41); 네팔(39); 장관(31); 트럼프(29),"2026-09-07 데일리안(세계) 기사 20건 분석 결과, 상위 키워드는 '이란'(56회), '미국'(41회), '네팔'(39회), '장관'(31회), '트럼프'(29회) 순으로 나타났습니다. 특히 '이란' 관련 이슈가 가장 두드러졌으며, 대표 헤드라인은 ""美 “韓 정부의 호르무즈 자원 투입 기다린다” 재차 압박"" 입니다.",2026-09-07 09:08:06,성공,100,20,102,-67.2
2026-09-07,데일리안,IT과학,20,서비스(77); 대표(64); 기술(50); 국민(47); 구축(40),"2026-09-07 데일리안(IT과학) 기사 20건 분석 결과, 상위 키워드는 '서비스'(77회), '대표'(64회), '기술'(50회), '국민'(47회), '구축'(40회) 순으로 나타났습니다. 특히 '서비스' 관련 이슈가 가장 두드러졌으며, 대표 헤드라인은 ""'모두의 AI' 전에, '모두의 보안'부터 [기자수첩-ICT]"" 입니다.",2026-09-07 09:08:22,성공,100,89,0,100.0
2026-09-07,아시아경제,주요뉴스,40,여성(206); 기업(131); 비율(69); 남성(67); 이사(58),"2026-09-07 아시아경제(주요뉴스) 기사 40건 분석 결과, 상위 키워드는 '여성'(206회), '기업'(131회), '비율'(69회), '남성'(67회), '이사'(58회) 순으로 나타났습니다. 특히 '여성' 관련 이슈가 가장 두드러졌으며, 대표 헤드라인은 ""여성 평균 연봉 1억1200만원 '남성보다 오래 다녔다'…금융권 종합 1위 찍은 이곳[2026 양성평등지수]"" 입니다.",2026-09-07 09:08:37,성공,100,104,43,41.5
2026-09-07,아시아경제,이슈,20,여성(64); 미국(41); 투자(37); 기업(31); 네팔(29),"2026-09-07 아시아경제(이슈) 기사 20건 분석 결과, 상위 키워드는 '여성'(64회), '미국'(41회), '투자'(37회), '기업'(31회), '네팔'(29회) 순으로 나타났습니다. 특히 '여성' 관련 이슈가 가장 두드러졌으며, 대표 헤드라인은 """"야구장 '치맥 국룰' 뒤집어졌다"" 기름진 음식 대신 깔끔하게 즐긴다는 新먹거리"" 입니다.",2026-09-07 09:08:52,성공,100,101,22,64.2
2026-09-07,아시아경제,정치,20,후보자(63); 대통령(42); 의원(35); 기준(29); 인간(29),"2026-09-07 아시아경제(정치) 기사 20건 분석 결과, 상위 키워드는 '후보자'(63회), '대통령'(42회), '의원'(35회), '기준'(29회), '인간'(29회) 순으로 나타났습니다. 특히 '후보자' 관련 이슈가 가장 두드러졌으며, 대표 헤드라인은 ""프랑스 국빈방문 李, 마크롱과 '호르무즈' 논의 주목"" 입니다.",2026-09-07 09:09:08,성공,100,53,66,-10.9
2026-09-07,아시아경제,경제,20,제품(45); 서비스(40); 고객(40); 데이터(31); 다이슨(26),"2026-09-07 아시아경제(경제) 기사 20건 분석 결과, 상위 키워드는 '제품'(45회), '서비스'(40회), '고객'(40회), '데이터'(31회), '다이슨'(26회) 순으로 나타났습니다. 특히 '제품' 관련 이슈가 가장 두드러졌으며, 대표 헤드라인은 ""스카이월드와이드, AI 플랫폼 '온토비아'로 제조업 AX 공략…스마트팩토리 시장 정조준"" 입니다.",2026-09-07 09:09:23,성공,100,104,7,87.4
2026-09-07,아시아경제,사회,20,센터(33); 안전(32); 임금(24); 지원(24); 기관(23),"2026-09-07 아시아경제(사회) 기사 20건 분석 결과, 상위 키워드는 '센터'(33회), '안전'(32회), '임금'(24회), '지원'(24회), '기관'(23회) 순으로 나타났습니다. 특히 '센터' 관련 이슈가 가장 두드러졌으며, 대표 헤드라인은 ""제대군인 새출발 돕는다… 대구보훈청, 가전 케어 교육 수료식"" 입니다.",2026-09-07 09:09:40,성공,100,110,31,56.0
2026-09-07,아시아경제,문화,20,서비스(37); 센터(26); 정비(21); 한국(17); 기술(17),"2026-09-07 아시아경제(문화) 기사 20건 분석 결과, 상위 키워드는 '서비스'(37회), '센터'(26회), '정비'(21회), '한국'(17회), '기술'(17회) 순으로 나타났습니다. 특히 '서비스' 관련 이슈가 가장 두드러졌으며, 대표 헤드라인은 ""디즈니+, LoL 국가대표 평가전 독점 중계"" 입니다.",2026-09-07 09:09:57,성공,100,42,7,71.4
2026-09-07,아시아경제,세계,20,미국(53); 이란(49); 해협(26); 호르무즈(24); 미군(23),"2026-09-07 아시아경제(세계) 기사 20건 분석 결과, 상위 키워드는 '미국'(53회), '이란'(49회), '해협'(26회), '호르무즈'(24회), '미군'(23회) 순으로 나타났습니다. 특히 '미국' 관련 이슈가 가장 두드러졌으며, 대표 헤드라인은 ""월세 살던 日 20대, 50년 할부로 집 샀다…'내 집 마련' 사상 최고치"" 입니다.",2026-09-07 09:10:14,성공,100,24,57,-40.7
2026-09-07,아시아경제,IT과학,20,전기(59); 배터리(39); 기술(35); 모델(34); 오픈(30),"2026-09-07 아시아경제(IT과학) 기사 20건 분석 결과, 상위 키워드는 '전기'(59회), '배터리'(39회), '기술'(35회), '모델'(34회), '오픈'(30회) 순으로 나타났습니다. 특히 '전기' 관련 이슈가 가장 두드러졌으며, 대표 헤드라인은 ""알지노믹스, 생산 효율 최대 7배 높인 원형 RNA 원천기술 개발"" 입니다.",2026-09-07 09:10:30,성공,100,79,0,100.0
2026-09-08,조선일보,주요뉴스,40,금리(62); 후보자(57); 주행(31); 자율(28); 인사(27),"2026-09-08 조선일보(주요뉴스) 기사 40건 분석 결과, 상위 키워드는 '금리'(62회), '후보자'(57회), '주행'(31회), '자율'(28회), '인사'(27회) 순으로 나타났습니다. 특히 '금리' 관련 이슈가 가장 두드러졌으며, 대표 헤드라인은 ""靑, 김승원·용혜인 그대로 간다… “청문회 거쳐야”"" 입니다.",2026-09-08 09:00:24,성공,100,81,62,13.3
2026-09-08,조선일보,이슈,20,후보자(59); 투자(49); 의원(47); 승인(32); 세종메디칼(32),"2026-09-08 조선일보(이슈) 기사 20건 분석 결과, 상위 키워드는 '후보자'(59회), '투자'(49회), '의원'(47회), '승인'(32회), '세종메디칼'(32회) 순으로 나타났습니다. 특히 '후보자' 관련 이슈가 가장 두드러졌으며, 대표 헤드라인은 ""작전세력, 180억 챙기고 주식 팔아치워… 주가는 5일 만에 반토막"" 입니다.",2026-09-08 09:00:39,성공,100,94,35,45.7
2026-09-08,조선일보,정치,20,후보자(77); 의원(59); 대통령(33); 국회(31); 대표(29),"2026-09-08 조선일보(정치) 기사 20건 분석 결과, 상위 키워드는 '후보자'(77회), '의원'(59회), '대통령'(33회), '국회'(31회), '대표'(29회) 순으로 나타났습니다. 특히 '후보자' 관련 이슈가 가장 두드러졌으며, 대표 헤드라인은 ""靑, 김승원·용혜인 그대로 간다… “청문회 거쳐야”"" 입니다.",2026-09-08 09:00:55,성공,100,52,45,7.2
2026-09-08,조선일보,경제,20,금리(69); 투자(54); 세종메디칼(47); 미국(40); 기업(39),"2026-09-08 조선일보(경제) 기사 20건 분석 결과, 상위 키워드는 '금리'(69회), '투자'(54회), '세종메디칼'(47회), '미국'(40회), '기업'(39회) 순으로 나타났습니다. 특히 '금리' 관련 이슈가 가장 두드러졌으며, 대표 헤드라인은 ""시중 금리 오르자 ‘10년 이상 금리 고정 주택담보대출’ 다시 꺼낸 금융위…결국 관건은 ‘이자 부담’"" 입니다.",2026-09-08 09:01:11,성공,100,170,29,70.9
2026-09-08,조선일보,사회,20,법원(22); 대학(20); 과장(19); 후보(18); 의원(18),"2026-09-08 조선일보(사회) 기사 20건 분석 결과, 상위 키워드는 '법원'(22회), '대학'(20회), '과장'(19회), '후보'(18회), '의원'(18회) 순으로 나타났습니다. 특히 '법원' 관련 이슈가 가장 두드러졌으며, 대표 헤드라인은 ""[단독] 폐교 대학 19곳 중 청산 끝난 건 2곳뿐"" 입니다.",2026-09-08 09:01:27,성공,100,12,62,-67.6
2026-09-08,조선일보,문화,20,작품(33); 유영국(30); 작가(24); 브라질(23); 북한(23),"2026-09-08 조선일보(문화) 기사 20건 분석 결과, 상위 키워드는 '작품'(33회), '유영국'(30회), '작가'(24회), '브라질'(23회), '북한'(23회) 순으로 나타났습니다. 특히 '작품' 관련 이슈가 가장 두드러졌으며, 대표 헤드라인은 ""[함영준의 마음PT] ﻿사람은 마지막에 어떤 얼굴을 보여줄까… 극한의 순간에도 남아 있던 인간미"" 입니다.",2026-09-08 09:01:43,성공,100,8,17,-36.0
2026-09-08,조선일보,세계,20,미국(43); 대통령(37); 트럼프(35); 중국(33); 한국(26),"2026-09-08 조선일보(세계) 기사 20건 분석 결과, 상위 키워드는 '미국'(43회), '대통령'(37회), '트럼프'(35회), '중국'(33회), '한국'(26회) 순으로 나타났습니다. 특히 '미국' 관련 이슈가 가장 두드러졌으며, 대표 헤드라인은 ""북러 ‘두만강 다리’ 개통... 우크라 “병력·기술 교환 통로”"" 입니다.",2026-09-08 09:01:59,성공,100,27,26,1.9
2026-09-08,조선일보,IT과학,20,수리(46); 정보(45); 스마트폰(43); 제품(40); 중국(36),"2026-09-08 조선일보(IT과학) 기사 20건 분석 결과, 상위 키워드는 '수리'(46회), '정보'(45회), '스마트폰'(43회), '제품'(40회), '중국'(36회) 순으로 나타났습니다. 특히 '수리' 관련 이슈가 가장 두드러졌으며, 대표 헤드라인은 ""카메라 가리고 인터넷 끊고…IFA서 ‘보안 불신’ 지우기 안간힘 쓴 中 기업들"" 입니다.",2026-09-08 09:02:14,성공,100,34,38,-5.6
2026-09-08,문화일보,주요뉴스,40,경찰(32); 수사(21); 확인(19); 인사(18); 조사(15),"2026-09-08 문화일보(주요뉴스) 기사 40건 분석 결과, 상위 키워드는 '경찰'(32회), '수사'(21회), '확인'(19회), '인사'(18회), '조사'(15회) 순으로 나타났습니다. 특히 '경찰' 관련 이슈가 가장 두드러졌으며, 대표 헤드라인은 ""“삼전닉스 재고 10일치…메모리 고갈 가능성” KB證 평가"" 입니다.",2026-09-08 09:02:30,성공,100,16,60,-57.9
2026-09-08,문화일보,이슈,20,경찰(33); 확인(30); 수사(25); 의원(25); 계약(21),"2026-09-08 문화일보(이슈) 기사 20건 분석 결과, 상위 키워드는 '경찰'(33회), '확인'(30회), '수사'(25회), '의원'(25회), '계약'(21회) 순으로 나타났습니다. 특히 '경찰' 관련 이슈가 가장 두드러졌으며, 대표 헤드라인은 ""[속보]지하주차장 걸어 내려가다…30대 여성 차에 깔려 숨져"" 입니다.",2026-09-08 09:02:46,성공,100,38,113,-49.7
2026-09-08,문화일보,정치,20,의원(38); 단계(34); 대표(27); 합동(25); 금융(25),"2026-09-08 문화일보(정치) 기사 20건 분석 결과, 상위 키워드는 '의원'(38회), '단계'(34회), '대표'(27회), '합동'(25회), '금융'(25회) 순으로 나타났습니다. 특히 '의원' 관련 이슈가 가장 두드러졌으며, 대표 헤드라인은 ""[기고]“중대에 전투함·전투기를 편제할 게 아니라면 ‘사관학교 통합’ 얘기 꺼내지도 말아야”"" 입니다.",2026-09-08 09:03:02,성공,100,33,25,13.8
2026-09-08,문화일보,경제,20,청년(30); 금융(28); 서울(23); 상승(23); 연차(21),"2026-09-08 문화일보(경제) 기사 20건 분석 결과, 상위 키워드는 '청년'(30회), '금융'(28회), '서울'(23회), '상승'(23회), '연차'(21회) 순으로 나타났습니다. 특히 '청년' 관련 이슈가 가장 두드러졌으며, 대표 헤드라인은 ""원화 강세에 코스피 탄력받나…外人 사흘간 4.7조 ‘사자’"" 입니다.",2026-09-08 09:03:18,성공,100,83,24,55.1
2026-09-08,문화일보,사회,20,행사(36); 복지(35); 주민(29); 사회(26); 사고(26),"2026-09-08 문화일보(사회) 기사 20건 분석 결과, 상위 키워드는 '행사'(36회), '복지'(35회), '주민'(29회), '사회'(26회), '사고'(26회) 순으로 나타났습니다. 특히 '행사' 관련 이슈가 가장 두드러졌으며, 대표 헤드라인은 ""강원도사회복지인 양구서 화합 한마당…도사회복지대회 11일 열려"" 입니다.",2026-09-08 09:03:34,성공,100,80,46,27.0
2026-09-08,문화일보,문화,20,서울(25); 세계(20); 저작(18); 작가(18); 문학(17),"2026-09-08 문화일보(문화) 기사 20건 분석 결과, 상위 키워드는 '서울'(25회), '세계'(20회), '저작'(18회), '작가'(18회), '문학'(17회) 순으로 나타났습니다. 특히 '서울' 관련 이슈가 가장 두드러졌으며, 대표 헤드라인은 ""‘무슨 책인데 판매량이 30배 폭증?’…영화 흥행에 서점가도 들썩"" 입니다.",2026-09-08 09:03:50,성공,100,5,24,-65.5
2026-09-08,문화일보,세계,20,미국(45); 트럼프(34); 이란(29); 대통령(29); 시간(19),"2026-09-08 문화일보(세계) 기사 20건 분석 결과, 상위 키워드는 '미국'(45회), '트럼프'(34회), '이란'(29회), '대통령'(29회), '시간'(19회) 순으로 나타났습니다. 특히 '미국' 관련 이슈가 가장 두드러졌으며, 대표 헤드라인은 ""이란, 韓 호르무즈 파병 검토에 “美 압박 굴복 말라”"" 입니다.",2026-09-08 09:04:05,성공,100,7,59,-78.8
2026-09-08,문화일보,IT과학,20,기술(42); 반도체(37); 삼성전자(30); 시장(28); 로봇(23),"2026-09-08 문화일보(IT과학) 기사 20건 분석 결과, 상위 키워드는 '기술'(42회), '반도체'(37회), '삼성전자'(30회), '시장'(28회), '로봇'(23회) 순으로 나타났습니다. 특히 '기술' 관련 이슈가 가장 두드러졌으며, 대표 헤드라인은 ""“삼전닉스 재고 10일치…메모리 고갈 가능성” KB證 평가"" 입니다.",2026-09-08 09:04:21,성공,100,76,17,63.4
2026-09-08,매일신문,주요뉴스,40,법원(55); 대구(53); 의원(35); 대통령(29); 후보자(29),"2026-09-08 매일신문(주요뉴스) 기사 40건 분석 결과, 상위 키워드는 '법원'(55회), '대구'(53회), '의원'(35회), '대통령'(29회), '후보자'(29회) 순으로 나타났습니다. 특히 '법원' 관련 이슈가 가장 두드러졌으며, 대표 헤드라인은 ""박찬대, '천한 사람' 인천 비하 FC서울 현수막에 ""단호히 대응"""" 입니다.",2026-09-08 09:04:36,성공,100,0,30,-100.0
2026-09-08,매일신문,이슈,20,지역(41); 의원(41); 대구(36); 법원(31); 대통령(26),"2026-09-08 매일신문(이슈) 기사 20건 분석 결과, 상위 키워드는 '지역'(41회), '의원'(41회), '대구'(36회), '법원'(31회), '대통령'(26회) 순으로 나타났습니다. 특히 '지역' 관련 이슈가 가장 두드러졌으며, 대표 헤드라인은 ""냉동창고에 '꽁꽁 언' 60대 여성 시신…사장은 구속조회수11,796"" 입니다.",2026-09-08 09:04:52,성공,100,0,47,-100.0
2026-09-08,매일신문,정치,20,후보자(114); 의원(70); 국민(47); 장관(46); 인사(45),"2026-09-08 매일신문(정치) 기사 20건 분석 결과, 상위 키워드는 '후보자'(114회), '의원'(70회), '국민'(47회), '장관'(46회), '인사'(45회) 순으로 나타났습니다. 특히 '후보자' 관련 이슈가 가장 두드러졌으며, 대표 헤드라인은 ""홍준표 ""李대통령 지지율 20%대 폭락, 청년 모두 떠날 것…술집 마담 정치에 철부지 장관 후보"""" 입니다.",2026-09-08 09:05:07,성공,100,33,90,-46.3
2026-09-08,매일신문,경제,20,법인(45); 대구(43); 전시장(33); 기업(31); 규모(31),"2026-09-08 매일신문(경제) 기사 20건 분석 결과, 상위 키워드는 '법인'(45회), '대구'(43회), '전시장'(33회), '기업'(31회), '규모'(31회) 순으로 나타났습니다. 특히 '법인' 관련 이슈가 가장 두드러졌으며, 대표 헤드라인은 ""대미투자 1호 텍사스 가스발전소 유력…대형 원전 8기도 검토"" 입니다.",2026-09-08 09:05:24,성공,100,117,18,73.3
2026-09-08,매일신문,사회,20,지역(60); 대학(56); 청년(33); 사회(31); 안동(25),"2026-09-08 매일신문(사회) 기사 20건 분석 결과, 상위 키워드는 '지역'(60회), '대학'(56회), '청년'(33회), '사회'(31회), '안동'(25회) 순으로 나타났습니다. 특히 '지역' 관련 이슈가 가장 두드러졌으며, 대표 헤드라인은 ""박찬대 인천시장, '천한 사람' 인천 비하 FC서울 현수막에 ""좌시 않아, 단호히 대응"""" 입니다.",2026-09-08 09:05:40,성공,100,40,43,-3.6
2026-09-08,매일신문,문화,20,대구(63); 공연(30); 작품(29); 문화(29); 전시(29),"2026-09-08 매일신문(문화) 기사 20건 분석 결과, 상위 키워드는 '대구'(63회), '공연'(30회), '작품'(29회), '문화'(29회), '전시'(29회) 순으로 나타났습니다. 특히 '대구' 관련 이슈가 가장 두드러졌으며, 대표 헤드라인은 ""결혼에도 준비가 필요하다…달서구 '셀프 웨딩 아카데미' 운영"" 입니다.",2026-09-08 09:05:55,성공,100,72,0,100.0
2026-09-08,매일신문,세계,20,미국(43); 파병(40); 정부(39); 대통령(37); 호르무즈(35),"2026-09-08 매일신문(세계) 기사 20건 분석 결과, 상위 키워드는 '미국'(43회), '파병'(40회), '정부'(39회), '대통령'(37회), '호르무즈'(35회) 순으로 나타났습니다. 특히 '미국' 관련 이슈가 가장 두드러졌으며, 대표 헤드라인은 ""대한민국 구호대 ""한국인 9명 실종 지역 도보수색 네팔 협조 확보"""" 입니다.",2026-09-08 09:06:11,성공,100,39,66,-25.7
2026-09-08,매일신문,IT과학,20,기업(59); 로봇(48); 생산(44); 버스(35); 미국(32),"2026-09-08 매일신문(IT과학) 기사 20건 분석 결과, 상위 키워드는 '기업'(59회), '로봇'(48회), '생산'(44회), '버스'(35회), '미국'(32회) 순으로 나타났습니다. 특히 '기업' 관련 이슈가 가장 두드러졌으며, 대표 헤드라인은 ""대구정보보호지원센터, 생성형 AI 사이버 위협 대응 세미나 개최"" 입니다.",2026-09-08 09:06:27,성공,100,114,17,74.0
2026-09-08,데일리안,주요뉴스,40,후보자(47); 대통령(38); 인사(33); 국민(30); 장관(30),"2026-09-08 데일리안(주요뉴스) 기사 40건 분석 결과, 상위 키워드는 '후보자'(47회), '대통령'(38회), '인사'(33회), '국민'(30회), '장관'(30회) 순으로 나타났습니다. 특히 '후보자' 관련 이슈가 가장 두드러졌으며, 대표 헤드라인은 ""'김승원·용혜인'에 또 소환된 김현지…민주당, 방어전선 구축 '골몰'"" 입니다.",2026-09-08 09:06:42,성공,100,39,35,5.4
2026-09-08,데일리안,이슈,20,후보자(60); 의원(44); 민주당(34); 국민(33); 대표(32),"2026-09-08 데일리안(이슈) 기사 20건 분석 결과, 상위 키워드는 '후보자'(60회), '의원'(44회), '민주당'(34회), '국민'(33회), '대표'(32회) 순으로 나타났습니다. 특히 '후보자' 관련 이슈가 가장 두드러졌으며, 대표 헤드라인은 """"코스피 1만 간다""는 해외 IB…외인은 164조 '팔자'?"" 입니다.",2026-09-08 09:06:58,성공,100,46,48,-2.1
2026-09-08,데일리안,정치,20,후보자(101); 의원(63); 대통령(58); 인사(54); 청문회(41),"2026-09-08 데일리안(정치) 기사 20건 분석 결과, 상위 키워드는 '후보자'(101회), '의원'(63회), '대통령'(58회), '인사'(54회), '청문회'(41회) 순으로 나타났습니다. 특히 '후보자' 관련 이슈가 가장 두드러졌으며, 대표 헤드라인은 ""강선영 ""야!"" 용혜인 ""야?""...'징계 악연' 청문회서 공수교대"" 입니다.",2026-09-08 09:07:13,성공,100,39,104,-45.5
2026-09-08,데일리안,경제,20,금융(50); 대출(44); 시장(41); 주택(30); 규모(28),"2026-09-08 데일리안(경제) 기사 20건 분석 결과, 상위 키워드는 '금융'(50회), '대출'(44회), '시장'(41회), '주택'(30회), '규모'(28회) 순으로 나타났습니다. 특히 '금융' 관련 이슈가 가장 두드러졌으며, 대표 헤드라인은 ""축평원 서비스 개선 국민제안 2156건…우수 아이디어 8건 선정"" 입니다.",2026-09-08 09:07:29,성공,100,97,109,-5.8
2026-09-08,데일리안,사회,20,자살(26); 정보(24); 서울(22); 데일리안(22); 상담(21),"2026-09-08 데일리안(사회) 기사 20건 분석 결과, 상위 키워드는 '자살'(26회), '정보'(24회), '서울'(22회), '데일리안'(22회), '상담'(21회) 순으로 나타났습니다. 특히 '자살' 관련 이슈가 가장 두드러졌으며, 대표 헤드라인은 ""서울 서초구, 9월12일 한불수교 140주년 기념 청년 축제 개최"" 입니다.",2026-09-08 09:07:45,성공,100,89,85,2.3
2026-09-08,데일리안,문화,20,미국(33); 중국(27); 지원(24); 증상(23); 차량(23),"2026-09-08 데일리안(문화) 기사 20건 분석 결과, 상위 키워드는 '미국'(33회), '중국'(27회), '지원'(24회), '증상'(23회), '차량'(23회) 순으로 나타났습니다. 특히 '미국' 관련 이슈가 가장 두드러졌으며, 대표 헤드라인은 ""밤이면 심해지는 아이 기침…단순 감기 아닐 수도 [김효경의 데일리 헬스]"" 입니다.",2026-09-08 09:08:01,성공,100,80,23,55.3
2026-09-08,데일리안,세계,20,미국(30); 독일(25); 트럼프(23); 독일대안당(23); 정부(21),"2026-09-08 데일리안(세계) 기사 20건 분석 결과, 상위 키워드는 '미국'(30회), '독일'(25회), '트럼프'(23회), '독일대안당'(23회), '정부'(21회) 순으로 나타났습니다. 특히 '미국' 관련 이슈가 가장 두드러졌으며, 대표 헤드라인은 ""“트럼프 유세 오지 마”…美 공화당서 ‘기피령’, 중간선거 어쩌나"" 입니다.",2026-09-08 09:08:16,성공,100,25,51,-34.2
2026-09-08,데일리안,IT과학,20,보상(38); 기술(33); 티빙(30); 더블(24); 개발(23),"2026-09-08 데일리안(IT과학) 기사 20건 분석 결과, 상위 키워드는 '보상'(38회), '기술'(33회), '티빙'(30회), '더블'(24회), '개발'(23회) 순으로 나타났습니다. 특히 '보상' 관련 이슈가 가장 두드러졌으며, 대표 헤드라인은 ""“이게 폴더블이다”…삼성 ‘Z 폴드8 시리즈’ 글로벌 도심 공략"" 입니다.",2026-09-08 09:08:32,성공,100,71,25,47.9
2026-09-08,아시아경제,주요뉴스,40,여성(107); 미술(105); 한국(83); 작가(77); 기업(62),"2026-09-08 아시아경제(주요뉴스) 기사 40건 분석 결과, 상위 키워드는 '여성'(107회), '미술'(105회), '한국'(83회), '작가'(77회), '기업'(62회) 순으로 나타났습니다. 특히 '여성' 관련 이슈가 가장 두드러졌으며, 대표 헤드라인은 """"오늘 출근길에도 '노란 간판' 줄서 있더라""…1500원 커피로 '점포당 4억' 메가MGC"" 입니다.",2026-09-08 09:08:48,성공,100,103,23,63.5
2026-09-08,아시아경제,이슈,20,미국(44); 가격(33); 커피(32); 독일(26); 인프라(24),"2026-09-08 아시아경제(이슈) 기사 20건 분석 결과, 상위 키워드는 '미국'(44회), '가격'(33회), '커피'(32회), '독일'(26회), '인프라'(24회) 순으로 나타났습니다. 특히 '미국' 관련 이슈가 가장 두드러졌으며, 대표 헤드라인은 """"독일, 전쟁 원한다…사실상 선포"" 세계대전까지 거론됐다는데, 무슨 일"" 입니다.",2026-09-08 09:09:04,성공,100,73,43,25.9
2026-09-08,아시아경제,정치,20,대통령(117); 영화(77); 프랑스(62); 산업(54); 한국(40),"2026-09-08 아시아경제(정치) 기사 20건 분석 결과, 상위 키워드는 '대통령'(117회), '영화'(77회), '프랑스'(62회), '산업'(54회), '한국'(40회) 순으로 나타났습니다. 특히 '대통령' 관련 이슈가 가장 두드러졌으며, 대표 헤드라인은 ""마크롱 여사와 수도원 찾은 김혜경 여사, 韓수녀들과 대화"" 입니다.",2026-09-08 09:09:20,성공,100,107,21,67.2
2026-09-08,아시아경제,경제,20,주택(31); 기업(25); 장비(23); 기술(22); 개발(22),"2026-09-08 아시아경제(경제) 기사 20건 분석 결과, 상위 키워드는 '주택'(31회), '기업'(25회), '장비'(23회), '기술'(22회), '개발'(22회) 순으로 나타났습니다. 특히 '주택' 관련 이슈가 가장 두드러졌으며, 대표 헤드라인은 ""코스닥 2.84P 오른 825.03 출발(0.35%↑)"" 입니다.",2026-09-08 09:09:36,성공,100,103,0,100.0
2026-09-08,아시아경제,사회,20,사업(44); 지원(33); 의료(27); 지역(27); 추진(24),"2026-09-08 아시아경제(사회) 기사 20건 분석 결과, 상위 키워드는 '사업'(44회), '지원'(33회), '의료'(27회), '지역'(27회), '추진'(24회) 순으로 나타났습니다. 특히 '사업' 관련 이슈가 가장 두드러졌으며, 대표 헤드라인은 ""부·울·경 하나의 일자리권으로… 125억원 ‘광역이음 프로젝트’ 출범"" 입니다.",2026-09-08 09:09:54,성공,100,121,13,80.6
2026-09-08,아시아경제,문화,20,기아(22); 유산(20); 채용(19); 미래(18); 국가(16),"2026-09-08 아시아경제(문화) 기사 20건 분석 결과, 상위 키워드는 '기아'(22회), '유산'(20회), '채용'(19회), '미래'(18회), '국가'(16회) 순으로 나타났습니다. 특히 '기아' 관련 이슈가 가장 두드러졌으며, 대표 헤드라인은 """"참치회 즐겨 먹었는데 충격""…배 갈랐더니 기생충 1600마리 '바글바글'"" 입니다.",2026-09-08 09:10:11,성공,100,91,7,85.7
2026-09-08,아시아경제,세계,20,미국(93); 캐나다(50); 관세(42); 트럼프(25); 독일(25),"2026-09-08 아시아경제(세계) 기사 20건 분석 결과, 상위 키워드는 '미국'(93회), '캐나다'(50회), '관세'(42회), '트럼프'(25회), '독일'(25회) 순으로 나타났습니다. 특히 '미국' 관련 이슈가 가장 두드러졌으며, 대표 헤드라인은 """"산업혁명도 중국이 원조?""…도 넘은 '사이비 역사론'에 칼 빼든 中 공산당"" 입니다.",2026-09-08 09:10:26,성공,100,65,55,8.3
2026-09-08,아시아경제,IT과학,20,기술(41); 게임(38); 장비(26); 구축(25); 기업(24),"2026-09-08 아시아경제(IT과학) 기사 20건 분석 결과, 상위 키워드는 '기술'(41회), '게임'(38회), '장비'(26회), '구축'(25회), '기업'(24회) 순으로 나타났습니다. 특히 '기술' 관련 이슈가 가장 두드러졌으며, 대표 헤드라인은 ""뤼튼, 크랙 청소년 이용시간 일 최대 3시간·결제액 10만원 제한"" 입니다.",2026-09-08 09:10:41,성공,100,109,0,100.0
2026-09-09,조선일보,주요뉴스,40,정당(38); 후보자(32); 기업(31); 미국(29); 의원(28),"2026-09-09 조선일보(주요뉴스) 기사 40건 분석 결과, 상위 키워드는 '정당'(38회), '후보자'(32회), '기업'(31회), '미국'(29회), '의원'(28회) 순으로 나타났습니다. 특히 '정당' 관련 이슈가 가장 두드러졌으며, 대표 헤드라인은 ""꼼수와 특혜의 사각지대… 위성정당, 자격 미달 정치인의 숙주 됐다"" 입니다.",2026-09-09 09:00:29,성공,100,67,43,21.8
2026-09-09,조선일보,이슈,20,후보자(49); 빙하(44); 장관(39); 중국(31); 의원(30),"2026-09-09 조선일보(이슈) 기사 20건 분석 결과, 상위 키워드는 '후보자'(49회), '빙하'(44회), '장관'(39회), '중국'(31회), '의원'(30회) 순으로 나타났습니다. 특히 '후보자' 관련 이슈가 가장 두드러졌으며, 대표 헤드라인은 ""낼 건 안내고, 최대한 빼먹는… 장관 후보들의 기막힌 ‘세금 신공’"" 입니다.",2026-09-09 09:00:45,성공,100,47,59,-11.3
2026-09-09,조선일보,정치,20,정당(56); 대통령(51); 후보자(45); 의원(39); 위성(35),"2026-09-09 조선일보(정치) 기사 20건 분석 결과, 상위 키워드는 '정당'(56회), '대통령'(51회), '후보자'(45회), '의원'(39회), '위성'(35회) 순으로 나타났습니다. 특히 '정당' 관련 이슈가 가장 두드러졌으며, 대표 헤드라인은 ""習·푸틴, 北 9·9절 축전… 北 과의 관계 밀착 과시"" 입니다.",2026-09-09 09:01:02,성공,100,23,52,-38.7
2026-09-09,조선일보,경제,20,기업(52); 투자(43); 금리(40); 대출(35); 시장(32),"2026-09-09 조선일보(경제) 기사 20건 분석 결과, 상위 키워드는 '기업'(52회), '투자'(43회), '금리'(40회), '대출'(35회), '시장'(32회) 순으로 나타났습니다. 특히 '기업' 관련 이슈가 가장 두드러졌으며, 대표 헤드라인은 ""중소기업 다니다 대기업 상향 이직 가능성 낮은데 실업자 될 가능성은 높아...청년들 중소 기업 안 찾는 이유"" 입니다.",2026-09-09 09:01:18,성공,100,84,96,-6.7
2026-09-09,조선일보,사회,20,경찰(40); 학생(34); 한국(31); 중국(30); 기록(23),"2026-09-09 조선일보(사회) 기사 20건 분석 결과, 상위 키워드는 '경찰'(40회), '학생'(34회), '한국'(31회), '중국'(30회), '기록'(23회) 순으로 나타났습니다. 특히 '경찰' 관련 이슈가 가장 두드러졌으며, 대표 헤드라인은 ""[C컷] 일하는 사람들의 땀을 보라"" 입니다.",2026-09-09 09:01:34,성공,100,35,58,-24.7
2026-09-09,조선일보,문화,20,오페라(53); 공연(42); 극장(42); 네팔(39); 가격(34),"2026-09-09 조선일보(문화) 기사 20건 분석 결과, 상위 키워드는 '오페라'(53회), '공연'(42회), '극장'(42회), '네팔'(39회), '가격'(34회) 순으로 나타났습니다. 특히 '오페라' 관련 이슈가 가장 두드러졌으며, 대표 헤드라인은 ""[김한수의 오마이갓] 네팔 구호성금 1000만원...용인 와우정사의 ‘빈자일등’"" 입니다.",2026-09-09 09:01:50,성공,100,48,17,47.7
2026-09-09,조선일보,세계,20,트럼프(76); 미국(57); 선거(32); 대통령(31); 센터(29),"2026-09-09 조선일보(세계) 기사 20건 분석 결과, 상위 키워드는 '트럼프'(76회), '미국'(57회), '선거'(32회), '대통령'(31회), '센터'(29회) 순으로 나타났습니다. 특히 '트럼프' 관련 이슈가 가장 두드러졌으며, 대표 헤드라인은 ""트럼프, 캐나다 관세에 재보복… “다수 공급계약서 캐나다산 제외”"" 입니다.",2026-09-09 09:02:06,성공,100,34,79,-39.8
2026-09-09,조선일보,IT과학,20,기업(62); 삼성전자(53); 반도체(46); 빙하(44); 중국(40),"2026-09-09 조선일보(IT과학) 기사 20건 분석 결과, 상위 키워드는 '기업'(62회), '삼성전자'(53회), '반도체'(46회), '빙하'(44회), '중국'(40회) 순으로 나타났습니다. 특히 '기업' 관련 이슈가 가장 두드러졌으며, 대표 헤드라인은 ""1조t 빙산도 결국 사라졌다…‘빙하 장례식’도 잇따라"" 입니다.",2026-09-09 09:02:22,성공,100,68,0,100.0
2026-09-09,문화일보,주요뉴스,40,반대(32); 찬성(28); 대한항공(22); 평가(19); 대통령(17),"2026-09-09 문화일보(주요뉴스) 기사 40건 분석 결과, 상위 키워드는 '반대'(32회), '찬성'(28회), '대한항공'(22회), '평가'(19회), '대통령'(17회) 순으로 나타났습니다. 특히 '반대' 관련 이슈가 가장 두드러졌으며, 대표 헤드라인은 ""[속보]용혜인 반대 72.2%·김승원 반대 60.6%-여론조사공정"" 입니다.",2026-09-09 09:02:39,성공,100,56,70,-11.1
2026-09-09,문화일보,이슈,20,지수(20); 평가(19); 제넨셀(18); 투자(17); 개발(17),"2026-09-09 문화일보(이슈) 기사 20건 분석 결과, 상위 키워드는 '지수'(20회), '평가'(19회), '제넨셀'(18회), '투자'(17회), '개발'(17회) 순으로 나타났습니다. 특히 '지수' 관련 이슈가 가장 두드러졌으며, 대표 헤드라인은 ""[속보]대통령지지 36.4%…서울 부정평가 70%-한길리서치"" 입니다.",2026-09-09 09:02:56,성공,100,47,48,-1.1
2026-09-09,문화일보,정치,20,협력(56); 장관(43); 국방(39); 대통령(35); 서울(33),"2026-09-09 문화일보(정치) 기사 20건 분석 결과, 상위 키워드는 '협력'(56회), '장관'(43회), '국방'(39회), '대통령'(35회), '서울'(33회) 순으로 나타났습니다. 특히 '협력' 관련 이슈가 가장 두드러졌으며, 대표 헤드라인은 ""안규백, 4억 3000여만원 천무 계약식 참석 위해 크로아티아 방문"" 입니다.",2026-09-09 09:03:12,성공,100,153,43,56.1
2026-09-09,문화일보,경제,20,대한항공(21); 시장(18); 대통령(17); 브랜드(16); 겨울(15),"2026-09-09 문화일보(경제) 기사 20건 분석 결과, 상위 키워드는 '대한항공'(21회), '시장'(18회), '대통령'(17회), '브랜드'(16회), '겨울'(15회) 순으로 나타났습니다. 특히 '대한항공' 관련 이슈가 가장 두드러졌으며, 대표 헤드라인은 ""룸살롱서만 3천억? 작년 법인카드 결제 내역"" 입니다.",2026-09-09 09:03:29,성공,100,64,23,47.1
2026-09-09,문화일보,사회,20,관리(28); 지역(25); 주민(23); 축산물(18); 건강(17),"2026-09-09 문화일보(사회) 기사 20건 분석 결과, 상위 키워드는 '관리'(28회), '지역'(25회), '주민'(23회), '축산물'(18회), '건강'(17회) 순으로 나타났습니다. 특히 '관리' 관련 이슈가 가장 두드러졌으며, 대표 헤드라인은 ""은평구, GTX 연신849 광장서 ‘제7회 연신내 썸머스트릿 파티’ 개최"" 입니다.",2026-09-09 09:03:46,성공,100,105,12,79.5
2026-09-09,문화일보,문화,20,무대(28); 한국(26); 놀런(25); 감독(25); 고추(23),"2026-09-09 문화일보(문화) 기사 20건 분석 결과, 상위 키워드는 '무대'(28회), '한국'(26회), '놀런'(25회), '감독'(25회), '고추'(23회) 순으로 나타났습니다. 특히 '무대' 관련 이슈가 가장 두드러졌으며, 대표 헤드라인은 ""혹시 진짜 피아니스트? 선우예권, tvN ‘포핸즈’ 깜짝 출연"" 입니다.",2026-09-09 09:04:03,성공,100,22,0,100.0
2026-09-09,문화일보,세계,20,시장(30); 대통령(20); 러시아(19); 한국(18); 미국(18),"2026-09-09 문화일보(세계) 기사 20건 분석 결과, 상위 키워드는 '시장'(30회), '대통령'(20회), '러시아'(19회), '한국'(18회), '미국'(18회) 순으로 나타났습니다. 특히 '시장' 관련 이슈가 가장 두드러졌으며, 대표 헤드라인은 ""‘잘 나가던 나이키마저’…주가 78% 폭락, S&P지수100서도 빠져"" 입니다.",2026-09-09 09:04:19,성공,100,23,34,-19.3
2026-09-09,문화일보,IT과학,20,고객(33); 기술(27); 반도체(26); 삼성전자(26); 시장(20),"2026-09-09 문화일보(IT과학) 기사 20건 분석 결과, 상위 키워드는 '고객'(33회), '기술'(27회), '반도체'(26회), '삼성전자'(26회), '시장'(20회) 순으로 나타났습니다. 특히 '고객' 관련 이슈가 가장 두드러졌으며, 대표 헤드라인은 ""NHN, 59 대 1 본선 경쟁 넘어 ‘NAN 2026’… ‘뜨거운 열기’"" 입니다.",2026-09-09 09:04:37,성공,100,88,0,100.0
2026-09-09,매일신문,주요뉴스,40,의원(44); 판사(30); 경찰(25); 법관(23); 공익(21),"2026-09-09 매일신문(주요뉴스) 기사 40건 분석 결과, 상위 키워드는 '의원'(44회), '판사'(30회), '경찰'(25회), '법관'(23회), '공익'(21회) 순으로 나타났습니다. 특히 '의원' 관련 이슈가 가장 두드러졌으며, 대표 헤드라인은 ""속보""李대통령 관련 석연찮은 죽음들 떠올라"" 박정훈, 살해협박 김승원 사건 공익신고자 신변보호 촉구"" 입니다.",2026-09-09 09:04:54,성공,100,18,132,-76.0
2026-09-09,매일신문,이슈,20,공휴일(36); 연휴(31); 판사(30); 임시(27); 혐의(22),"2026-09-09 매일신문(이슈) 기사 20건 분석 결과, 상위 키워드는 '공휴일'(36회), '연휴'(31회), '판사'(30회), '임시'(27회), '혐의'(22회) 순으로 나타났습니다. 특히 '공휴일' 관련 이슈가 가장 두드러졌으며, 대표 헤드라인은 """"직원들 나오지 마라"" 카페 문 닫은 그날…60대 여성은 냉동창고서 숨졌다조회수15,432"" 입니다.",2026-09-09 09:05:10,성공,100,34,103,-50.4
2026-09-09,매일신문,정치,20,의원(65); 후보자(50); 국민(40); 대통령(35); 인사(32),"2026-09-09 매일신문(정치) 기사 20건 분석 결과, 상위 키워드는 '의원'(65회), '후보자'(50회), '국민'(40회), '대통령'(35회), '인사'(32회) 순으로 나타났습니다. 특히 '의원' 관련 이슈가 가장 두드러졌으며, 대표 헤드라인은 ""[속보] ""李대통령 관련 석연찮은 죽음들 떠올라"" 박정훈, 살해협박 김승원 사건 공익신고자 신변보호 촉구"" 입니다.",2026-09-09 09:05:26,성공,100,54,92,-26.0
2026-09-09,매일신문,경제,20,산업(46); 사업(42); 대구(39); 지원(31); 기업(31),"2026-09-09 매일신문(경제) 기사 20건 분석 결과, 상위 키워드는 '산업'(46회), '사업'(42회), '대구'(39회), '지원'(31회), '기업'(31회) 순으로 나타났습니다. 특히 '산업' 관련 이슈가 가장 두드러졌으며, 대표 헤드라인은 ""끊겼던 말발굽 소리, 65년 만에 영천서 되살아난다"" 입니다.",2026-09-09 09:05:46,성공,100,123,13,80.9
2026-09-09,매일신문,사회,20,항만(21); 영천(21); 확인(17); 경찰(17); 부산(16),"2026-09-09 매일신문(사회) 기사 20건 분석 결과, 상위 키워드는 '항만'(21회), '영천'(21회), '확인'(17회), '경찰'(17회), '부산'(16회) 순으로 나타났습니다. 특히 '항만' 관련 이슈가 가장 두드러졌으며, 대표 헤드라인은 ""예천 호명여성자율방범대, 경찰청 '베스트 자율방범대' 선정"" 입니다.",2026-09-09 09:06:06,성공,100,52,44,8.3
2026-09-09,매일신문,문화,20,문화(47); 공연(41); 지역(39); 예술(35); 대구(33),"2026-09-09 매일신문(문화) 기사 20건 분석 결과, 상위 키워드는 '문화'(47회), '공연'(41회), '지역'(39회), '예술'(35회), '대구'(33회) 순으로 나타났습니다. 특히 '문화' 관련 이슈가 가장 두드러졌으며, 대표 헤드라인은 ""[건강 플러스] 벌써 독감이? 9월부터 고개 든 인플루엔자…감기·코로나와 어떻게 다를까"" 입니다.",2026-09-09 09:06:27,성공,100,83,0,100.0
2026-09-09,매일신문,세계,20,미국(43); 한국(25); 시간(25); 대통령(25); 북한(23),"2026-09-09 매일신문(세계) 기사 20건 분석 결과, 상위 키워드는 '미국'(43회), '한국'(25회), '시간'(25회), '대통령'(25회), '북한'(23회) 순으로 나타났습니다. 특히 '미국' 관련 이슈가 가장 두드러졌으며, 대표 헤드라인은 ""미군, 이란 유조선 5척 격침…""미 함정 공격에 대한 보복"""" 입니다.",2026-09-09 09:06:46,성공,100,19,61,-52.5
2026-09-09,매일신문,IT과학,20,기업(59); 로봇(48); 생산(44); 버스(35); 미국(32),"2026-09-09 매일신문(IT과학) 기사 20건 분석 결과, 상위 키워드는 '기업'(59회), '로봇'(48회), '생산'(44회), '버스'(35회), '미국'(32회) 순으로 나타났습니다. 특히 '기업' 관련 이슈가 가장 두드러졌으며, 대표 헤드라인은 ""대구정보보호지원센터, 생성형 AI 사이버 위협 대응 세미나 개최"" 입니다.",2026-09-09 09:07:04,성공,100,114,17,74.0
2026-09-09,데일리안,주요뉴스,40,대통령(46); 협력(37); 차체(36); 이란(30); 데일리안(30),"2026-09-09 데일리안(주요뉴스) 기사 40건 분석 결과, 상위 키워드는 '대통령'(46회), '협력'(37회), '차체'(36회), '이란'(30회), '데일리안'(30회) 순으로 나타났습니다. 특히 '대통령' 관련 이슈가 가장 두드러졌으며, 대표 헤드라인은 ""청문회로 넘긴 靑의 셈법…'김승원·용혜인' 이진숙·강선우 수순 밟나"" 입니다.",2026-09-09 09:07:23,성공,100,86,79,4.2
2026-09-09,데일리안,이슈,20,의원(39); 데일리안(34); 후보자(31); 대통령(25); 대표(25),"2026-09-09 데일리안(이슈) 기사 20건 분석 결과, 상위 키워드는 '의원'(39회), '데일리안'(34회), '후보자'(31회), '대통령'(25회), '대표'(25회) 순으로 나타났습니다. 특히 '의원' 관련 이슈가 가장 두드러졌으며, 대표 헤드라인은 ""[속보] 후티·사우디 충돌에 유가 급등…뉴욕증시, 2거래일 연속 하락 '다우 1.18%↓'"" 입니다.",2026-09-09 09:07:42,성공,100,17,39,-39.3
2026-09-09,데일리안,정치,20,후보자(80); 대통령(63); 대표(56); 민주당(49); 협력(39),"2026-09-09 데일리안(정치) 기사 20건 분석 결과, 상위 키워드는 '후보자'(80회), '대통령'(63회), '대표'(56회), '민주당'(49회), '협력'(39회) 순으로 나타났습니다. 특히 '후보자' 관련 이슈가 가장 두드러졌으며, 대표 헤드라인은 ""시진핑·푸틴, 北 9·9절 축전…북중·북러 관계 강화 재확인"" 입니다.",2026-09-09 09:08:02,성공,100,131,67,32.3
2026-09-09,데일리안,경제,20,대출(68); 전력(36); 차체(36); 데일리안(30); 공장(26),"2026-09-09 데일리안(경제) 기사 20건 분석 결과, 상위 키워드는 '대출'(68회), '전력'(36회), '차체'(36회), '데일리안'(30회), '공장'(26회) 순으로 나타났습니다. 특히 '대출' 관련 이슈가 가장 두드러졌으며, 대표 헤드라인은 ""한화오션, 6800억 규모 태국 차세대 호위함 우선협상대상자 선정"" 입니다.",2026-09-09 09:08:22,성공,100,89,37,41.3
2026-09-09,데일리안,사회,20,지역(61); 청년(43); 교육(43); 의료(42); 사업(36),"2026-09-09 데일리안(사회) 기사 20건 분석 결과, 상위 키워드는 '지역'(61회), '청년'(43회), '교육'(43회), '의료'(42회), '사업'(36회) 순으로 나타났습니다. 특히 '지역' 관련 이슈가 가장 두드러졌으며, 대표 헤드라인은 ""서울 강서구, 추석 맞아 지역상품권 2종 발행…최대 10% 할인 혜택"" 입니다.",2026-09-09 09:08:42,성공,100,126,18,75.0
2026-09-09,데일리안,문화,20,전력(36); 차체(36); 공장(28); 생산(27); 데일리안(25),"2026-09-09 데일리안(문화) 기사 20건 분석 결과, 상위 키워드는 '전력'(36회), '차체'(36회), '공장'(28회), '생산'(27회), '데일리안'(25회) 순으로 나타났습니다. 특히 '전력' 관련 이슈가 가장 두드러졌으며, 대표 헤드라인은 """"현대차그룹 공장 최초""…기아 PBV '다품종 생산' 비결은 [르포]"" 입니다.",2026-09-09 09:09:03,성공,100,46,12,58.6
2026-09-09,데일리안,세계,20,이란(45); 미국(41); 캐나다(38); 공격(36); 대통령(33),"2026-09-09 데일리안(세계) 기사 20건 분석 결과, 상위 키워드는 '이란'(45회), '미국'(41회), '캐나다'(38회), '공격'(36회), '대통령'(33회) 순으로 나타났습니다. 특히 '이란' 관련 이슈가 가장 두드러졌으며, 대표 헤드라인은 ""이란 “美 최첨단 무인 잠수함 나포”…美 “고장난 구형 드론” 반박"" 입니다.",2026-09-09 09:09:23,성공,100,25,97,-59.0
2026-09-09,데일리안,IT과학,20,정보(78); 방송(45); 위원장(38); 의원(30); 통신(29),"2026-09-09 데일리안(IT과학) 기사 20건 분석 결과, 상위 키워드는 '정보'(78회), '방송'(45회), '위원장'(38회), '의원'(30회), '통신'(29회) 순으로 나타났습니다. 특히 '정보' 관련 이슈가 가장 두드러졌으며, 대표 헤드라인은 ""KAIST·메타, AI 데이터센터 효율 높이는 새 구조 제시"" 입니다.",2026-09-09 09:09:43,성공,100,25,108,-62.4
2026-09-09,아시아경제,주요뉴스,40,액티브(59); 시장(55); 금리(43); 성장(35); 상관(35),"2026-09-09 아시아경제(주요뉴스) 기사 40건 분석 결과, 상위 키워드는 '액티브'(59회), '시장'(55회), '금리'(43회), '성장'(35회), '상관'(35회) 순으로 나타났습니다. 특히 '액티브' 관련 이슈가 가장 두드러졌으며, 대표 헤드라인은 ""한 달 만에 73% 급등했는데 ""더 오른다""…'역대급 실적' 한국콜마, 3분기도 '맑음'[이주의 관.종]"" 입니다.",2026-09-09 09:10:04,성공,100,271,29,80.7
2026-09-09,아시아경제,이슈,20,금리(63); 미국(39); 상승(38); 국채(37); 분기(27),"2026-09-09 아시아경제(이슈) 기사 20건 분석 결과, 상위 키워드는 '금리'(63회), '미국'(39회), '상승'(38회), '국채'(37회), '분기'(27회) 순으로 나타났습니다. 특히 '금리' 관련 이슈가 가장 두드러졌으며, 대표 헤드라인은 """"한국인 가두고 마사지 업소로 위장해""…최대 규모 인신매매 조직 운영한 중국女 징역형"" 입니다.",2026-09-09 09:10:24,성공,100,164,61,45.8
2026-09-09,아시아경제,정치,20,협력(100); 대통령(90); 프랑스(84); 확대(49); 기술(49),"2026-09-09 아시아경제(정치) 기사 20건 분석 결과, 상위 키워드는 '협력'(100회), '대통령'(90회), '프랑스'(84회), '확대'(49회), '기술'(49회) 순으로 나타났습니다. 특히 '협력' 관련 이슈가 가장 두드러졌으며, 대표 헤드라인은 ""美 이란 유조선 5척 파괴…후티·사우디 충돌에 유가 100달러 육박(종합)"" 입니다.",2026-09-09 09:10:44,성공,100,289,0,100.0
2026-09-09,아시아경제,경제,20,투자(32); 기술(30); 제작(28); 기업(28); 확대(26),"2026-09-09 아시아경제(경제) 기사 20건 분석 결과, 상위 키워드는 '투자'(32회), '기술'(30회), '제작'(28회), '기업'(28회), '확대'(26회) 순으로 나타났습니다. 특히 '투자' 관련 이슈가 가장 두드러졌으며, 대표 헤드라인은 ""코스닥, 3.18P 오른 815.06 출발(0.39%↑)"" 입니다.",2026-09-09 09:11:04,성공,100,97,0,100.0
2026-09-09,아시아경제,사회,20,축제(39); 공연(38); 사업(38); 데이터(22); 운영(22),"2026-09-09 아시아경제(사회) 기사 20건 분석 결과, 상위 키워드는 '축제'(39회), '공연'(38회), '사업'(38회), '데이터'(22회), '운영'(22회) 순으로 나타났습니다. 특히 '축제' 관련 이슈가 가장 두드러졌으며, 대표 헤드라인은 """"국회서 장미 문신 노출?""…용혜인당 부대변인 논란"" 입니다.",2026-09-09 09:11:24,성공,100,137,31,63.1
2026-09-09,아시아경제,문화,20,한국(28); 로봇(27); 부품(26); 생산(25); 국가유산청(22),"2026-09-09 아시아경제(문화) 기사 20건 분석 결과, 상위 키워드는 '한국'(28회), '로봇'(27회), '부품'(26회), '생산'(25회), '국가유산청'(22회) 순으로 나타났습니다. 특히 '한국' 관련 이슈가 가장 두드러졌으며, 대표 헤드라인은 ""현대차, 국가유산 돌봄 현장에 착용 로봇 '엑스블 숄더' 지원"" 입니다.",2026-09-09 09:11:45,성공,100,52,0,100.0
2026-09-09,아시아경제,세계,20,이란(52); 미국(37); 사우디(31); 공격(30); 규모(25),"2026-09-09 아시아경제(세계) 기사 20건 분석 결과, 상위 키워드는 '이란'(52회), '미국'(37회), '사우디'(31회), '공격'(30회), '규모'(25회) 순으로 나타났습니다. 특히 '이란' 관련 이슈가 가장 두드러졌으며, 대표 헤드라인은 """"전 여러분의 적이 아닙니다""…할리우드 뒤흔든 AI 배우, 첫 언론 인터뷰"" 입니다.",2026-09-09 09:12:05,성공,100,27,73,-46.0
2026-09-09,아시아경제,IT과학,20,연구(85); 기술(40); 국가(37); 사업(36); 전략(30),"2026-09-09 아시아경제(IT과학) 기사 20건 분석 결과, 상위 키워드는 '연구'(85회), '기술'(40회), '국가'(37회), '사업'(36회), '전략'(30회) 순으로 나타났습니다. 특히 '연구' 관련 이슈가 가장 두드러졌으며, 대표 헤드라인은 ""대학 원천기술, 세계적 기업으로 키우려면…딥테크 스케일업 해법 찾는다"" 입니다.",2026-09-09 09:12:25,성공,100,197,11,89.4
2026-09-10,조선일보,주요뉴스,40,후보자(44); 대표(31); 장관(27); 대통령(27); 트럼프(26),"2026-09-10 조선일보(주요뉴스) 기사 40건 분석 결과, 상위 키워드는 '후보자'(44회), '대표'(31회), '장관'(27회), '대통령'(27회), '트럼프'(26회) 순으로 나타났습니다. 특히 '후보자' 관련 이슈가 가장 두드러졌으며, 대표 헤드라인은 ""비거주·영끌 ‘나쁜 1주택자’ 장관 후보들... 李정부의 부동산 자승자박"" 입니다.",2026-09-10 09:00:33,성공,100,24,42,-27.3
2026-09-10,조선일보,이슈,20,후보자(52); 이식(33); 여성(33); 신장(31); 우주(25),"2026-09-10 조선일보(이슈) 기사 20건 분석 결과, 상위 키워드는 '후보자'(52회), '이식'(33회), '여성'(33회), '신장'(31회), '우주'(25회) 순으로 나타났습니다. 특히 '후보자' 관련 이슈가 가장 두드러졌으며, 대표 헤드라인은 ""“누가 좋아서 해, 먹고살려고 하지”…매일 종로로 출근하는 76세 ‘박카스 할머니’"" 입니다.",2026-09-10 09:00:53,성공,100,36,32,5.9
2026-09-10,조선일보,정치,20,후보자(60); 대표(47); 의원(40); 대통령(39); 국회(33),"2026-09-10 조선일보(정치) 기사 20건 분석 결과, 상위 키워드는 '후보자'(60회), '대표'(47회), '의원'(40회), '대통령'(39회), '국회'(33회) 순으로 나타났습니다. 특히 '후보자' 관련 이슈가 가장 두드러졌으며, 대표 헤드라인은 ""韓총리 “중동 사태 장기화 대비해 원유 11월 이후 물량 확보하라”"" 입니다.",2026-09-10 09:01:13,성공,100,41,69,-25.5
2026-09-10,조선일보,경제,20,금리(28); 연금(25); 국채(24); 시장(24); 기업(22),"2026-09-10 조선일보(경제) 기사 20건 분석 결과, 상위 키워드는 '금리'(28회), '연금'(25회), '국채'(24회), '시장'(24회), '기업'(22회) 순으로 나타났습니다. 특히 '금리' 관련 이슈가 가장 두드러졌으며, 대표 헤드라인은 ""구윤철 “우리 경제 회복세 한층 뚜렷”"" 입니다.",2026-09-10 09:01:38,성공,100,113,23,66.2
2026-09-10,조선일보,사회,20,암표(27); 티켓(24); 학생(23); 아이(22); 재산(22),"2026-09-10 조선일보(사회) 기사 20건 분석 결과, 상위 키워드는 '암표'(27회), '티켓'(24회), '학생'(23회), '아이'(22회), '재산'(22회) 순으로 나타났습니다. 특히 '암표' 관련 이슈가 가장 두드러졌으며, 대표 헤드라인은 ""‘발차기 배우던 체육관’… 집 잃은 네팔 아이들 둥지 됐다"" 입니다.",2026-09-10 09:01:59,성공,100,13,16,-10.3
2026-09-10,조선일보,문화,20,자동차(25); 검진(25); 만해(24); 수술(24); 대상(22),"2026-09-10 조선일보(문화) 기사 20건 분석 결과, 상위 키워드는 '자동차'(25회), '검진'(25회), '만해'(24회), '수술'(24회), '대상'(22회) 순으로 나타났습니다. 특히 '자동차' 관련 이슈가 가장 두드러졌으며, 대표 헤드라인은 ""1930년대 군산… 운송업 장악한 포드 자동차"" 입니다.",2026-09-10 09:02:21,성공,100,16,10,23.1
2026-09-10,조선일보,세계,20,이란(55); 트럼프(44); 미국(40); 드론(38); 공격(23),"2026-09-10 조선일보(세계) 기사 20건 분석 결과, 상위 키워드는 '이란'(55회), '트럼프'(44회), '미국'(40회), '드론'(38회), '공격'(23회) 순으로 나타났습니다. 특히 '이란' 관련 이슈가 가장 두드러졌으며, 대표 헤드라인은 ""개막 3시간 지나도 텅텅 빈 객석...예전 같지 않은 ‘트럼프 쇼’ 열기"" 입니다.",2026-09-10 09:02:42,성공,100,18,107,-71.2
2026-09-10,조선일보,IT과학,20,우주(54); 보안(40); 미국(37); 이식(33); 연구(32),"2026-09-10 조선일보(IT과학) 기사 20건 분석 결과, 상위 키워드는 '우주'(54회), '보안'(40회), '미국'(37회), '이식'(33회), '연구'(32회) 순으로 나타났습니다. 특히 '우주' 관련 이슈가 가장 두드러졌으며, 대표 헤드라인은 ""애플, 첫 폴더블폰 ‘아이폰 듀오’ 공개...“아이폰을 AI시대 기기로”"" 입니다.",2026-09-10 09:03:02,성공,100,34,7,65.9
2026-09-10,문화일보,주요뉴스,40,경찰(38); 검찰(28); 수사(26); 확인(26); 조사(25),"2026-09-10 문화일보(주요뉴스) 기사 40건 분석 결과, 상위 키워드는 '경찰'(38회), '검찰'(28회), '수사'(26회), '확인'(26회), '조사'(25회) 순으로 나타났습니다. 특히 '경찰' 관련 이슈가 가장 두드러졌으며, 대표 헤드라인은 ""속보국민 47% “검찰 신뢰한다”, 28% “경찰 신뢰한다”-미디어토마토"" 입니다.",2026-09-10 09:03:25,성공,100,21,73,-55.3
2026-09-10,문화일보,이슈,20,대통령(25); 경찰(22); 여성(21); 수사(21); 이더리움(19),"2026-09-10 문화일보(이슈) 기사 20건 분석 결과, 상위 키워드는 '대통령'(25회), '경찰'(22회), '여성'(21회), '수사'(21회), '이더리움'(19회) 순으로 나타났습니다. 특히 '대통령' 관련 이슈가 가장 두드러졌으며, 대표 헤드라인은 ""[속보]“대통령 지지했지만 현재는 안해” 28.4%-미디어토마토"" 입니다.",2026-09-10 09:03:47,성공,100,25,86,-55.0
2026-09-10,문화일보,정치,20,후보자(62); 의원(47); 대통령(34); 장관(30); 검찰(28),"2026-09-10 문화일보(정치) 기사 20건 분석 결과, 상위 키워드는 '후보자'(62회), '의원'(47회), '대통령'(34회), '장관'(30회), '검찰'(28회) 순으로 나타났습니다. 특히 '후보자' 관련 이슈가 가장 두드러졌으며, 대표 헤드라인은 ""이용철 방사청장, 폴란드 MSPO 2026 참석…K-방산 유럽시장 수출 지원"" 입니다.",2026-09-10 09:04:08,성공,100,41,81,-32.8
2026-09-10,문화일보,경제,20,와인(32); 투자(23); 기업(20); 여성(20); 서울(19),"2026-09-10 문화일보(경제) 기사 20건 분석 결과, 상위 키워드는 '와인'(32회), '투자'(23회), '기업'(20회), '여성'(20회), '서울'(19회) 순으로 나타났습니다. 특히 '와인' 관련 이슈가 가장 두드러졌으며, 대표 헤드라인은 ""“가볍지만 든든하다”…팀홀튼, 가을 맞아 샐러드·머핀 신제품 출시"" 입니다.",2026-09-10 09:04:28,성공,100,62,5,85.1
2026-09-10,문화일보,사회,20,사업(52); 추진(33); 지역(28); 지원(26); 확인(24),"2026-09-10 문화일보(사회) 기사 20건 분석 결과, 상위 키워드는 '사업'(52회), '추진'(33회), '지역'(28회), '지원'(26회), '확인'(24회) 순으로 나타났습니다. 특히 '사업' 관련 이슈가 가장 두드러졌으며, 대표 헤드라인은 ""[단독] 오세훈표 ‘청년 AI 예산’ 전액 삭감 위기에…서울시의회 여야 ‘끝장토론’"" 입니다.",2026-09-10 09:04:48,성공,100,149,13,84.0
2026-09-10,문화일보,문화,20,주행(26); 작가(21); 자율(20); 서울(19); 문화(19),"2026-09-10 문화일보(문화) 기사 20건 분석 결과, 상위 키워드는 '주행'(26회), '작가'(21회), '자율'(20회), '서울'(19회), '문화'(19회) 순으로 나타났습니다. 특히 '주행' 관련 이슈가 가장 두드러졌으며, 대표 헤드라인은 ""헬싱키 필하모닉 첫 내한… 사라스테, 양인모와 시벨리우스로 만난다"" 입니다.",2026-09-10 09:05:08,성공,100,23,0,100.0
2026-09-10,문화일보,세계,20,미국(39); 대통령(36); 아이슬란드(30); 이스라엘(27); 트럼프(22),"2026-09-10 문화일보(세계) 기사 20건 분석 결과, 상위 키워드는 '미국'(39회), '대통령'(36회), '아이슬란드'(30회), '이스라엘'(27회), '트럼프'(22회) 순으로 나타났습니다. 특히 '미국' 관련 이슈가 가장 두드러졌으며, 대표 헤드라인은 ""아이폰 듀오 발표했는데…애플 주가 0.3% 내린채 마감"" 입니다.",2026-09-10 09:05:27,성공,100,15,30,-33.3
2026-09-10,문화일보,IT과학,20,고객(43); 업무(35); 검진(34); 기술(34); 반도체(24),"2026-09-10 문화일보(IT과학) 기사 20건 분석 결과, 상위 키워드는 '고객'(43회), '업무'(35회), '검진'(34회), '기술'(34회), '반도체'(24회) 순으로 나타났습니다. 특히 '고객' 관련 이슈가 가장 두드러졌으며, 대표 헤드라인은 ""아이폰 듀오 발표했는데…애플 주가 0.3% 내린채 마감"" 입니다.",2026-09-10 09:05:48,성공,100,78,12,73.3
2026-09-10,매일신문,주요뉴스,40,대통령(58); 이재명(41); 대표(38); 지지(32); 국민(27),"2026-09-10 매일신문(주요뉴스) 기사 40건 분석 결과, 상위 키워드는 '대통령'(58회), '이재명'(41회), '대표'(38회), '지지'(32회), '국민'(27회) 순으로 나타났습니다. 특히 '대통령' 관련 이슈가 가장 두드러졌으며, 대표 헤드라인은 ""속보이재명 정부 2년차 국민소득 4만달러 달성 가능성 ""더욱 확대"""" 입니다.",2026-09-10 09:06:09,성공,100,26,48,-29.7
2026-09-10,매일신문,이슈,20,대통령(56); 이재명(38); 공휴일(36); 연휴(32); 지지(31),"2026-09-10 매일신문(이슈) 기사 20건 분석 결과, 상위 키워드는 '대통령'(56회), '이재명'(38회), '공휴일'(36회), '연휴'(32회), '지지'(31회) 순으로 나타났습니다. 특히 '대통령' 관련 이슈가 가장 두드러졌으며, 대표 헤드라인은 ""'로또 1등' 당첨 직장인 ""빚 갚고 차 바꾸니 얼마 안남아…출근은 계속""조회수20,427"" 입니다.",2026-09-10 09:06:31,성공,100,28,33,-8.2
2026-09-10,매일신문,정치,20,대통령(81); 의원(57); 대표(49); 후보자(47); 지지(38),"2026-09-10 매일신문(정치) 기사 20건 분석 결과, 상위 키워드는 '대통령'(81회), '의원'(57회), '대표'(49회), '후보자'(47회), '지지'(38회) 순으로 나타났습니다. 특히 '대통령' 관련 이슈가 가장 두드러졌으며, 대표 헤드라인은 ""김민석, 수첩 속 '서울시장 필승카드' 해명…""내 이름도 있다"""" 입니다.",2026-09-10 09:06:52,성공,100,35,83,-40.7
2026-09-10,매일신문,경제,20,금융(44); 시장(39); 거래(35); 증가(34); 은행(32),"2026-09-10 매일신문(경제) 기사 20건 분석 결과, 상위 키워드는 '금융'(44회), '시장'(39회), '거래'(35회), '증가'(34회), '은행'(32회) 순으로 나타났습니다. 특히 '금융' 관련 이슈가 가장 두드러졌으며, 대표 헤드라인은 ""[속보] 이재명 정부 2년차 국민소득 4만달러 달성 가능성 ""더욱 확대"""" 입니다.",2026-09-10 09:07:14,성공,100,144,26,69.4
2026-09-10,매일신문,사회,20,지역(20); 구미(18); 교육(17); 경기도(17); 농촌(16),"2026-09-10 매일신문(사회) 기사 20건 분석 결과, 상위 키워드는 '지역'(20회), '구미'(18회), '교육'(17회), '경기도'(17회), '농촌'(16회) 순으로 나타났습니다. 특히 '지역' 관련 이슈가 가장 두드러졌으며, 대표 헤드라인은 ""신상진, '재정 비상' 추미애 직격 ""경기도 없애는 건 어떨까?""…부자 성남의 도발?"" 입니다.",2026-09-10 09:07:38,성공,100,27,30,-5.3
2026-09-10,매일신문,문화,20,대구(55); 전시(40); 작품(34); 다방(33); 무대(31),"2026-09-10 매일신문(문화) 기사 20건 분석 결과, 상위 키워드는 '대구'(55회), '전시'(40회), '작품'(34회), '다방'(33회), '무대'(31회) 순으로 나타났습니다. 특히 '대구' 관련 이슈가 가장 두드러졌으며, 대표 헤드라인은 ""대구콘서트하우스, 피아니스트 이영우 독주회 '슬픔의 저편'"" 입니다.",2026-09-10 09:07:59,성공,100,65,0,100.0
2026-09-10,매일신문,세계,20,미국(47); 이란(39); 캐나다(26); 북한(23); 원자로(23),"2026-09-10 매일신문(세계) 기사 20건 분석 결과, 상위 키워드는 '미국'(47회), '이란'(39회), '캐나다'(26회), '북한'(23회), '원자로'(23회) 순으로 나타났습니다. 특히 '미국' 관련 이슈가 가장 두드러졌으며, 대표 헤드라인은 ""애플도 접었다…329만원 '아이폰 듀오' 공개, 삼성과 정면승부"" 입니다.",2026-09-10 09:08:21,성공,100,7,65,-80.6
2026-09-10,매일신문,IT과학,19,기업(59); 로봇(48); 생산(44); 버스(35); 미국(32),"2026-09-10 매일신문(IT과학) 기사 19건 분석 결과, 상위 키워드는 '기업'(59회), '로봇'(48회), '생산'(44회), '버스'(35회), '미국'(32회) 순으로 나타났습니다. 특히 '기업' 관련 이슈가 가장 두드러졌으며, 대표 헤드라인은 ""대구정보보호지원센터, 생성형 AI 사이버 위협 대응 세미나 개최"" 입니다.",2026-09-10 09:08:44,성공,100,114,17,74.0
2026-09-10,데일리안,주요뉴스,40,대표(93); 의원(92); 국회(65); 아이폰(62); 수첩(60),"2026-09-10 데일리안(주요뉴스) 기사 40건 분석 결과, 상위 키워드는 '대표'(93회), '의원'(92회), '국회'(65회), '아이폰'(62회), '수첩'(60회) 순으로 나타났습니다. 특히 '대표' 관련 이슈가 가장 두드러졌으며, 대표 헤드라인은 ""[단독] 90조 첨단전략기금 심의 기록 사실상 ‘공백’ …사후검증도 막혔다"" 입니다.",2026-09-10 09:09:06,성공,100,67,45,19.6
2026-09-10,데일리안,이슈,20,아이폰(63); 의원(62); 대표(43); 국회(37); 듀오(35),"2026-09-10 데일리안(이슈) 기사 20건 분석 결과, 상위 키워드는 '아이폰'(63회), '의원'(62회), '대표'(43회), '국회'(37회), '듀오'(35회) 순으로 나타났습니다. 특히 '아이폰' 관련 이슈가 가장 두드러졌으며, 대표 헤드라인은 ""[속보] 김민석, 수첩 논란 해명…""어떤 후보가 서울 필승 카드인가 분석하며 쓴 것"""" 입니다.",2026-09-10 09:09:29,성공,100,110,56,32.5
2026-09-10,데일리안,정치,20,대통령(81); 후보자(74); 대표(71); 의원(50); 장관(49),"2026-09-10 데일리안(정치) 기사 20건 분석 결과, 상위 키워드는 '대통령'(81회), '후보자'(74회), '대표'(71회), '의원'(50회), '장관'(49회) 순으로 나타났습니다. 특히 '대통령' 관련 이슈가 가장 두드러졌으며, 대표 헤드라인은 ""李대통령 지지율 38.2%…국민 10명 중 3명 ""지지 철회"" [미디어토마토]"" 입니다.",2026-09-10 09:09:51,성공,100,23,158,-74.6
2026-09-10,데일리안,경제,20,주택(50); 투자(42); 보증(39); 시장(34); 미국(34),"2026-09-10 데일리안(경제) 기사 20건 분석 결과, 상위 키워드는 '주택'(50회), '투자'(42회), '보증'(39회), '시장'(34회), '미국'(34회) 순으로 나타났습니다. 특히 '주택' 관련 이슈가 가장 두드러졌으며, 대표 헤드라인은 ""해진공, 폴란드사 국내 기업 유럽 물류거점 금융 지원 모색"" 입니다.",2026-09-10 09:10:14,성공,100,154,28,69.2
2026-09-10,데일리안,사회,20,서울(37); 지역(34); 주민(30); 지원(27); 청년(25),"2026-09-10 데일리안(사회) 기사 20건 분석 결과, 상위 키워드는 '서울'(37회), '지역'(34회), '주민'(30회), '지원'(27회), '청년'(25회) 순으로 나타났습니다. 특히 '서울' 관련 이슈가 가장 두드러졌으며, 대표 헤드라인은 ""'피터팬 아빠' 걱정에 답한 정부…""발달장애인 주말까지 24시간 지원"""" 입니다.",2026-09-10 09:10:37,성공,100,134,13,82.3
2026-09-10,데일리안,문화,20,개발(40); 의료(35); 서울(30); 기술(27); 데일리안(27),"2026-09-10 데일리안(문화) 기사 20건 분석 결과, 상위 키워드는 '개발'(40회), '의료'(35회), '서울'(30회), '기술'(27회), '데일리안'(27회) 순으로 나타났습니다. 특히 '개발' 관련 이슈가 가장 두드러졌으며, 대표 헤드라인은 ""술잔 대신 노트북…달라진 2030 모임 공식 [Now 2.30]"" 입니다.",2026-09-10 09:11:00,성공,100,62,15,61.0
2026-09-10,데일리안,세계,20,이란(33); 트럼프(27); 미국(26); 대통령(26); 금리(25),"2026-09-10 데일리안(세계) 기사 20건 분석 결과, 상위 키워드는 '이란'(33회), '트럼프'(27회), '미국'(26회), '대통령'(26회), '금리'(25회) 순으로 나타났습니다. 특히 '이란' 관련 이슈가 가장 두드러졌으며, 대표 헤드라인은 ""'3배 바이백'에도 시장은 시큰둥…美국채 금리 되레 3년래 최고"" 입니다.",2026-09-10 09:11:22,성공,100,47,55,-7.8
2026-09-10,데일리안,IT과학,20,아이폰(98); 애플(40); 듀오(35); 프로(34); 데이터(34),"2026-09-10 데일리안(IT과학) 기사 20건 분석 결과, 상위 키워드는 '아이폰'(98회), '애플'(40회), '듀오'(35회), '프로'(34회), '데이터'(34회) 순으로 나타났습니다. 특히 '아이폰' 관련 이슈가 가장 두드러졌으며, 대표 헤드라인은 """"메기가 등장했다""…접는 애플 아이폰이 불 붙인 '폴더블 대전'"" 입니다.",2026-09-10 09:11:44,성공,100,138,25,69.3
2026-09-10,아시아경제,주요뉴스,40,사업(51); 미국(35); 해외(34); 이란(32); 투자(30),"2026-09-10 아시아경제(주요뉴스) 기사 40건 분석 결과, 상위 키워드는 '사업'(51회), '미국'(35회), '해외'(34회), '이란'(32회), '투자'(30회) 순으로 나타났습니다. 특히 '사업' 관련 이슈가 가장 두드러졌으며, 대표 헤드라인은 """"무서워, 제발 지금 일본 가지 마라""…사망자 나오고 전철 멈추자 여행객 '비상'"" 입니다.",2026-09-10 09:12:06,성공,100,118,19,72.3
2026-09-10,아시아경제,이슈,20,금리(54); 미국(51); 투자(42); 수익(37); 상승(34),"2026-09-10 아시아경제(이슈) 기사 20건 분석 결과, 상위 키워드는 '금리'(54회), '미국'(51회), '투자'(42회), '수익'(37회), '상승'(34회) 순으로 나타났습니다. 특히 '금리' 관련 이슈가 가장 두드러졌으며, 대표 헤드라인은 """"무서워, 제발 지금 일본 가지 마라""…사망자 나오고 전철 멈추자 여행객 '비상'"" 입니다.",2026-09-10 09:12:27,성공,100,149,63,40.6
2026-09-10,아시아경제,정치,20,대통령(67); 프랑스(37); 협력(29); 경제(27); 대표(25),"2026-09-10 아시아경제(정치) 기사 20건 분석 결과, 상위 키워드는 '대통령'(67회), '프랑스'(37회), '협력'(29회), '경제'(27회), '대표'(25회) 순으로 나타났습니다. 특히 '대통령' 관련 이슈가 가장 두드러졌으며, 대표 헤드라인은 ""김민석, 서울시장 후보군 메모는 ""훈식·원식·청래·현종…MS는 제 이름"""" 입니다.",2026-09-10 09:12:45,성공,100,81,31,44.6
2026-09-10,아시아경제,경제,20,일본(24); 청년(23); 보험(20); 기업(20); 단지(19),"2026-09-10 아시아경제(경제) 기사 20건 분석 결과, 상위 키워드는 '일본'(24회), '청년'(23회), '보험'(20회), '기업'(20회), '단지'(19회) 순으로 나타났습니다. 특히 '일본' 관련 이슈가 가장 두드러졌으며, 대표 헤드라인은 ""NH아문디운용, 'HANARO Fn K-반도체 ETF' 연초 이후 수익률 1위"" 입니다.",2026-09-10 09:13:05,성공,100,67,6,83.6
2026-09-10,아시아경제,사회,20,점검(24); 무역(18); 조작(17); 운영(17); 하객(17),"2026-09-10 아시아경제(사회) 기사 20건 분석 결과, 상위 키워드는 '점검'(24회), '무역'(18회), '조작'(17회), '운영'(17회), '하객'(17회) 순으로 나타났습니다. 특히 '점검' 관련 이슈가 가장 두드러졌으며, 대표 헤드라인은 """"본인 책 1600권 사재기해 베스트셀러 등극""…순위 조작한 유명 에세이 작가 덜미"" 입니다.",2026-09-10 09:13:25,성공,100,34,27,11.5
2026-09-10,아시아경제,문화,20,관광(36); 부산(25); 지역(20); 지방(19); 독서(19),"2026-09-10 아시아경제(문화) 기사 20건 분석 결과, 상위 키워드는 '관광'(36회), '부산'(25회), '지역'(20회), '지방'(19회), '독서'(19회) 순으로 나타났습니다. 특히 '관광' 관련 이슈가 가장 두드러졌으며, 대표 헤드라인은 ""정부, 방송영상산업 5개년 청사진 2년 앞당겨 발표"" 입니다.",2026-09-10 09:13:44,성공,100,43,0,100.0
2026-09-10,아시아경제,세계,20,국채(59); 금리(42); 이란(34); 미국(32); 규모(30),"2026-09-10 아시아경제(세계) 기사 20건 분석 결과, 상위 키워드는 '국채'(59회), '금리'(42회), '이란'(34회), '미국'(32회), '규모'(30회) 순으로 나타났습니다. 특히 '국채' 관련 이슈가 가장 두드러졌으며, 대표 헤드라인은 ""제니에 ""제발 손절해라"" 속출…""아디다스 사지마세요"" 불매 확산하는 이유"" 입니다.",2026-09-10 09:14:04,성공,100,108,45,41.2
2026-09-10,아시아경제,IT과학,20,연구(45); 오픈(36); 기업(36); 기술(35); 정보(26),"2026-09-10 아시아경제(IT과학) 기사 20건 분석 결과, 상위 키워드는 '연구'(45회), '오픈'(36회), '기업'(36회), '기술'(35회), '정보'(26회) 순으로 나타났습니다. 특히 '연구' 관련 이슈가 가장 두드러졌으며, 대표 헤드라인은 ""매일 약 먹던 고양이, 주사 한 번으로…국산 방사성치료제 첫 허가[과학을읽다]"" 입니다.",2026-09-10 09:14:23,성공,100,85,10,78.9
2026-09-11,조선일보,주요뉴스,40,후보자(45); 트럼프(33); 경로당(32); 대통령(26); 의원(26),"2026-09-11 조선일보(주요뉴스) 기사 40건 분석 결과, 상위 키워드는 '후보자'(45회), '트럼프'(33회), '경로당'(32회), '대통령'(26회), '의원'(26회) 순으로 나타났습니다. 특히 '후보자' 관련 이슈가 가장 두드러졌으며, 대표 헤드라인은 ""김승원 대신 한동훈 때리기… 與, 적반하장 ‘장관 청문회’"" 입니다.",2026-09-11 09:00:30,성공,100,21,67,-52.3
2026-09-11,조선일보,이슈,20,트럼프(60); 의원(42); 경로당(32); 미국(32); 가을(24),"2026-09-11 조선일보(이슈) 기사 20건 분석 결과, 상위 키워드는 '트럼프'(60회), '의원'(42회), '경로당'(32회), '미국'(32회), '가을'(24회) 순으로 나타났습니다. 특히 '트럼프' 관련 이슈가 가장 두드러졌으며, 대표 헤드라인은 ""“돈 내고 눈치보기 싫어” 경로당 떠나는 노인들"" 입니다.",2026-09-11 09:00:46,성공,100,12,46,-58.6
2026-09-11,조선일보,정치,20,후보자(101); 의원(97); 민주당(53); 장관(52); 국회(48),"2026-09-11 조선일보(정치) 기사 20건 분석 결과, 상위 키워드는 '후보자'(101회), '의원'(97회), '민주당'(53회), '장관'(52회), '국회'(48회) 순으로 나타났습니다. 특히 '후보자' 관련 이슈가 가장 두드러졌으며, 대표 헤드라인은 ""韓 네팔 구호대 1·2진 교대... 2진은 재건복구팀으로 구성"" 입니다.",2026-09-11 09:01:02,성공,100,27,123,-64.0
2026-09-11,조선일보,경제,20,기업(36); 투자(28); 시장(28); 현장(27); 노조(25),"2026-09-11 조선일보(경제) 기사 20건 분석 결과, 상위 키워드는 '기업'(36회), '투자'(28회), '시장'(28회), '현장'(27회), '노조'(25회) 순으로 나타났습니다. 특히 '기업' 관련 이슈가 가장 두드러졌으며, 대표 헤드라인은 ""“오후 4~8시 실시간 거래”…다음주 월요일부터 한국거래소 애프터마켓 개장"" 입니다.",2026-09-11 09:01:20,성공,100,97,22,63.0
2026-09-11,조선일보,사회,20,서울(34); 경로당(32); 경찰(31); 가을(24); 후보자(24),"2026-09-11 조선일보(사회) 기사 20건 분석 결과, 상위 키워드는 '서울'(34회), '경로당'(32회), '경찰'(31회), '가을'(24회), '후보자'(24회) 순으로 나타났습니다. 특히 '서울' 관련 이슈가 가장 두드러졌으며, 대표 헤드라인은 ""서천 앞바다서 해루질하던 70대, 물에 빠져 숨져"" 입니다.",2026-09-11 09:01:38,성공,100,9,13,-18.2
2026-09-11,조선일보,문화,20,미국(47); 한국(43); 공원(38); 중국(28); 육아(27),"2026-09-11 조선일보(문화) 기사 20건 분석 결과, 상위 키워드는 '미국'(47회), '한국'(43회), '공원'(38회), '중국'(28회), '육아'(27회) 순으로 나타났습니다. 특히 '미국' 관련 이슈가 가장 두드러졌으며, 대표 헤드라인은 ""[유석재의 돌발史전 2.0] 김구가 장제스를 움직였나, 아니면 이승만이 루스벨트를?"" 입니다.",2026-09-11 09:01:55,성공,100,19,0,100.0
2026-09-11,조선일보,세계,20,트럼프(87); 미국(50); 선거(36); 대통령(35); 정부(24),"2026-09-11 조선일보(세계) 기사 20건 분석 결과, 상위 키워드는 '트럼프'(87회), '미국'(50회), '선거'(36회), '대통령'(35회), '정부'(24회) 순으로 나타났습니다. 특히 '트럼프' 관련 이슈가 가장 두드러졌으며, 대표 헤드라인은 ""후티, 바브엘만데브 ‘파죽지세’ 진격... 홍해 요충지 연달아 함락"" 입니다.",2026-09-11 09:02:13,성공,100,10,67,-74.0
2026-09-11,조선일보,IT과학,20,제품(23); LG전자(22); 교수(22); 가전(21); 전자(21),"2026-09-11 조선일보(IT과학) 기사 20건 분석 결과, 상위 키워드는 '제품'(23회), 'LG전자'(22회), '교수'(22회), '가전'(21회), '전자'(21회) 순으로 나타났습니다. 특히 '제품' 관련 이슈가 가장 두드러졌으며, 대표 헤드라인은 ""“AI ‘난제 해결 경쟁’ 수학 망친다” ‘수학계 노벨상’ 수상자의 경고"" 입니다.",2026-09-11 09:02:31,성공,100,65,12,68.8
2026-09-11,문화일보,주요뉴스,40,의원(55); 질문(29); 총리(29); 국회(26); 직원(24),"2026-09-11 문화일보(주요뉴스) 기사 40건 분석 결과, 상위 키워드는 '의원'(55회), '질문'(29회), '총리'(29회), '국회'(26회), '직원'(24회) 순으로 나타났습니다. 특히 '의원' 관련 이슈가 가장 두드러졌으며, 대표 헤드라인은 ""[속보]美 반도체주 급락, 마이크론 -4.9%·하닉ADR -5.2%"" 입니다.",2026-09-11 09:02:49,성공,100,0,53,-100.0
2026-09-11,문화일보,이슈,20,후보자(46); 의원(42); 아이(24); 국회(24); 질문(18),"2026-09-11 문화일보(이슈) 기사 20건 분석 결과, 상위 키워드는 '후보자'(46회), '의원'(42회), '아이'(24회), '국회'(24회), '질문'(18회) 순으로 나타났습니다. 특히 '후보자' 관련 이슈가 가장 두드러졌으며, 대표 헤드라인은 ""[속보]美 반도체주 급락, 마이크론 -4.9%·하닉ADR -5.2%"" 입니다.",2026-09-11 09:03:07,성공,100,10,63,-72.6
2026-09-11,문화일보,정치,20,의원(64); 후보자(61); 장관(34); 국회(33); 질문(21),"2026-09-11 문화일보(정치) 기사 20건 분석 결과, 상위 키워드는 '의원'(64회), '후보자'(61회), '장관'(34회), '국회'(33회), '질문'(21회) 순으로 나타났습니다. 특히 '의원' 관련 이슈가 가장 두드러졌으며, 대표 헤드라인은 ""진중권 “김민석, 기어이 한동훈을 YS만들어 줄 모양…독재정권에서나 하던 일을”"" 입니다.",2026-09-11 09:03:25,성공,100,48,69,-17.9
2026-09-11,문화일보,경제,20,상승(47); 가격(29); 반도체(27); 정부(23); 지수(23),"2026-09-11 문화일보(경제) 기사 20건 분석 결과, 상위 키워드는 '상승'(47회), '가격'(29회), '반도체'(27회), '정부'(23회), '지수'(23회) 순으로 나타났습니다. 특히 '상승' 관련 이슈가 가장 두드러졌으며, 대표 헤드라인은 ""“50만개 동나도 또 찾는다”…롯데웰푸드 ‘찰떡아이스 우주떡집’의 대박 비결"" 입니다.",2026-09-11 09:03:43,성공,100,124,22,69.9
2026-09-11,문화일보,사회,20,기업(24); 사업(24); 지역(23); 참여(22); 주민(19),"2026-09-11 문화일보(사회) 기사 20건 분석 결과, 상위 키워드는 '기업'(24회), '사업'(24회), '지역'(23회), '참여'(22회), '주민'(19회) 순으로 나타났습니다. 특히 '기업' 관련 이슈가 가장 두드러졌으며, 대표 헤드라인은 ""강원도 자연환경연구공원, ‘제7회 멸종위기 동·식물 페스티벌’ 개최"" 입니다.",2026-09-11 09:04:07,성공,100,152,13,84.2
2026-09-11,문화일보,문화,20,횡성(29); 주행(26); 음악(23); 성당(23); 자율(20),"2026-09-11 문화일보(문화) 기사 20건 분석 결과, 상위 키워드는 '횡성'(29회), '주행'(26회), '음악'(23회), '성당'(23회), '자율'(20회) 순으로 나타났습니다. 특히 '횡성' 관련 이슈가 가장 두드러졌으며, 대표 헤드라인은 ""박해일이 정우성을 “韓영화 아이콘”이라 한 이유는…‘암살자(들)’서 조우"" 입니다.",2026-09-11 09:04:27,성공,100,11,0,100.0
2026-09-11,문화일보,세계,20,트럼프(52); 미국(49); 대통령(39); 이란(27); 선거(21),"2026-09-11 문화일보(세계) 기사 20건 분석 결과, 상위 키워드는 '트럼프'(52회), '미국'(49회), '대통령'(39회), '이란'(27회), '선거'(21회) 순으로 나타났습니다. 특히 '트럼프' 관련 이슈가 가장 두드러졌으며, 대표 헤드라인은 ""“길거리 용변, 다 중국인 짓이라고요?”…9년 간 日 거주한 중국인의 반론"" 입니다.",2026-09-11 09:04:52,성공,100,33,63,-31.2
2026-09-11,문화일보,IT과학,20,업무(35); 검진(34); 기술(34); 반도체(29); 기업(25),"2026-09-11 문화일보(IT과학) 기사 20건 분석 결과, 상위 키워드는 '업무'(35회), '검진'(34회), '기술'(34회), '반도체'(29회), '기업'(25회) 순으로 나타났습니다. 특히 '업무' 관련 이슈가 가장 두드러졌으며, 대표 헤드라인은 ""‘믿을만한가? 3만원대 웨어러블 스마트워치’…韓·中, 웨어러블 대전 막오르나"" 입니다.",2026-09-11 09:05:12,성공,100,103,10,82.3
2026-09-11,매일신문,주요뉴스,40,후보자(67); 장관(35); 의원(31); 산업(27); 의혹(26),"2026-09-11 매일신문(주요뉴스) 기사 40건 분석 결과, 상위 키워드는 '후보자'(67회), '장관'(35회), '의원'(31회), '산업'(27회), '의혹'(26회) 순으로 나타났습니다. 특히 '후보자' 관련 이슈가 가장 두드러졌으며, 대표 헤드라인은 ""용혜인 기자회견에 청와대 ""우리도 몰랐다…국민 반응 예민하게 본다"""" 입니다.",2026-09-11 09:05:30,성공,100,20,96,-65.5
2026-09-11,매일신문,이슈,20,후보자(49); 의원(29); 장관(28); 총리(23); 대통령(21),"2026-09-11 매일신문(이슈) 기사 20건 분석 결과, 상위 키워드는 '후보자'(49회), '의원'(29회), '장관'(28회), '총리'(23회), '대통령'(21회) 순으로 나타났습니다. 특히 '후보자' 관련 이슈가 가장 두드러졌으며, 대표 헤드라인은 ""용혜인 기자회견에 청와대 ""우리도 몰랐다…국민 반응 예민하게 본다""조회수5,962"" 입니다.",2026-09-11 09:05:48,성공,100,21,96,-64.1
2026-09-11,매일신문,정치,20,후보자(85); 의원(69); 장관(38); 국회(37); 대표(31),"2026-09-11 매일신문(정치) 기사 20건 분석 결과, 상위 키워드는 '후보자'(85회), '의원'(69회), '장관'(38회), '국회'(37회), '대표'(31회) 순으로 나타났습니다. 특히 '후보자' 관련 이슈가 가장 두드러졌으며, 대표 헤드라인은 ""'버티기' 돌입? 김승원 도어스테핑 재개…용혜인도 출근, 짧은 답변만"" 입니다.",2026-09-11 09:06:05,성공,100,16,125,-77.3
2026-09-11,매일신문,경제,20,대구(52); 지역(41); 시장(39); 분양(35); 팝업(28),"2026-09-11 매일신문(경제) 기사 20건 분석 결과, 상위 키워드는 '대구'(52회), '지역'(41회), '시장'(39회), '분양'(35회), '팝업'(28회) 순으로 나타났습니다. 특히 '대구' 관련 이슈가 가장 두드러졌으며, 대표 헤드라인은 ""국제유가 고공행진…WTI도 배럴당 100달러 돌파"" 입니다.",2026-09-11 09:06:24,성공,100,101,25,60.3
2026-09-11,매일신문,사회,20,혐의(29); 사업(27); 자살(24); 주민(24); 사고(23),"2026-09-11 매일신문(사회) 기사 20건 분석 결과, 상위 키워드는 '혐의'(29회), '사업'(27회), '자살'(24회), '주민'(24회), '사고'(23회) 순으로 나타났습니다. 특히 '혐의' 관련 이슈가 가장 두드러졌으며, 대표 헤드라인은 ""화학물질 유출사고 대비 어떻게?… 맞춤형 교육 필요성 목소리"" 입니다.",2026-09-11 09:06:43,성공,100,44,156,-56.0
2026-09-11,매일신문,문화,20,대구(57); 무지개(27); 진도(27); 축제(26); 역사(26),"2026-09-11 매일신문(문화) 기사 20건 분석 결과, 상위 키워드는 '대구'(57회), '무지개'(27회), '진도'(27회), '축제'(26회), '역사'(26회) 순으로 나타났습니다. 특히 '대구' 관련 이슈가 가장 두드러졌으며, 대표 헤드라인은 ""[팔도핫플레이스] 가자! 울돌목으로…올가을 '명량'이 다시 깨어난다"" 입니다.",2026-09-11 09:07:00,성공,100,76,0,100.0
2026-09-11,매일신문,세계,20,트럼프(57); 미국(57); 대통령(41); 선거(34); 이란(29),"2026-09-11 매일신문(세계) 기사 20건 분석 결과, 상위 키워드는 '트럼프'(57회), '미국'(57회), '대통령'(41회), '선거'(34회), '이란'(29회) 순으로 나타났습니다. 특히 '트럼프' 관련 이슈가 가장 두드러졌으며, 대표 헤드라인은 ""트럼프도 '현금살포'?…500달러 환급에 5000달러 공약, 李정부 소비쿠폰과 닮은 듯 다른 정치학"" 입니다.",2026-09-11 09:07:18,성공,100,26,67,-44.1
2026-09-11,매일신문,IT과학,20,기업(68); 산업(50); 로봇(48); 반도체(43); 생산(36),"2026-09-11 매일신문(IT과학) 기사 20건 분석 결과, 상위 키워드는 '기업'(68회), '산업'(50회), '로봇'(48회), '반도체'(43회), '생산'(36회) 순으로 나타났습니다. 특히 '기업' 관련 이슈가 가장 두드러졌으며, 대표 헤드라인은 ""반도체 산업의 핵심 '물'…TK 초격차 인프라 부각"" 입니다.",2026-09-11 09:07:36,성공,100,119,8,87.4
2026-09-11,데일리안,주요뉴스,40,의원(67); 후보자(46); 대표(28); 대통령(27); 시장(26),"2026-09-11 데일리안(주요뉴스) 기사 40건 분석 결과, 상위 키워드는 '의원'(67회), '후보자'(46회), '대표'(28회), '대통령'(27회), '시장'(26회) 순으로 나타났습니다. 특히 '의원' 관련 이슈가 가장 두드러졌으며, 대표 헤드라인은 ""용혜인, 34분간 반박하며 사퇴 거부…고심 깊어지는 여권"" 입니다.",2026-09-11 09:07:55,성공,100,55,80,-18.5
2026-09-11,데일리안,이슈,20,대표(64); 후보자(58); 의원(56); 대통령(43); 미국(34),"2026-09-11 데일리안(이슈) 기사 20건 분석 결과, 상위 키워드는 '대표'(64회), '후보자'(58회), '의원'(56회), '대통령'(43회), '미국'(34회) 순으로 나타났습니다. 특히 '대표' 관련 이슈가 가장 두드러졌으며, 대표 헤드라인은 ""[속보] 뉴욕증시, 유가 고공행진·美 국채금리 급등에 나흘째 하락⋯다우 0.60%↓"" 입니다.",2026-09-11 09:08:13,성공,100,96,127,-13.9
2026-09-11,데일리안,정치,20,대통령(102); 의원(98); 후보자(97); 대표(67); 지지(64),"2026-09-11 데일리안(정치) 기사 20건 분석 결과, 상위 키워드는 '대통령'(102회), '의원'(98회), '후보자'(97회), '대표'(67회), '지지'(64회) 순으로 나타났습니다. 특히 '대통령' 관련 이슈가 가장 두드러졌으며, 대표 헤드라인은 ""추락하는 대통령 지지율을 높이는 방법 [최홍섭의 샬롬 살람]"" 입니다.",2026-09-11 09:08:32,성공,100,48,186,-59.0
2026-09-11,데일리안,경제,20,금융(54); 은행(46); 시장(42); 자산(41); 금리(39),"2026-09-11 데일리안(경제) 기사 20건 분석 결과, 상위 키워드는 '금융'(54회), '은행'(46회), '시장'(42회), '자산'(41회), '금리'(39회) 순으로 나타났습니다. 특히 '금융' 관련 이슈가 가장 두드러졌으며, 대표 헤드라인은 ""토마토 따서 APC에 맡기면 끝…농협이 책임지는 ‘수확 이후’ [현장]"" 입니다.",2026-09-11 09:08:51,성공,100,151,54,47.3
2026-09-11,데일리안,사회,20,훈련(28); 사법부(24); 교수(23); 세종메디칼(21); 서울(20),"2026-09-11 데일리안(사회) 기사 20건 분석 결과, 상위 키워드는 '훈련'(28회), '사법부'(24회), '교수'(23회), '세종메디칼'(21회), '서울'(20회) 순으로 나타났습니다. 특히 '훈련' 관련 이슈가 가장 두드러졌으며, 대표 헤드라인은 ""서울 강동구, 추석 앞두고 60억 규모 지역상품권 발행…5% 할인 혜택"" 입니다.",2026-09-11 09:09:16,성공,100,48,65,-15.0
2026-09-11,데일리안,문화,20,버스(40); 중국(39); 생산(37); 유럽(33); 시장(30),"2026-09-11 데일리안(문화) 기사 20건 분석 결과, 상위 키워드는 '버스'(40회), '중국'(39회), '생산'(37회), '유럽'(33회), '시장'(30회) 순으로 나타났습니다. 특히 '버스' 관련 이슈가 가장 두드러졌으며, 대표 헤드라인은 ""아침 최저 10도·낮 최고 30도 '큰 일교차 주의'…한기 느껴질 때 찾아오는 '이 질환', 예방하려면 [오늘 날씨]"" 입니다.",2026-09-11 09:09:40,성공,100,63,15,61.5
2026-09-11,데일리안,세계,20,미국(53); 이란(38); 금리(34); 투자(25); 대통령(23),"2026-09-11 데일리안(세계) 기사 20건 분석 결과, 상위 키워드는 '미국'(53회), '이란'(38회), '금리'(34회), '투자'(25회), '대통령'(23회) 순으로 나타났습니다. 특히 '미국' 관련 이슈가 가장 두드러졌으며, 대표 헤드라인은 ""美 눈 피해 3조원 오갔다…이란·중국 ‘석유 비밀거래’"" 입니다.",2026-09-11 09:10:01,성공,100,85,44,31.8
2026-09-11,데일리안,IT과학,20,지역(73); 콘텐츠(54); 기술(51); 케이블(40); 방송(38),"2026-09-11 데일리안(IT과학) 기사 20건 분석 결과, 상위 키워드는 '지역'(73회), '콘텐츠'(54회), '기술'(51회), '케이블'(40회), '방송'(38회) 순으로 나타났습니다. 특히 '지역' 관련 이슈가 가장 두드러졌으며, 대표 헤드라인은 """"애플 첫 폴더블, 단숨에 시장 2위 정조준"""" 입니다.",2026-09-11 09:10:21,성공,100,135,37,57.0
2026-09-11,아시아경제,주요뉴스,40,사업(36); 미국(28); 투자(23); 시장(20); 건설(19),"2026-09-11 아시아경제(주요뉴스) 기사 40건 분석 결과, 상위 키워드는 '사업'(36회), '미국'(28회), '투자'(23회), '시장'(20회), '건설'(19회) 순으로 나타났습니다. 특히 '사업' 관련 이슈가 가장 두드러졌으며, 대표 헤드라인은 ""속보반도체 수출 '역대 최대'…이달 10일까지 165억달러"" 입니다.",2026-09-11 09:10:41,성공,100,62,45,15.9
2026-09-11,아시아경제,이슈,20,금리(32); 수면(25); 미국(25); 시장(23); 현지(19),"2026-09-11 아시아경제(이슈) 기사 20건 분석 결과, 상위 키워드는 '금리'(32회), '수면'(25회), '미국'(25회), '시장'(23회), '현지'(19회) 순으로 나타났습니다. 특히 '금리' 관련 이슈가 가장 두드러졌으며, 대표 헤드라인은 """"살면서 한 번도 본 적 없는데 충격"" 잠실야구장 통로 한 가운데서 목격"" 입니다.",2026-09-11 09:11:03,성공,100,62,57,4.2
2026-09-11,아시아경제,정치,20,장관(33); 대통령(30); 문학(29); 의원(28); 한국(26),"2026-09-11 아시아경제(정치) 기사 20건 분석 결과, 상위 키워드는 '장관'(33회), '대통령'(30회), '문학'(29회), '의원'(28회), '한국'(26회) 순으로 나타났습니다. 특히 '장관' 관련 이슈가 가장 두드러졌으며, 대표 헤드라인은 ""李대통령 ""'피터팬 아빠' 소원 잊지 않겠다…발달장애 돌봄 확대"""" 입니다.",2026-09-11 09:11:22,성공,100,67,0,100.0
2026-09-11,아시아경제,경제,20,확대(25); 상품(25); 기업(22); 증가(22); 기술(21),"2026-09-11 아시아경제(경제) 기사 20건 분석 결과, 상위 키워드는 '확대'(25회), '상품'(25회), '기업'(22회), '증가'(22회), '기술'(21회) 순으로 나타났습니다. 특히 '확대' 관련 이슈가 가장 두드러졌으며, 대표 헤드라인은 ""7월까지 나라살림 적자 64.8조원…5년 만에 최저"" 입니다.",2026-09-11 09:11:44,성공,100,120,8,87.5
2026-09-11,아시아경제,사회,20,사업(53); 지역(53); 도시(53); 주민(42); 지원(40),"2026-09-11 아시아경제(사회) 기사 20건 분석 결과, 상위 키워드는 '사업'(53회), '지역'(53회), '도시'(53회), '주민'(42회), '지원'(40회) 순으로 나타났습니다. 특히 '사업' 관련 이슈가 가장 두드러졌으며, 대표 헤드라인은 ""성동구, 청년친화헌정대상 '정책대상'…6년 연속 수상"" 입니다.",2026-09-11 09:12:08,성공,100,132,17,77.2
2026-09-11,아시아경제,문화,20,문학(39); 문화(38); 작가(35); 지역(27); 도시(26),"2026-09-11 아시아경제(문화) 기사 20건 분석 결과, 상위 키워드는 '문학'(39회), '문화'(38회), '작가'(35회), '지역'(27회), '도시'(26회) 순으로 나타났습니다. 특히 '문학' 관련 이슈가 가장 두드러졌으며, 대표 헤드라인은 ""국진이빵으로 시작해 민음사빵까지…팬덤 굿즈로 진화 중인 '빵'"" 입니다.",2026-09-11 09:12:30,성공,100,140,0,100.0
2026-09-11,아시아경제,세계,20,미국(45); 금리(39); 투자(34); 분재(32); 협상(28),"2026-09-11 아시아경제(세계) 기사 20건 분석 결과, 상위 키워드는 '미국'(45회), '금리'(39회), '투자'(34회), '분재'(32회), '협상'(28회) 순으로 나타났습니다. 특히 '미국' 관련 이슈가 가장 두드러졌으며, 대표 헤드라인은 ""2분30초 만에 3000만원어치 싹쓸이…절도범들이 노린 뜻밖의 '고가품'"" 입니다.",2026-09-11 09:12:52,성공,100,100,59,25.8
2026-09-11,아시아경제,IT과학,20,기술(33); 수면(30); 카카오(27); 건강(27); 연구(25),"2026-09-11 아시아경제(IT과학) 기사 20건 분석 결과, 상위 키워드는 '기술'(33회), '수면'(30회), '카카오'(27회), '건강'(27회), '연구'(25회) 순으로 나타났습니다. 특히 '기술' 관련 이슈가 가장 두드러졌으며, 대표 헤드라인은 ""작은 AI에 여러 능력 넣었더니 '충돌'…국내 연구진 해법 찾았다[과학을읽다]"" 입니다.",2026-09-11 09:13:14,성공,100,61,21,48.8
2026-09-12,조선일보,주요뉴스,40,의원(39); 후보자(34); 법원(31); 제청(30); 국민(29),"2026-09-12 조선일보(주요뉴스) 기사 40건 분석 결과, 상위 키워드는 '의원'(39회), '후보자'(34회), '법원'(31회), '제청'(30회), '국민'(29회) 순으로 나타났습니다. 특히 '의원' 관련 이슈가 가장 두드러졌으며, 대표 헤드라인은 ""내 편만 지킨다, 공익신고자까지 때리는 與"" 입니다.",2026-09-12 09:00:36,성공,100,13,101,-77.2
2026-09-12,조선일보,이슈,20,의원(40); 후보자(39); 제청(38); 국민(32); 법관(30),"2026-09-12 조선일보(이슈) 기사 20건 분석 결과, 상위 키워드는 '의원'(40회), '후보자'(39회), '제청'(38회), '국민'(32회), '법관'(30회) 순으로 나타났습니다. 특히 '의원' 관련 이슈가 가장 두드러졌으며, 대표 헤드라인은 ""추미애, 산후조리비 기습 폐지... 경기도민 반대 청원 하루새 1만"" 입니다.",2026-09-12 09:00:59,성공,100,16,79,-66.3
2026-09-12,조선일보,정치,20,후보자(69); 의원(53); 국민(48); 장관(44); 대통령(33),"2026-09-12 조선일보(정치) 기사 20건 분석 결과, 상위 키워드는 '후보자'(69회), '의원'(53회), '국민'(48회), '장관'(44회), '대통령'(33회) 순으로 나타났습니다. 특히 '후보자' 관련 이슈가 가장 두드러졌으며, 대표 헤드라인은 ""합참 “北, 원산 일대서 동해상으로 탄도 미사일 수 발 발사”"" 입니다.",2026-09-12 09:01:20,성공,100,33,95,-48.4
2026-09-12,조선일보,경제,20,회장(36); 금융(36); 주민(25); 물가(23); 상승(23),"2026-09-12 조선일보(경제) 기사 20건 분석 결과, 상위 키워드는 '회장'(36회), '금융'(36회), '주민'(25회), '물가'(23회), '상승'(23회) 순으로 나타났습니다. 특히 '회장' 관련 이슈가 가장 두드러졌으며, 대표 헤드라인은 ""[산업X파일] 콜라 한 캔에 설탕세 125원?..대체당으로 번진 ‘설탕세’ 논쟁"" 입니다.",2026-09-12 09:01:40,성공,100,63,19,53.7
2026-09-12,조선일보,사회,20,근로자(35); 자신(29); 제청(28); 뭉크(28); 수용자(27),"2026-09-12 조선일보(사회) 기사 20건 분석 결과, 상위 키워드는 '근로자'(35회), '자신'(29회), '제청'(28회), '뭉크'(28회), '수용자'(27회) 순으로 나타났습니다. 특히 '근로자' 관련 이슈가 가장 두드러졌으며, 대표 헤드라인은 ""시속 104㎞로 과속 질주… 음주 사망사고 낸 20대, 징역 5년"" 입니다.",2026-09-12 09:02:02,성공,100,0,68,-100.0
2026-09-12,조선일보,문화,20,작품(30); 작가(29); 기후(28); 웹툰(26); 저자(24),"2026-09-12 조선일보(문화) 기사 20건 분석 결과, 상위 키워드는 '작품'(30회), '작가'(29회), '기후'(28회), '웹툰'(26회), '저자'(24회) 순으로 나타났습니다. 특히 '작품' 관련 이슈가 가장 두드러졌으며, 대표 헤드라인은 ""[그 영화 어때] 내가 인턴하면 안 되냐? 인턴할 수도 있잖아!"" 입니다.",2026-09-12 09:02:24,성공,100,10,17,-25.9
2026-09-12,조선일보,세계,20,미국(40); 트럼프(38); 이란(31); 전쟁(24); 해협(21),"2026-09-12 조선일보(세계) 기사 20건 분석 결과, 상위 키워드는 '미국'(40회), '트럼프'(38회), '이란'(31회), '전쟁'(24회), '해협'(21회) 순으로 나타났습니다. 특히 '미국' 관련 이슈가 가장 두드러졌으며, 대표 헤드라인은 ""트럼프 “9·11 테러는 끔찍한 악… 그게 우리가 오늘 싸우는 이유”"" 입니다.",2026-09-12 09:02:46,성공,100,11,79,-75.6
2026-09-12,조선일보,IT과학,20,데이터(32); 중국(30); 센터(28); 기업(27); 개발(27),"2026-09-12 조선일보(IT과학) 기사 20건 분석 결과, 상위 키워드는 '데이터'(32회), '중국'(30회), '센터'(28회), '기업'(27회), '개발'(27회) 순으로 나타났습니다. 특히 '데이터' 관련 이슈가 가장 두드러졌으며, 대표 헤드라인은 ""‘조언자’ 넘어 ‘공격 지휘자’ 된 AI… 무기 설계, 바이러스 변이 연구까지"" 입니다.",2026-09-12 09:03:10,성공,100,67,42,22.9
2026-09-12,문화일보,주요뉴스,40,후보자(51); 의원(50); 보험(34); 발사(27); 장관(27),"2026-09-12 문화일보(주요뉴스) 기사 40건 분석 결과, 상위 키워드는 '후보자'(51회), '의원'(50회), '보험'(34회), '발사'(27회), '장관'(27회) 순으로 나타났습니다. 특히 '후보자' 관련 이슈가 가장 두드러졌으며, 대표 헤드라인은 ""한동훈, 김민석을 짖는 개에 비유… “짖어놓고 물 용기 없어서 경찰 동원”"" 입니다.",2026-09-12 09:03:32,성공,100,20,34,-25.9
2026-09-12,문화일보,이슈,20,의원(43); 후보자(34); 발사(24); 북한(22); 보험(21),"2026-09-12 문화일보(이슈) 기사 20건 분석 결과, 상위 키워드는 '의원'(43회), '후보자'(34회), '발사'(24회), '북한'(22회), '보험'(21회) 순으로 나타났습니다. 특히 '의원' 관련 이슈가 가장 두드러졌으며, 대표 헤드라인은 ""휴전 발표 2시간 전 ‘귀신같이’ 매도…전쟁으로 트럼프는 59억 벌었다"" 입니다.",2026-09-12 09:03:53,성공,100,18,41,-39.0
2026-09-12,문화일보,정치,20,후보자(56); 북한(40); 의원(35); 장관(34); 발사(34),"2026-09-12 문화일보(정치) 기사 20건 분석 결과, 상위 키워드는 '후보자'(56회), '북한'(40회), '의원'(35회), '장관'(34회), '발사'(34회) 순으로 나타났습니다. 특히 '후보자' 관련 이슈가 가장 두드러졌으며, 대표 헤드라인은 ""[기고]국방의 본령을 바로 세우는 원년의 장관을 기대한다…“5대 안보 위기 수습 결단 필요”"" 입니다.",2026-09-12 09:04:13,성공,100,24,21,6.7
2026-09-12,문화일보,경제,20,한국(24); 투자(21); 환경(17); 기업(17); 시장(17),"2026-09-12 문화일보(경제) 기사 20건 분석 결과, 상위 키워드는 '한국'(24회), '투자'(21회), '환경'(17회), '기업'(17회), '시장'(17회) 순으로 나타났습니다. 특히 '한국' 관련 이슈가 가장 두드러졌으며, 대표 헤드라인은 ""9·11로 동생 잃은 러트닉 마음 사러가는 김정관…러트닉과 교회 예배 참석"" 입니다.",2026-09-12 09:04:33,성공,100,103,13,77.6
2026-09-12,문화일보,사회,20,의원(19); 후보자(19); 경찰(17); 이송(14); 여성(14),"2026-09-12 문화일보(사회) 기사 20건 분석 결과, 상위 키워드는 '의원'(19회), '후보자'(19회), '경찰'(17회), '이송'(14회), '여성'(14회) 순으로 나타났습니다. 특히 '의원' 관련 이슈가 가장 두드러졌으며, 대표 헤드라인은 ""여고 제자 성폭행하고 “내연녀” 가스라이팅한 40대 교사"" 입니다.",2026-09-12 09:04:54,성공,100,0,51,-100.0
2026-09-12,문화일보,문화,20,과학(36); 저자(23); 지도자(19); 인간(17); 시대(14),"2026-09-12 문화일보(문화) 기사 20건 분석 결과, 상위 키워드는 '과학'(36회), '저자'(23회), '지도자'(19회), '인간'(17회), '시대'(14회) 순으로 나타났습니다. 특히 '과학' 관련 이슈가 가장 두드러졌으며, 대표 헤드라인은 ""제네시스 ‘GV90’ 특별전시"" 입니다.",2026-09-12 09:05:16,성공,100,32,8,60.0
2026-09-12,문화일보,세계,20,트럼프(61); 대통령(57); 미국(41); 중국(20); 한국(19),"2026-09-12 문화일보(세계) 기사 20건 분석 결과, 상위 키워드는 '트럼프'(61회), '대통령'(57회), '미국'(41회), '중국'(20회), '한국'(19회) 순으로 나타났습니다. 특히 '트럼프' 관련 이슈가 가장 두드러졌으며, 대표 헤드라인은 ""트럼프 측근들만 진땀빼는 ‘1인당 5천달러’ 출처"" 입니다.",2026-09-12 09:05:35,성공,100,45,33,15.4
2026-09-12,문화일보,IT과학,20,기업(34); 삼성전자(33); 반도체(30); 기술(24); 게임(23),"2026-09-12 문화일보(IT과학) 기사 20건 분석 결과, 상위 키워드는 '기업'(34회), '삼성전자'(33회), '반도체'(30회), '기술'(24회), '게임'(23회) 순으로 나타났습니다. 특히 '기업' 관련 이슈가 가장 두드러졌으며, 대표 헤드라인은 ""반도체 ‘키다리 아저씨’ 삼성전자…공공 팹 기술력 끌어올렸다"" 입니다.",2026-09-12 09:05:55,성공,100,117,10,84.3
2026-09-12,매일신문,주요뉴스,40,안경(40); 의원(30); 반도체(27); 산업(25); 후보자(23),"2026-09-12 매일신문(주요뉴스) 기사 40건 분석 결과, 상위 키워드는 '안경'(40회), '의원'(30회), '반도체'(27회), '산업'(25회), '후보자'(23회) 순으로 나타났습니다. 특히 '안경' 관련 이슈가 가장 두드러졌으며, 대표 헤드라인은 ""김승원 법무장관 후보, 자녀 2명 분당 서현동 위장전입…""교육 목적 송구"""" 입니다.",2026-09-12 09:06:18,성공,100,28,97,-55.2
2026-09-12,매일신문,이슈,20,대통령(41); 안경(40); 의원(30); 전형(29); 후보자(26),"2026-09-12 매일신문(이슈) 기사 20건 분석 결과, 상위 키워드는 '대통령'(41회), '안경'(40회), '의원'(30회), '전형'(29회), '후보자'(26회) 순으로 나타났습니다. 특히 '대통령' 관련 이슈가 가장 두드러졌으며, 대표 헤드라인은 ""친구 몸 40곳 찌르고 바나나우유 훔친 정재환 ""술 취해 기억 안나""조회수5,784"" 입니다.",2026-09-12 09:06:41,성공,100,62,69,-5.3
2026-09-12,매일신문,정치,20,의원(74); 후보자(63); 대통령(48); 안경(40); 장관(39),"2026-09-12 매일신문(정치) 기사 20건 분석 결과, 상위 키워드는 '의원'(74회), '후보자'(63회), '대통령'(48회), '안경'(40회), '장관'(39회) 순으로 나타났습니다. 특히 '의원' 관련 이슈가 가장 두드러졌으며, 대표 헤드라인은 ""김승원 법무장관 후보, 자녀 2명 분당 서현동 위장전입…""교육 목적 송구"""" 입니다.",2026-09-12 09:07:03,성공,100,15,76,-67.0
2026-09-12,매일신문,경제,20,기업(66); 분배(34); 삼성전자(28); 상장(27); 투자(26),"2026-09-12 매일신문(경제) 기사 20건 분석 결과, 상위 키워드는 '기업'(66회), '분배'(34회), '삼성전자'(28회), '상장'(27회), '투자'(26회) 순으로 나타났습니다. 특히 '기업' 관련 이슈가 가장 두드러졌으며, 대표 헤드라인은 ""KB금융 차기 회장에 이재근…양종희 연임 무산 속 '세대교체' 방점"" 입니다.",2026-09-12 09:07:25,성공,100,209,0,100.0
2026-09-12,매일신문,사회,20,지역(32); 혐의(32); 전형(29); 안동(22); 대구(22),"2026-09-12 매일신문(사회) 기사 20건 분석 결과, 상위 키워드는 '지역'(32회), '혐의'(32회), '전형'(29회), '안동'(22회), '대구'(22회) 순으로 나타났습니다. 특히 '지역' 관련 이슈가 가장 두드러졌으며, 대표 헤드라인은 ""시내에서 시속 104㎞ 질주…만취해 사망사고 낸 20대 '징역 5년'"" 입니다.",2026-09-12 09:07:48,성공,100,30,134,-63.4
2026-09-12,매일신문,문화,20,대구(32); 역사(29); 중립(28); 무지개(27); 진도(27),"2026-09-12 매일신문(문화) 기사 20건 분석 결과, 상위 키워드는 '대구'(32회), '역사'(29회), '중립'(28회), '무지개'(27회), '진도'(27회) 순으로 나타났습니다. 특히 '대구' 관련 이슈가 가장 두드러졌으며, 대표 헤드라인은 ""경북 영천 거동사 대웅전, '보물' 승격된다"" 입니다.",2026-09-12 09:08:10,성공,100,53,6,79.7
2026-09-12,매일신문,세계,20,미국(49); 트럼프(31); 선거(26); 헤즈볼라(24); 규모(23),"2026-09-12 매일신문(세계) 기사 20건 분석 결과, 상위 키워드는 '미국'(49회), '트럼프'(31회), '선거'(26회), '헤즈볼라'(24회), '규모'(23회) 순으로 나타났습니다. 특히 '미국' 관련 이슈가 가장 두드러졌으며, 대표 헤드라인은 ""살바도르 이민자 17만명 체류 자격 미결…미 기업 해고 시작"" 입니다.",2026-09-12 09:08:31,성공,100,31,39,-11.4
2026-09-12,매일신문,IT과학,20,기업(71); 산업(49); 로봇(47); 반도체(43); 생산(36),"2026-09-12 매일신문(IT과학) 기사 20건 분석 결과, 상위 키워드는 '기업'(71회), '산업'(49회), '로봇'(47회), '반도체'(43회), '생산'(36회) 순으로 나타났습니다. 특히 '기업' 관련 이슈가 가장 두드러졌으며, 대표 헤드라인은 ""앤스로픽 ""클로드, 생물무기 연구에 악용 시도…8개월간 수십 건 차단"""" 입니다.",2026-09-12 09:08:51,성공,100,125,15,78.6
2026-09-12,데일리안,주요뉴스,40,대통령(60); 후보자(43); 의원(35); 장관(32); 카드(29),"2026-09-12 데일리안(주요뉴스) 기사 40건 분석 결과, 상위 키워드는 '대통령'(60회), '후보자'(43회), '의원'(35회), '장관'(32회), '카드'(29회) 순으로 나타났습니다. 특히 '대통령' 관련 이슈가 가장 두드러졌으며, 대표 헤드라인은 ""용혜인 의원이 누리는 '특혜의 바다' [송서율의 관심종목]"" 입니다.",2026-09-12 09:09:11,성공,100,71,60,8.4
2026-09-12,데일리안,이슈,20,대통령(59); 의원(37); 대표(30); 카드(29); 할인(28),"2026-09-12 데일리안(이슈) 기사 20건 분석 결과, 상위 키워드는 '대통령'(59회), '의원'(37회), '대표'(30회), '카드'(29회), '할인'(28회) 순으로 나타났습니다. 특히 '대통령' 관련 이슈가 가장 두드러졌으며, 대표 헤드라인은 """"주식으로 돈 잃어 처가 도움""…삼성 노조위원장, GV80 논란 해명"" 입니다.",2026-09-12 09:09:31,성공,100,91,52,27.3
2026-09-12,데일리안,정치,20,의원(52); 국회(50); 대표(48); 대통령(46); 후보자(43),"2026-09-12 데일리안(정치) 기사 20건 분석 결과, 상위 키워드는 '의원'(52회), '국회'(50회), '대표'(48회), '대통령'(46회), '후보자'(43회) 순으로 나타났습니다. 특히 '의원' 관련 이슈가 가장 두드러졌으며, 대표 헤드라인은 ""[속보]합참 ""北, 동해상으로 미상 발사체 발사"""" 입니다.",2026-09-12 09:09:51,성공,100,33,86,-44.5
2026-09-12,데일리안,경제,20,금융(42); 현장(30); 자산(30); 투자(29); 데일리안(29),"2026-09-12 데일리안(경제) 기사 20건 분석 결과, 상위 키워드는 '금융'(42회), '현장'(30회), '자산'(30회), '투자'(29회), '데일리안'(29회) 순으로 나타났습니다. 특히 '금융' 관련 이슈가 가장 두드러졌으며, 대표 헤드라인은 ""[주간코인] 불장이 웬 말…비트코인 8만 달러 내줬다"" 입니다.",2026-09-12 09:10:13,성공,100,123,18,74.5
2026-09-12,데일리안,사회,20,수사(43); 데일리안(34); 서울(27); 청년(25); 국회(25),"2026-09-12 데일리안(사회) 기사 20건 분석 결과, 상위 키워드는 '수사'(43회), '데일리안'(34회), '서울'(27회), '청년'(25회), '국회'(25회) 순으로 나타났습니다. 특히 '수사' 관련 이슈가 가장 두드러졌으며, 대표 헤드라인은 ""[데일리안 주간 포토] 김민석 민주당 대표 수첩 메모 포착! ""서울시장 필승카드 생각과정일 뿐"" 해명"" 입니다.",2026-09-12 09:10:35,성공,100,25,75,-50.0
2026-09-12,데일리안,문화,20,기간(33); 데일리안(31); 복무(29); 의료(27); 골프(23),"2026-09-12 데일리안(문화) 기사 20건 분석 결과, 상위 키워드는 '기간'(33회), '데일리안'(31회), '복무'(29회), '의료'(27회), '골프'(23회) 순으로 나타났습니다. 특히 '기간' 관련 이슈가 가장 두드러졌으며, 대표 헤드라인은 ""‘디젤 리스크’ 연비 보면 마음 풀린다…폭스바겐 골프가 사랑받는 이유 [시승기]"" 입니다.",2026-09-12 09:10:55,성공,100,46,28,24.3
2026-09-12,데일리안,세계,20,대통령(55); 트럼프(47); 대회(37); 미국(37); 아시안(26),"2026-09-12 데일리안(세계) 기사 20건 분석 결과, 상위 키워드는 '대통령'(55회), '트럼프'(47회), '대회'(37회), '미국'(37회), '아시안'(26회) 순으로 나타났습니다. 특히 '대통령' 관련 이슈가 가장 두드러졌으며, 대표 헤드라인은 ""美 8월 소비자물가 3.4% 상승… 9월 기준금리 인상에 ‘무게’"" 입니다.",2026-09-12 09:11:14,성공,100,28,43,-21.1
2026-09-12,데일리안,IT과학,20,고객(49); 아이폰(42); 지원(39); 운영(32); 최대(32),"2026-09-12 데일리안(IT과학) 기사 20건 분석 결과, 상위 키워드는 '고객'(49회), '아이폰'(42회), '지원'(39회), '운영'(32회), '최대'(32회) 순으로 나타났습니다. 특히 '고객' 관련 이슈가 가장 두드러졌으며, 대표 헤드라인은 ""“아이폰18 재고 떴대”…모요, 자급제 재고 실시간 알림"" 입니다.",2026-09-12 09:11:34,성공,100,241,0,100.0
2026-09-12,아시아경제,주요뉴스,40,사업(68); 투자(48); 카드(41); 개발(38); 정부(33),"2026-09-12 아시아경제(주요뉴스) 기사 40건 분석 결과, 상위 키워드는 '사업'(68회), '투자'(48회), '카드'(41회), '개발'(38회), '정부'(33회) 순으로 나타났습니다. 특히 '사업' 관련 이슈가 가장 두드러졌으며, 대표 헤드라인은 """"제주도, 이대로 두면 위험"" 경고 또 나왔다…""길거리에 온통 중국어, 질식 위기"""" 입니다.",2026-09-12 09:11:54,성공,100,102,57,28.3
2026-09-12,아시아경제,이슈,20,시장(45); 카드(41); 치킨(36); 중국(32); 투자(26),"2026-09-12 아시아경제(이슈) 기사 20건 분석 결과, 상위 키워드는 '시장'(45회), '카드'(41회), '치킨'(36회), '중국'(32회), '투자'(26회) 순으로 나타났습니다. 특히 '시장' 관련 이슈가 가장 두드러졌으며, 대표 헤드라인은 """"제주도, 이대로 두면 위험"" 경고 또 나왔다…""길거리에 온통 중국어, 질식 위기"""" 입니다.",2026-09-12 09:12:13,성공,100,82,46,28.1
2026-09-12,아시아경제,정치,20,후보자(54); 청와대(37); 법관(25); 발사(23); 미사일(22),"2026-09-12 아시아경제(정치) 기사 20건 분석 결과, 상위 키워드는 '후보자'(54회), '청와대'(37회), '법관'(25회), '발사'(23회), '미사일'(22회) 순으로 나타났습니다. 특히 '후보자' 관련 이슈가 가장 두드러졌으며, 대표 헤드라인은 ""靑, 긴급안보회의 개최…""北탄도미사일 발사는 안보리 위반, 중단 촉구"""" 입니다.",2026-09-12 09:12:33,성공,100,7,61,-79.4
2026-09-12,아시아경제,경제,20,비축(74); 시장(50); 원유(46); 석유(41); 치킨(36),"2026-09-12 아시아경제(경제) 기사 20건 분석 결과, 상위 키워드는 '비축'(74회), '시장'(50회), '원유'(46회), '석유'(41회), '치킨'(36회) 순으로 나타났습니다. 특히 '비축' 관련 이슈가 가장 두드러졌으며, 대표 헤드라인은 ""[주末머니]""성장·배당 모두 그립감 좋다"" 9년만에 숙원 푼 이 기업"" 입니다.",2026-09-12 09:12:53,성공,100,124,40,51.2
2026-09-12,아시아경제,사회,20,머스크(20); 지원(19); 독서(17); 지역(17); 시민(17),"2026-09-12 아시아경제(사회) 기사 20건 분석 결과, 상위 키워드는 '머스크'(20회), '지원'(19회), '독서'(17회), '지역'(17회), '시민'(17회) 순으로 나타났습니다. 특히 '머스크' 관련 이슈가 가장 두드러졌으며, 대표 헤드라인은 ""서구의회 ""광주환경공단 이전해야""…반도체 용수사업 연계 촉구"" 입니다.",2026-09-12 09:13:14,성공,100,37,43,-7.5
2026-09-12,아시아경제,문화,20,감독(39); 웰니스(21); 인간(21); 문화(19); 기억(19),"2026-09-12 아시아경제(문화) 기사 20건 분석 결과, 상위 키워드는 '감독'(39회), '웰니스'(21회), '인간'(21회), '문화'(19회), '기억'(19회) 순으로 나타났습니다. 특히 '감독' 관련 이슈가 가장 두드러졌으며, 대표 헤드라인은 ""한 주 만에 환자 2배…빨라진 독감 어떻게 막을까[콕!건강]"" 입니다.",2026-09-12 09:13:34,성공,100,46,7,73.6
2026-09-12,아시아경제,세계,20,일본(33); 구름(32); 중국(32); 대만(29); 미국(27),"2026-09-12 아시아경제(세계) 기사 20건 분석 결과, 상위 키워드는 '일본'(33회), '구름'(32회), '중국'(32회), '대만'(29회), '미국'(27회) 순으로 나타났습니다. 특히 '일본' 관련 이슈가 가장 두드러졌으며, 대표 헤드라인은 """"술 마시며 밤새는 건 옛말""…美 대학생들, '웰니스 다티' 즐긴다[세계는Z금]"" 입니다.",2026-09-12 09:13:55,성공,100,37,15,42.3
2026-09-12,아시아경제,IT과학,20,연구(33); 구름(32); 모델(28); 기술(22); 지역(22),"2026-09-12 아시아경제(IT과학) 기사 20건 분석 결과, 상위 키워드는 '연구'(33회), '구름'(32회), '모델'(28회), '기술'(22회), '지역'(22회) 순으로 나타났습니다. 특히 '연구' 관련 이슈가 가장 두드러졌으며, 대표 헤드라인은 """"저렇게 예쁜 사람이 있다고?""…세상에 없는 '완벽한 미녀', 생각보다 해롭다는데[실험노트]"" 입니다.",2026-09-12 09:14:15,성공,100,63,7,80.0
2026-09-13,조선일보,주요뉴스,40,대통령(52); 벌초(52); 중국(43); 트럼프(42); 니시모리(35),"2026-09-13 조선일보(주요뉴스) 기사 40건 분석 결과, 상위 키워드는 '대통령'(52회), '벌초'(52회), '중국'(43회), '트럼프'(42회), '니시모리'(35회) 순으로 나타났습니다. 특히 '대통령' 관련 이슈가 가장 두드러졌으며, 대표 헤드라인은 ""만해대상 받은 日 정치인과 김황식·이낙연의 특별한 인연"" 입니다.",2026-09-13 09:00:31,성공,100,57,68,-8.8
2026-09-13,조선일보,이슈,20,벌초(52); 대통령(52); 트럼프(38); 가격(37); 니시모리(35),"2026-09-13 조선일보(이슈) 기사 20건 분석 결과, 상위 키워드는 '벌초'(52회), '대통령'(52회), '트럼프'(38회), '가격'(37회), '니시모리'(35회) 순으로 나타났습니다. 특히 '벌초' 관련 이슈가 가장 두드러졌으며, 대표 헤드라인은 ""“조상님 묘 돌보기, 내 代까지만”… 추석 전 벌초, 옛말 될까"" 입니다.",2026-09-13 09:00:50,성공,100,40,43,-3.6
2026-09-13,조선일보,정치,20,대통령(82); 국민(40); 후보자(38); 니시모리(35); 대변인(34),"2026-09-13 조선일보(정치) 기사 20건 분석 결과, 상위 키워드는 '대통령'(82회), '국민'(40회), '후보자'(38회), '니시모리'(35회), '대변인'(34회) 순으로 나타났습니다. 특히 '대통령' 관련 이슈가 가장 두드러졌으며, 대표 헤드라인은 ""만해대상 받은 日 정치인과 김황식·이낙연의 특별한 인연"" 입니다.",2026-09-13 09:01:08,성공,100,26,59,-38.8
2026-09-13,조선일보,경제,20,가격(41); 상승(31); 금융(26); 유가(24); 회장(24),"2026-09-13 조선일보(경제) 기사 20건 분석 결과, 상위 키워드는 '가격'(41회), '상승'(31회), '금융'(26회), '유가'(24회), '회장'(24회) 순으로 나타났습니다. 특히 '가격' 관련 이슈가 가장 두드러졌으며, 대표 헤드라인은 ""자꾸 깜빡한다면... 日 뇌전문의가 권한 하루 2분 운동법"" 입니다.",2026-09-13 09:01:27,성공,100,84,41,34.4
2026-09-13,조선일보,사회,20,혐의(29); 조사(20); 사고(15); 의원(14); 파병(13),"2026-09-13 조선일보(사회) 기사 20건 분석 결과, 상위 키워드는 '혐의'(29회), '조사'(20회), '사고'(15회), '의원'(14회), '파병'(13회) 순으로 나타났습니다. 특히 '혐의' 관련 이슈가 가장 두드러졌으며, 대표 헤드라인은 ""정선서 벌초하던 50대, 벌에 쏘여 숨져"" 입니다.",2026-09-13 09:01:47,성공,100,23,155,-74.2
2026-09-13,조선일보,문화,20,작품(30); 작가(29); 기후(28); 웹툰(26); 영화(23),"2026-09-13 조선일보(문화) 기사 20건 분석 결과, 상위 키워드는 '작품'(30회), '작가'(29회), '기후'(28회), '웹툰'(26회), '영화'(23회) 순으로 나타났습니다. 특히 '작품' 관련 이슈가 가장 두드러졌으며, 대표 헤드라인은 ""‘달팽이 박사’ 권오길 명예교수 별세"" 입니다.",2026-09-13 09:02:06,성공,100,10,17,-25.9
2026-09-13,조선일보,세계,20,미국(73); 대통령(56); 트럼프(50); 테러(47); 이란(46),"2026-09-13 조선일보(세계) 기사 20건 분석 결과, 상위 키워드는 '미국'(73회), '대통령'(56회), '트럼프'(50회), '테러'(47회), '이란'(46회) 순으로 나타났습니다. 특히 '미국' 관련 이슈가 가장 두드러졌으며, 대표 헤드라인은 ""25년 전 9·11 때 미국인 울린 이 노래… 어떻게 ‘트럼프 등장곡’이 됐나"" 입니다.",2026-09-13 09:02:25,성공,100,36,124,-55.0
2026-09-13,조선일보,IT과학,20,중국(48); 기업(38); 클로드(26); 개발(26); 미국(25),"2026-09-13 조선일보(IT과학) 기사 20건 분석 결과, 상위 키워드는 '중국'(48회), '기업'(38회), '클로드'(26회), '개발'(26회), '미국'(25회) 순으로 나타났습니다. 특히 '중국' 관련 이슈가 가장 두드러졌으며, 대표 헤드라인은 ""‘14억 내수’ 공식 깨진 中 가전… 로봇·B2B로 생존 지도 바꿨다"" 입니다.",2026-09-13 09:02:45,성공,100,53,42,11.6
2026-09-13,문화일보,주요뉴스,40,대통령(31); 할인(26); 후보자(26); 운전(17); 조사(17),"2026-09-13 문화일보(주요뉴스) 기사 40건 분석 결과, 상위 키워드는 '대통령'(31회), '할인'(26회), '후보자'(26회), '운전'(17회), '조사'(17회) 순으로 나타났습니다. 특히 '대통령' 관련 이슈가 가장 두드러졌으며, 대표 헤드라인은 ""44개월 여아, 온몸 멍에 혈액서 캡사이신 나왔는데…사망 ‘무혐의’한 경찰"" 입니다.",2026-09-13 09:03:04,성공,100,11,53,-65.6
2026-09-13,문화일보,이슈,20,대통령(32); 부정(17); 운전(17); 음주(16); 조사(16),"2026-09-13 문화일보(이슈) 기사 20건 분석 결과, 상위 키워드는 '대통령'(32회), '부정'(17회), '운전'(17회), '음주'(16회), '조사'(16회) 순으로 나타났습니다. 특히 '대통령' 관련 이슈가 가장 두드러졌으며, 대표 헤드라인은 ""“너랑 결혼하고 싶은데?” 가난한 내게 여친의 돌직구"" 입니다.",2026-09-13 09:03:23,성공,100,11,56,-67.2
2026-09-13,문화일보,정치,20,대통령(38); 후보자(38); 보훈(29); 조사(23); 부정(20),"2026-09-13 문화일보(정치) 기사 20건 분석 결과, 상위 키워드는 '대통령'(38회), '후보자'(38회), '보훈'(29회), '조사'(23회), '부정'(20회) 순으로 나타났습니다. 특히 '대통령' 관련 이슈가 가장 두드러졌으며, 대표 헤드라인은 ""진중권 “이재명, 몰락 속도 너무 가파르다...윤석열 때와 같은 불길한 느낌”"" 입니다.",2026-09-13 09:03:42,성공,100,38,28,15.2
2026-09-13,문화일보,경제,20,가격(28); 미국(19); 장관(18); 환경(16); 거주(15),"2026-09-13 문화일보(경제) 기사 20건 분석 결과, 상위 키워드는 '가격'(28회), '미국'(19회), '장관'(18회), '환경'(16회), '거주'(15회) 순으로 나타났습니다. 특히 '가격' 관련 이슈가 가장 두드러졌으며, 대표 헤드라인은 ""“공시가 30억 이상 비거주1주택 종부세 429만 원↑”"" 입니다.",2026-09-13 09:04:01,성공,100,72,12,71.4
2026-09-13,문화일보,사회,20,문화(25); 운전(21); 관광(20); 음주(16); 의사(15),"2026-09-13 문화일보(사회) 기사 20건 분석 결과, 상위 키워드는 '문화'(25회), '운전'(21회), '관광'(20회), '음주'(16회), '의사'(15회) 순으로 나타났습니다. 특히 '문화' 관련 이슈가 가장 두드러졌으며, 대표 헤드라인은 ""켄텍, 2027학년도 수시 경쟁률 31대 1…개교 이래 최고"" 입니다.",2026-09-13 09:04:20,성공,100,17,52,-50.7
2026-09-13,문화일보,문화,20,과학(36); 감독(25); 저자(20); 영화(19); 지도자(19),"2026-09-13 문화일보(문화) 기사 20건 분석 결과, 상위 키워드는 '과학'(36회), '감독'(25회), '저자'(20회), '영화'(19회), '지도자'(19회) 순으로 나타났습니다. 특히 '과학' 관련 이슈가 가장 두드러졌으며, 대표 헤드라인은 ""이창동, 베네치아영화제서 ‘심사위원대상’ 수상"" 입니다.",2026-09-13 09:04:40,성공,100,30,8,57.9
2026-09-13,문화일보,세계,20,트럼프(52); 대통령(44); 미국(43); 테러(24); 공격(22),"2026-09-13 문화일보(세계) 기사 20건 분석 결과, 상위 키워드는 '트럼프'(52회), '대통령'(44회), '미국'(43회), '테러'(24회), '공격'(22회) 순으로 나타났습니다. 특히 '트럼프' 관련 이슈가 가장 두드러졌으며, 대표 헤드라인은 ""이창동, 베네치아영화제서 ‘심사위원대상’ 수상"" 입니다.",2026-09-13 09:04:59,성공,100,37,52,-16.9
2026-09-13,문화일보,IT과학,20,기업(34); 삼성전자(32); 반도체(29); 기술(24); 게임(23),"2026-09-13 문화일보(IT과학) 기사 20건 분석 결과, 상위 키워드는 '기업'(34회), '삼성전자'(32회), '반도체'(29회), '기술'(24회), '게임'(23회) 순으로 나타났습니다. 특히 '기업' 관련 이슈가 가장 두드러졌으며, 대표 헤드라인은 ""“오늘부터 핸드폰비 25% 할인!”…대통령 공약이라는 문자 정체"" 입니다.",2026-09-13 09:05:18,성공,100,110,10,83.3
2026-09-13,매일신문,주요뉴스,40,대통령(90); 후보자(40); 이재명(36); 개혁(31); 의원(28),"2026-09-13 매일신문(주요뉴스) 기사 40건 분석 결과, 상위 키워드는 '대통령'(90회), '후보자'(40회), '이재명'(36회), '개혁'(31회), '의원'(28회) 순으로 나타났습니다. 특히 '대통령' 관련 이슈가 가장 두드러졌으며, 대표 헤드라인은 ""남북 교류 막혔는데 또 1515억…""남북협력기금 '쌈짓돈' 우려"""" 입니다.",2026-09-13 09:05:37,성공,100,15,129,-79.2
2026-09-13,매일신문,이슈,20,대통령(65); 이재명(33); 개혁(30); 지지(26); 의원(26),"2026-09-13 매일신문(이슈) 기사 20건 분석 결과, 상위 키워드는 '대통령'(65회), '이재명'(33회), '개혁'(30회), '지지'(26회), '의원'(26회) 순으로 나타났습니다. 특히 '대통령' 관련 이슈가 가장 두드러졌으며, 대표 헤드라인은 ""'물에 빠져 의식 없는데'…포항 바닷가서 생명 살린 '백의의 천사들'조회수11,071"" 입니다.",2026-09-13 09:05:56,성공,100,0,131,-100.0
2026-09-13,매일신문,정치,20,대통령(91); 의원(62); 개혁(52); 후보자(48); 이재명(41),"2026-09-13 매일신문(정치) 기사 20건 분석 결과, 상위 키워드는 '대통령'(91회), '의원'(62회), '개혁'(52회), '후보자'(48회), '이재명'(41회) 순으로 나타났습니다. 특히 '대통령' 관련 이슈가 가장 두드러졌으며, 대표 헤드라인은 ""남북 교류 막혔는데 또 1515억…""남북협력기금 '쌈짓돈' 우려"""" 입니다.",2026-09-13 09:06:14,성공,100,30,104,-55.2
2026-09-13,매일신문,경제,20,기업(66); 분배(34); 삼성전자(28); 상장(27); 투자(26),"2026-09-13 매일신문(경제) 기사 20건 분석 결과, 상위 키워드는 '기업'(66회), '분배'(34회), '삼성전자'(28회), '상장'(27회), '투자'(26회) 순으로 나타났습니다. 특히 '기업' 관련 이슈가 가장 두드러졌으며, 대표 헤드라인은 ""KB금융 차기 회장에 이재근…양종희 연임 무산 속 '세대교체' 방점"" 입니다.",2026-09-13 09:06:34,성공,100,209,0,100.0
2026-09-13,매일신문,사회,20,교육(26); 지역(23); 출산(19); 안동(18); 돌봄(18),"2026-09-13 매일신문(사회) 기사 20건 분석 결과, 상위 키워드는 '교육'(26회), '지역'(23회), '출산'(19회), '안동'(18회), '돌봄'(18회) 순으로 나타났습니다. 특히 '교육' 관련 이슈가 가장 두드러졌으며, 대표 헤드라인은 ""[포토뉴스] 2차전지 도시 달리는 '인간 배터리'"" 입니다.",2026-09-13 09:06:53,성공,100,15,55,-57.1
2026-09-13,매일신문,문화,20,대구(32); 역사(29); 중립(28); 무지개(27); 진도(27),"2026-09-13 매일신문(문화) 기사 20건 분석 결과, 상위 키워드는 '대구'(32회), '역사'(29회), '중립'(28회), '무지개'(27회), '진도'(27회) 순으로 나타났습니다. 특히 '대구' 관련 이슈가 가장 두드러졌으며, 대표 헤드라인은 ""경북 영천 거동사 대웅전, '보물' 승격된다"" 입니다.",2026-09-13 09:07:13,성공,100,53,6,79.7
2026-09-13,매일신문,세계,20,미국(59); 트럼프(31); 중국(31); 헤즈볼라(24); 대통령(20),"2026-09-13 매일신문(세계) 기사 20건 분석 결과, 상위 키워드는 '미국'(59회), '트럼프'(31회), '중국'(31회), '헤즈볼라'(24회), '대통령'(20회) 순으로 나타났습니다. 특히 '미국' 관련 이슈가 가장 두드러졌으며, 대표 헤드라인은 ""中·러·이란 포함 브릭스 ""중동전 최대한 자제해야""…만장일치 공동선언"" 입니다.",2026-09-13 09:07:33,성공,100,10,58,-70.6
2026-09-13,매일신문,IT과학,20,기업(71); 산업(49); 로봇(47); 반도체(43); 생산(36),"2026-09-13 매일신문(IT과학) 기사 20건 분석 결과, 상위 키워드는 '기업'(71회), '산업'(49회), '로봇'(47회), '반도체'(43회), '생산'(36회) 순으로 나타났습니다. 특히 '기업' 관련 이슈가 가장 두드러졌으며, 대표 헤드라인은 ""앤스로픽 ""클로드, 생물무기 연구에 악용 시도…8개월간 수십 건 차단"""" 입니다.",2026-09-13 09:07:52,성공,100,125,15,78.6
2026-09-13,데일리안,주요뉴스,40,청년(40); 비트코인(40); 울산(30); 네팔(29); 자산(28),"2026-09-13 데일리안(주요뉴스) 기사 40건 분석 결과, 상위 키워드는 '청년'(40회), '비트코인'(40회), '울산'(30회), '네팔'(29회), '자산'(28회) 순으로 나타났습니다. 특히 '청년' 관련 이슈가 가장 두드러졌으며, 대표 헤드라인은 ""당대표가 매일 아침 '직접 브리핑'…민주당은 왜 방송국을 만들었나"" 입니다.",2026-09-13 09:08:11,성공,100,66,12,69.2
2026-09-13,데일리안,이슈,20,감독(47); 가능(40); 영화(39); 의원(39); 중국(27),"2026-09-13 데일리안(이슈) 기사 20건 분석 결과, 상위 키워드는 '감독'(47회), '가능'(40회), '영화'(39회), '의원'(39회), '중국'(27회) 순으로 나타났습니다. 특히 '감독' 관련 이슈가 가장 두드러졌으며, 대표 헤드라인은 ""당대표가 매일 아침 '직접 브리핑'…민주당은 왜 방송국을 만들었나"" 입니다.",2026-09-13 09:08:30,성공,100,39,27,18.2
2026-09-13,데일리안,정치,20,의원(84); 후보자(48); 국민(42); 청년(42); 민주당(38),"2026-09-13 데일리안(정치) 기사 20건 분석 결과, 상위 키워드는 '의원'(84회), '후보자'(48회), '국민'(42회), '청년'(42회), '민주당'(38회) 순으로 나타났습니다. 특히 '의원' 관련 이슈가 가장 두드러졌으며, 대표 헤드라인은 ""[국민의힘 리더스] '국민의힘-청년' 잇는 김장겸…지도부의 '외연 확장' 한 축"" 입니다.",2026-09-13 09:08:48,성공,100,24,58,-41.5
2026-09-13,데일리안,경제,20,울산(50); 비트코인(40); 회장(35); 자산(34); 투자(31),"2026-09-13 데일리안(경제) 기사 20건 분석 결과, 상위 키워드는 '울산'(50회), '비트코인'(40회), '회장'(35회), '자산'(34회), '투자'(31회) 순으로 나타났습니다. 특히 '울산' 관련 이슈가 가장 두드러졌으며, 대표 헤드라인은 ""최태원 SK 회장 ""울산, 제조AI·시민행복·예술 아우른 'AI시티'로 도약해야"""" 입니다.",2026-09-13 09:09:08,성공,100,124,33,58.0
2026-09-13,데일리안,사회,20,경찰(22); 조사(22); 후보자(21); 데일리안(18); 복권(18),"2026-09-13 데일리안(사회) 기사 20건 분석 결과, 상위 키워드는 '경찰'(22회), '조사'(22회), '후보자'(21회), '데일리안'(18회), '복권'(18회) 순으로 나타났습니다. 특히 '경찰' 관련 이슈가 가장 두드러졌으며, 대표 헤드라인은 ""광명시, 사회연대경제 페스티벌 개최… 시민 2500명 참여"" 입니다.",2026-09-13 09:09:27,성공,100,20,102,-67.2
2026-09-13,데일리안,문화,20,감독(64); 영화(52); 사랑(35); 주행(33); 기온(33),"2026-09-13 데일리안(문화) 기사 20건 분석 결과, 상위 키워드는 '감독'(64회), '영화'(52회), '사랑'(35회), '주행'(33회), '기온'(33회) 순으로 나타났습니다. 특히 '감독' 관련 이슈가 가장 두드러졌으며, 대표 헤드라인은 ""6500명이 달려 만든 나무 10만 그루…현대차, 니제르에 기부"" 입니다.",2026-09-13 09:09:46,성공,100,70,0,100.0
2026-09-13,데일리안,세계,20,중국(47); 미국(45); 대통령(43); 트럼프(36); 일본(28),"2026-09-13 데일리안(세계) 기사 20건 분석 결과, 상위 키워드는 '중국'(47회), '미국'(45회), '대통령'(43회), '트럼프'(36회), '일본'(28회) 순으로 나타났습니다. 특히 '중국' 관련 이슈가 가장 두드러졌으며, 대표 헤드라인은 ""‘시작은 농구’ AG 숙명의 한일전 개봉박두"" 입니다.",2026-09-13 09:10:04,성공,100,51,33,21.4
2026-09-13,데일리안,IT과학,20,서비스(58); 한화생명(49); 운영(43); 연구(29); 개발(29),"2026-09-13 데일리안(IT과학) 기사 20건 분석 결과, 상위 키워드는 '서비스'(58회), '한화생명'(49회), '운영'(43회), '연구'(29회), '개발'(29회) 순으로 나타났습니다. 특히 '서비스' 관련 이슈가 가장 두드러졌으며, 대표 헤드라인은 ""롯데 100억원 지원…KAIST 산학 R&D센터 문 열어"" 입니다.",2026-09-13 09:10:23,성공,100,137,0,100.0
2026-09-13,아시아경제,주요뉴스,40,타코(33); 백자(24); 시장(22); 여성(21); 미국(20),"2026-09-13 아시아경제(주요뉴스) 기사 40건 분석 결과, 상위 키워드는 '타코'(33회), '백자'(24회), '시장'(22회), '여성'(21회), '미국'(20회) 순으로 나타났습니다. 특히 '타코' 관련 이슈가 가장 두드러졌으며, 대표 헤드라인은 """"한국서도 줄 엄청서는데, 이런 사연이 있었어?""…'멕시코 소울푸드'의 자부심[맛있는 이야기]"" 입니다.",2026-09-13 09:10:42,성공,100,87,9,81.2
2026-09-13,아시아경제,이슈,20,생산(27); 시장(22); 미국(20); 능력(19); 마이크론(18),"2026-09-13 아시아경제(이슈) 기사 20건 분석 결과, 상위 키워드는 '생산'(27회), '시장'(22회), '미국'(20회), '능력'(19회), '마이크론'(18회) 순으로 나타났습니다. 특히 '생산' 관련 이슈가 가장 두드러졌으며, 대표 헤드라인은 """"저렇게 예쁜 사람이…"" 너무 '완벽한 미녀'가 정신 건강에 미치는 영향[실험노트]"" 입니다.",2026-09-13 09:11:01,성공,100,64,27,40.7
2026-09-13,아시아경제,정치,20,대통령(46); 원유(29); 북한(29); 미사일(23); 발사(23),"2026-09-13 아시아경제(정치) 기사 20건 분석 결과, 상위 키워드는 '대통령'(46회), '원유'(29회), '북한'(29회), '미사일'(23회), '발사'(23회) 순으로 나타났습니다. 특히 '대통령' 관련 이슈가 가장 두드러졌으며, 대표 헤드라인은 ""이형일 “적극 재정 필요…지속 가능성과 조화 가능”"" 입니다.",2026-09-13 09:11:18,성공,100,63,10,72.6
2026-09-13,아시아경제,경제,20,기업(59); 와인(41); 시장(35); 연구(32); 가격(31),"2026-09-13 아시아경제(경제) 기사 20건 분석 결과, 상위 키워드는 '기업'(59회), '와인'(41회), '시장'(35회), '연구'(32회), '가격'(31회) 순으로 나타났습니다. 특히 '기업' 관련 이슈가 가장 두드러졌으며, 대표 헤드라인은 ""법인카드, 경비 결제 넘어 자금관리로…기업시장 공략 강화"" 입니다.",2026-09-13 09:11:37,성공,100,103,37,47.1
2026-09-13,아시아경제,사회,20,서울(33); 시장(27); 고용(23); 문화(23); 지역(23),"2026-09-13 아시아경제(사회) 기사 20건 분석 결과, 상위 키워드는 '서울'(33회), '시장'(27회), '고용'(23회), '문화'(23회), '지역'(23회) 순으로 나타났습니다. 특히 '서울' 관련 이슈가 가장 두드러졌으며, 대표 헤드라인은 ""KAIST-롯데, 탄소중립·바이오·미래식품 연구거점 구축"" 입니다.",2026-09-13 09:11:56,성공,100,95,6,88.1
2026-09-13,아시아경제,문화,20,주행(40); 매장(36); 문화(33); 타코(33); 자율(31),"2026-09-13 아시아경제(문화) 기사 20건 분석 결과, 상위 키워드는 '주행'(40회), '매장'(36회), '문화'(33회), '타코'(33회), '자율'(31회) 순으로 나타났습니다. 특히 '주행' 관련 이슈가 가장 두드러졌으며, 대표 헤드라인은 ""현대차그룹, 2년 뒤 '레벨 2+' 자율주행차 양산…박민우 ""자율주행 없는 차 팔기 어려워질 것"""" 입니다.",2026-09-13 09:12:14,성공,100,93,0,100.0
2026-09-13,아시아경제,세계,20,대통령(33); 타코(33); 미국(26); 오라클(22); 브릭스(21),"2026-09-13 아시아경제(세계) 기사 20건 분석 결과, 상위 키워드는 '대통령'(33회), '타코'(33회), '미국'(26회), '오라클'(22회), '브릭스'(21회) 순으로 나타났습니다. 특히 '대통령' 관련 이슈가 가장 두드러졌으며, 대표 헤드라인은 """"도파민 중독 대신 비즈""…中 Z세대가 스트레스 해소하는 법[중국.zip]"" 입니다.",2026-09-13 09:12:33,성공,100,45,30,20.0
2026-09-13,아시아경제,IT과학,20,아이폰(32); 구름(32); 미국(27); 모델(25); 출시(25),"2026-09-13 아시아경제(IT과학) 기사 20건 분석 결과, 상위 키워드는 '아이폰'(32회), '구름'(32회), '미국'(27회), '모델'(25회), '출시'(25회) 순으로 나타났습니다. 특히 '아이폰' 관련 이슈가 가장 두드러졌으며, 대표 헤드라인은 ""[AI혁명](214)'코로나나우' 만든 그 학생, 토스 PO 거쳐 AI 광고기업 대표로"" 입니다.",2026-09-13 09:12:51,성공,100,64,6,82.9
2026-09-14,조선일보,주요뉴스,40,후보자(61); 서울(42); 대표(38); 대학(34); 기부금(32),"2026-09-14 조선일보(주요뉴스) 기사 40건 분석 결과, 상위 키워드는 '후보자'(61회), '서울'(42회), '대표'(38회), '대학'(34회), '기부금'(32회) 순으로 나타났습니다. 특히 '후보자' 관련 이슈가 가장 두드러졌으며, 대표 헤드라인은 ""용혜인보다 의혹 심각한데… 與 “김승원 밀리면 끝장” 버티기"" 입니다.",2026-09-14 09:00:27,성공,100,29,70,-41.4
2026-09-14,조선일보,이슈,20,후보자(46); 냉동(37); 대학(34); 서울(33); 기부금(32),"2026-09-14 조선일보(이슈) 기사 20건 분석 결과, 상위 키워드는 '후보자'(46회), '냉동'(37회), '대학'(34회), '서울'(33회), '기부금'(32회) 순으로 나타났습니다. 특히 '후보자' 관련 이슈가 가장 두드러졌으며, 대표 헤드라인은 ""[단독] “5년치 전기료 25조 선납” 한전 제안에 삼전닉스 “NO”"" 입니다.",2026-09-14 09:00:44,성공,100,41,32,12.3
2026-09-14,조선일보,정치,20,후보자(102); 대통령(75); 의원(70); 대표(67); 장관(57),"2026-09-14 조선일보(정치) 기사 20건 분석 결과, 상위 키워드는 '후보자'(102회), '대통령'(75회), '의원'(70회), '대표'(67회), '장관'(57회) 순으로 나타났습니다. 특히 '후보자' 관련 이슈가 가장 두드러졌으며, 대표 헤드라인은 ""김민석 “李 1년차, 노무현 탄핵 시기 전조와 비슷”"" 입니다.",2026-09-14 09:01:00,성공,100,0,165,-100.0
2026-09-14,조선일보,경제,20,연금(25); 금융(24); 회장(19); 서울(19); 데이터(16),"2026-09-14 조선일보(경제) 기사 20건 분석 결과, 상위 키워드는 '연금'(25회), '금융'(24회), '회장'(19회), '서울'(19회), '데이터'(16회) 순으로 나타났습니다. 특히 '연금' 관련 이슈가 가장 두드러졌으며, 대표 헤드라인은 ""이재근 KB금융 회장 후보자 “국내 1등 의미 없어···글로벌 리딩 금융그룹 자리매김하는 데 역할 할 것”"" 입니다.",2026-09-14 09:01:17,성공,100,77,15,67.4
2026-09-14,조선일보,사회,20,교정(31); 예산(26); 사업(26); 지원(25); 냉동(22),"2026-09-14 조선일보(사회) 기사 20건 분석 결과, 상위 키워드는 '교정'(31회), '예산'(26회), '사업'(26회), '지원'(25회), '냉동'(22회) 순으로 나타났습니다. 특히 '교정' 관련 이슈가 가장 두드러졌으며, 대표 헤드라인은 ""3년 새 낙마만 3명… 바람 잘 날 없는 성평등부"" 입니다.",2026-09-14 09:01:34,성공,100,31,65,-35.4
2026-09-14,조선일보,문화,20,작품(29); 웹툰(26); 남로당(23); 제주도(21); 영화(20),"2026-09-14 조선일보(문화) 기사 20건 분석 결과, 상위 키워드는 '작품'(29회), '웹툰'(26회), '남로당'(23회), '제주도'(21회), '영화'(20회) 순으로 나타났습니다. 특히 '작품' 관련 이슈가 가장 두드러졌으며, 대표 헤드라인은 ""[리빙포인트] 멸치와 시금치는 따로 드세요"" 입니다.",2026-09-14 09:01:52,성공,100,11,25,-38.9
2026-09-14,조선일보,세계,20,한국(78); 우즈베키스탄(66); 미국(60); 트럼프(58); 대통령(44),"2026-09-14 조선일보(세계) 기사 20건 분석 결과, 상위 키워드는 '한국'(78회), '우즈베키스탄'(66회), '미국'(60회), '트럼프'(58회), '대통령'(44회) 순으로 나타났습니다. 특히 '한국' 관련 이슈가 가장 두드러졌으며, 대표 헤드라인은 ""시진핑, 브릭스에 ‘AI 오픈소스 구역’… AI 동맹 확보에 속도"" 입니다.",2026-09-14 09:02:09,성공,100,113,24,65.0
2026-09-14,조선일보,IT과학,20,개발(50); 기업(47); 가전(38); 냉동(38); 사용(34),"2026-09-14 조선일보(IT과학) 기사 20건 분석 결과, 상위 키워드는 '개발'(50회), '기업'(47회), '가전'(38회), '냉동'(38회), '사용'(34회) 순으로 나타났습니다. 특히 '개발' 관련 이슈가 가장 두드러졌으며, 대표 헤드라인은 ""‘마른 수건’ 짜는 가전업체들…구독 늘리고 전기료 깎아주고 폐가전 재활용까지"" 입니다.",2026-09-14 09:02:25,성공,100,97,53,29.3
2026-09-14,문화일보,주요뉴스,40,거래(26); 포인트(25); 마켓(22); 공개(19); 애프터(18),"2026-09-14 문화일보(주요뉴스) 기사 40건 분석 결과, 상위 키워드는 '거래'(26회), '포인트'(25회), '마켓'(22회), '공개'(19회), '애프터'(18회) 순으로 나타났습니다. 특히 '거래' 관련 이슈가 가장 두드러졌으며, 대표 헤드라인은 ""[속보]李대통령, 지지율 33.8% 또 최저…부정 첫 60%대-리얼미터"" 입니다.",2026-09-14 09:02:42,성공,100,29,30,-1.7
2026-09-14,문화일보,이슈,20,공개(20); 후보자(20); 주행(19); 자율(18); 민주당(17),"2026-09-14 문화일보(이슈) 기사 20건 분석 결과, 상위 키워드는 '공개'(20회), '후보자'(20회), '주행'(19회), '자율'(18회), '민주당'(17회) 순으로 나타났습니다. 특히 '공개' 관련 이슈가 가장 두드러졌으며, 대표 헤드라인은 ""“양념통닭 먹고 싶구나…미안하다” 93세父 전화에 딸의 눈물"" 입니다.",2026-09-14 09:03:00,성공,100,13,34,-44.7
2026-09-14,문화일보,정치,20,임무(63); 한국(52); 후보자(52); 국민(49); 작전(44),"2026-09-14 문화일보(정치) 기사 20건 분석 결과, 상위 키워드는 '임무'(63회), '한국'(52회), '후보자'(52회), '국민'(49회), '작전'(44회) 순으로 나타났습니다. 특히 '임무' 관련 이슈가 가장 두드러졌으며, 대표 헤드라인은 ""추미애 나서자 김민석 “노무현 탄핵 전조와 비슷한 상황”"" 입니다.",2026-09-14 09:03:18,성공,100,114,131,-6.9
2026-09-14,문화일보,경제,20,서비스(45); 모델(25); 선물(23); 회장(23); 조니워커(22),"2026-09-14 문화일보(경제) 기사 20건 분석 결과, 상위 키워드는 '서비스'(45회), '모델'(25회), '선물'(23회), '회장'(23회), '조니워커'(22회) 순으로 나타났습니다. 특히 '서비스' 관련 이슈가 가장 두드러졌으며, 대표 헤드라인은 ""추석 먹거리도 토스에서…토스쇼핑 ‘풍성한 한가위 먹거리전’ 진행"" 입니다.",2026-09-14 09:03:34,성공,100,64,0,100.0
2026-09-14,문화일보,사회,20,주민(37); 사업(37); 해양(30); 참여(29); 용산구(27),"2026-09-14 문화일보(사회) 기사 20건 분석 결과, 상위 키워드는 '주민'(37회), '사업'(37회), '해양'(30회), '참여'(29회), '용산구'(27회) 순으로 나타났습니다. 특히 '주민' 관련 이슈가 가장 두드러졌으며, 대표 헤드라인은 ""구로구, 2026년 추석 종합대책 가동… 안전·민생 등 5대 분야 집중"" 입니다.",2026-09-14 09:03:52,성공,100,137,0,100.0
2026-09-14,문화일보,문화,20,감독(63); 영화(60); 사랑(27); 영화제(27); 가능(22),"2026-09-14 문화일보(문화) 기사 20건 분석 결과, 상위 키워드는 '감독'(63회), '영화'(60회), '사랑'(27회), '영화제'(27회), '가능'(22회) 순으로 나타났습니다. 특히 '감독' 관련 이슈가 가장 두드러졌으며, 대표 헤드라인은 ""최휘영, 베네치아 심사위원대상 이창동에 “영화사 위대한 이정표” SNS로 축하글"" 입니다.",2026-09-14 09:04:08,성공,100,60,6,81.8
2026-09-14,문화일보,세계,20,미국(32); 북한(30); 공격(23); 감독(21); 대통령(20),"2026-09-14 문화일보(세계) 기사 20건 분석 결과, 상위 키워드는 '미국'(32회), '북한'(30회), '공격'(23회), '감독'(21회), '대통령'(20회) 순으로 나타났습니다. 특히 '미국' 관련 이슈가 가장 두드러졌으며, 대표 헤드라인은 ""‘정말인가?’…“우크라전 사망 북한군, 절반이 자폭” 日 언론, 전사자 최소 2288명"" 입니다.",2026-09-14 09:04:25,성공,100,27,62,-39.3
2026-09-14,문화일보,IT과학,20,삼성전자(37); 애플(25); 갤럭시(24); 반도체(24); 기술(24),"2026-09-14 문화일보(IT과학) 기사 20건 분석 결과, 상위 키워드는 '삼성전자'(37회), '애플'(25회), '갤럭시'(24회), '반도체'(24회), '기술'(24회) 순으로 나타났습니다. 특히 '삼성전자' 관련 이슈가 가장 두드러졌으며, 대표 헤드라인은 ""“갤럭시 모델이었는데” 로제 아이폰에 삼성의 말"" 입니다.",2026-09-14 09:04:42,성공,100,79,0,100.0
2026-09-14,매일신문,주요뉴스,40,후보자(108); 대통령(75); 장관(63); 인사(41); 이재명(37),"2026-09-14 매일신문(주요뉴스) 기사 40건 분석 결과, 상위 키워드는 '후보자'(108회), '대통령'(75회), '장관'(63회), '인사'(41회), '이재명'(37회) 순으로 나타났습니다. 특히 '후보자' 관련 이슈가 가장 두드러졌으며, 대표 헤드라인은 ""신군부 '핵심 5인' 마지막 생존자 정호용 사망…5·18 단체 ""끝내 사죄 없어"""" 입니다.",2026-09-14 09:04:59,성공,100,0,158,-100.0
2026-09-14,매일신문,이슈,20,후보자(56); 장관(40); 공휴일(36); 정부(35); 연휴(31),"2026-09-14 매일신문(이슈) 기사 20건 분석 결과, 상위 키워드는 '후보자'(56회), '장관'(40회), '공휴일'(36회), '정부'(35회), '연휴'(31회) 순으로 나타났습니다. 특히 '후보자' 관련 이슈가 가장 두드러졌으며, 대표 헤드라인은 """"홍서범·조갑경 아들 외도 논란 결론 났다""…前며느리 일부 승소조회수7,257"" 입니다.",2026-09-14 09:05:17,성공,100,18,83,-64.4
2026-09-14,매일신문,정치,20,후보자(152); 장관(78); 대통령(63); 인사(43); 국민(43),"2026-09-14 매일신문(정치) 기사 20건 분석 결과, 상위 키워드는 '후보자'(152회), '장관'(78회), '대통령'(63회), '인사'(43회), '국민'(43회) 순으로 나타났습니다. 특히 '후보자' 관련 이슈가 가장 두드러졌으며, 대표 헤드라인은 ""조국, 李 33.8% 결과에 ""'문조털래유' 적으로 쳐낸 '뉴이재명' 전략 결과, 심각하다"""" 입니다.",2026-09-14 09:05:33,성공,100,8,173,-91.2
2026-09-14,매일신문,경제,20,기업(63); 금리(50); 회장(37); 분배(34); 금융(32),"2026-09-14 매일신문(경제) 기사 20건 분석 결과, 상위 키워드는 '기업'(63회), '금리'(50회), '회장'(37회), '분배'(34회), '금융'(32회) 순으로 나타났습니다. 특히 '기업' 관련 이슈가 가장 두드러졌으며, 대표 헤드라인은 ""양종희 KB금융 회장 연임 '불발'… 황병우 iM금융 회장에 쏠리는 눈"" 입니다.",2026-09-14 09:05:50,성공,100,111,11,82.0
2026-09-14,매일신문,사회,20,접수(38); 원서(34); 대회(25); 수험(23); 구제(21),"2026-09-14 매일신문(사회) 기사 20건 분석 결과, 상위 키워드는 '접수'(38회), '원서'(34회), '대회'(25회), '수험'(23회), '구제'(21회) 순으로 나타났습니다. 특히 '접수' 관련 이슈가 가장 두드러졌으며, 대표 헤드라인은 ""세계유산 넓어진 한국 갯벌, 여수서 보전 해법 찾는다"" 입니다.",2026-09-14 09:06:06,성공,100,38,41,-3.8
2026-09-14,매일신문,문화,20,감독(51); 문화(37); 가은(36); 영화(33); 가능(30),"2026-09-14 매일신문(문화) 기사 20건 분석 결과, 상위 키워드는 '감독'(51회), '문화'(37회), '가은'(36회), '영화'(33회), '가능'(30회) 순으로 나타났습니다. 특히 '감독' 관련 이슈가 가장 두드러졌으며, 대표 헤드라인은 ""[양진오의 대구경북의 집이야기] 기차가 멈추니 문을 연 집, 문경 가은역"" 입니다.",2026-09-14 09:06:23,성공,100,26,0,100.0
2026-09-14,매일신문,세계,20,대회(39); 게임(36); 아시안(34); 선수(31); 러시아(29),"2026-09-14 매일신문(세계) 기사 20건 분석 결과, 상위 키워드는 '대회'(39회), '게임'(36회), '아시안'(34회), '선수'(31회), '러시아'(29회) 순으로 나타났습니다. 특히 '대회' 관련 이슈가 가장 두드러졌으며, 대표 헤드라인은 ""라브로프 ""협상해도 우크라이나 공격 멈추지 않는다"""" 입니다.",2026-09-14 09:06:40,성공,100,36,41,-6.5
2026-09-14,매일신문,IT과학,20,기업(71); 산업(49); 로봇(47); 반도체(43); 생산(36),"2026-09-14 매일신문(IT과학) 기사 20건 분석 결과, 상위 키워드는 '기업'(71회), '산업'(49회), '로봇'(47회), '반도체'(43회), '생산'(36회) 순으로 나타났습니다. 특히 '기업' 관련 이슈가 가장 두드러졌으며, 대표 헤드라인은 ""앤스로픽 ""클로드, 생물무기 연구에 악용 시도…8개월간 수십 건 차단"""" 입니다.",2026-09-14 09:06:57,성공,100,125,15,78.6
2026-09-14,데일리안,주요뉴스,40,후보자(71); 의원(46); 대표(46); 국민(39); 서울(35),"2026-09-14 데일리안(주요뉴스) 기사 40건 분석 결과, 상위 키워드는 '후보자'(71회), '의원'(46회), '대표'(46회), '국민'(39회), '서울'(35회) 순으로 나타났습니다. 특히 '후보자' 관련 이슈가 가장 두드러졌으며, 대표 헤드라인은 ""용혜인 사퇴 후 김승원 정조준한 野…국민의힘·한동훈 공조는 불발"" 입니다.",2026-09-14 09:07:14,성공,100,31,138,-63.3
2026-09-14,데일리안,이슈,20,후보자(36); 의원(36); 임대(33); 거래(33); 시장(31),"2026-09-14 데일리안(이슈) 기사 20건 분석 결과, 상위 키워드는 '후보자'(36회), '의원'(36회), '임대'(33회), '거래'(33회), '시장'(31회) 순으로 나타났습니다. 특히 '후보자' 관련 이슈가 가장 두드러졌으며, 대표 헤드라인은 ""中 “대만 무기 팔면 시진핑 방미 취소”…트럼프 “전혀 걱정 안 해”"" 입니다.",2026-09-14 09:07:31,성공,100,21,93,-63.2
2026-09-14,데일리안,정치,20,후보자(104); 의원(81); 대표(68); 대통령(60); 장관(57),"2026-09-14 데일리안(정치) 기사 20건 분석 결과, 상위 키워드는 '후보자'(104회), '의원'(81회), '대표'(68회), '대통령'(60회), '장관'(57회) 순으로 나타났습니다. 특히 '후보자' 관련 이슈가 가장 두드러졌으며, 대표 헤드라인은 ""'YS 차남' 김현철, 용혜인에 ""조금만 더 버텼으면…"""" 입니다.",2026-09-14 09:07:47,성공,100,0,195,-100.0
2026-09-14,데일리안,경제,20,거래(50); 시장(44); 대출(43); 가격(36); 금융(35),"2026-09-14 데일리안(경제) 기사 20건 분석 결과, 상위 키워드는 '거래'(50회), '시장'(44회), '대출'(43회), '가격'(36회), '금융'(35회) 순으로 나타났습니다. 특히 '거래' 관련 이슈가 가장 두드러졌으며, 대표 헤드라인은 ""[인사] 신한투자증권"" 입니다.",2026-09-14 09:08:05,성공,100,87,60,18.4
2026-09-14,데일리안,사회,20,지역(47); 병원(40); 개발(35); 의료(28); 교육(24),"2026-09-14 데일리안(사회) 기사 20건 분석 결과, 상위 키워드는 '지역'(47회), '병원'(40회), '개발'(35회), '의료'(28회), '교육'(24회) 순으로 나타났습니다. 특히 '지역' 관련 이슈가 가장 두드러졌으며, 대표 헤드라인은 ""서울 종로구, 65세 이상 저소득 어르신에 생활수리 지원"" 입니다.",2026-09-14 09:08:21,성공,100,147,18,78.2
2026-09-14,데일리안,문화,20,지역(39); 부산(34); 매장(33); 주행(31); 데이터(31),"2026-09-14 데일리안(문화) 기사 20건 분석 결과, 상위 키워드는 '지역'(39회), '부산'(34회), '매장'(33회), '주행'(31회), '데이터'(31회) 순으로 나타났습니다. 특히 '지역' 관련 이슈가 가장 두드러졌으며, 대표 헤드라인은 ""한국머크 헬스케어, 난임 치료 '정보 격차'부터 없앤다"" 입니다.",2026-09-14 09:08:39,성공,100,81,0,100.0
2026-09-14,데일리안,세계,20,중국(46); 이란(44); 미국(38); 정부(38); 일본(25),"2026-09-14 데일리안(세계) 기사 20건 분석 결과, 상위 키워드는 '중국'(46회), '이란'(44회), '미국'(38회), '정부'(38회), '일본'(25회) 순으로 나타났습니다. 특히 '중국' 관련 이슈가 가장 두드러졌으며, 대표 헤드라인은 ""한밤중 3m 파도에 243명 탄 배 뒤집혔다…인니서 6명 사망·129명 실종"" 입니다.",2026-09-14 09:08:56,성공,100,25,51,-34.2
2026-09-14,데일리안,IT과학,20,젠지(68); 서비스(67); 한화생명(62); 세트(44); 게임(37),"2026-09-14 데일리안(IT과학) 기사 20건 분석 결과, 상위 키워드는 '젠지'(68회), '서비스'(67회), '한화생명'(62회), '세트'(44회), '게임'(37회) 순으로 나타났습니다. 특히 '젠지' 관련 이슈가 가장 두드러졌으며, 대표 헤드라인은 ""아직도 '바다이야기'서 허우적대는 게임정책 [기자수첩-ICT]"" 입니다.",2026-09-14 09:09:13,성공,100,166,9,89.7
2026-09-14,아시아경제,주요뉴스,40,서울(30); 외국인(25); 소득(25); 사업(23); 금융(23),"2026-09-14 아시아경제(주요뉴스) 기사 40건 분석 결과, 상위 키워드는 '서울'(30회), '외국인'(25회), '소득'(25회), '사업'(23회), '금융'(23회) 순으로 나타났습니다. 특히 '서울' 관련 이슈가 가장 두드러졌으며, 대표 헤드라인은 """"환율 10원 내릴 때마다 25억 번다""…1340원대 원화 강세에 웃는 종목"" 입니다.",2026-09-14 09:09:30,성공,100,118,37,52.3
2026-09-14,아시아경제,이슈,20,미국(37); 서울(29); 가능(28); 시장(26); 외국인(24),"2026-09-14 아시아경제(이슈) 기사 20건 분석 결과, 상위 키워드는 '미국'(37회), '서울'(29회), '가능'(28회), '시장'(26회), '외국인'(24회) 순으로 나타났습니다. 특히 '미국' 관련 이슈가 가장 두드러졌으며, 대표 헤드라인은 """"환율 10원 내릴 때마다 25억 번다""…1340원대 원화 강세에 웃는 종목"" 입니다.",2026-09-14 09:09:47,성공,100,71,47,20.3
2026-09-14,아시아경제,정치,20,대통령(38); 개혁(33); 수사(27); 의원(27); 북한(26),"2026-09-14 아시아경제(정치) 기사 20건 분석 결과, 상위 키워드는 '대통령'(38회), '개혁'(33회), '수사'(27회), '의원'(27회), '북한'(26회) 순으로 나타났습니다. 특히 '대통령' 관련 이슈가 가장 두드러졌으며, 대표 헤드라인은 ""北, 드론·탄도미사일 등 동원 협동화력훈련…""복합 타격망 과시"""" 입니다.",2026-09-14 09:10:05,성공,100,56,78,-16.4
2026-09-14,아시아경제,경제,20,고객(36); 장기(30); 신용(19); 브랜드(18); 참여(18),"2026-09-14 아시아경제(경제) 기사 20건 분석 결과, 상위 키워드는 '고객'(36회), '장기'(30회), '신용'(19회), '브랜드'(18회), '참여'(18회) 순으로 나타났습니다. 특히 '고객' 관련 이슈가 가장 두드러졌으며, 대표 헤드라인은 ""대구 누빔·부산 편집숍 한자리에…더현대 서울에 'K로컬' 뜬다"" 입니다.",2026-09-14 09:10:23,성공,100,70,9,77.2
2026-09-14,아시아경제,사회,20,축제(35); 공휴일(23); 사업(19); 지역(19); 지정(18),"2026-09-14 아시아경제(사회) 기사 20건 분석 결과, 상위 키워드는 '축제'(35회), '공휴일'(23회), '사업'(19회), '지역'(19회), '지정'(18회) 순으로 나타났습니다. 특히 '축제' 관련 이슈가 가장 두드러졌으며, 대표 헤드라인은 """"이번 추석 너무 짧아, 월요일도 쉬자""…28일 임시공휴일 깜짝 발표 기대감"" 입니다.",2026-09-14 09:10:41,성공,100,68,8,78.9
2026-09-14,아시아경제,문화,20,한국(34); 공휴일(23); 중국인(23); 일본(22); 지정(21),"2026-09-14 아시아경제(문화) 기사 20건 분석 결과, 상위 키워드는 '한국'(34회), '공휴일'(23회), '중국인'(23회), '일본'(22회), '지정'(21회) 순으로 나타났습니다. 특히 '한국' 관련 이슈가 가장 두드러졌으며, 대표 헤드라인은 ""잇단 흡연·훼손·폭언…궁궐 질서 캠페인"" 입니다.",2026-09-14 09:10:59,성공,100,53,0,100.0
2026-09-14,아시아경제,세계,20,트럼프(71); 대통령(60); 미국(56); 이란(32); 친구(30),"2026-09-14 아시아경제(세계) 기사 20건 분석 결과, 상위 키워드는 '트럼프'(71회), '대통령'(60회), '미국'(56회), '이란'(32회), '친구'(30회) 순으로 나타났습니다. 특히 '트럼프' 관련 이슈가 가장 두드러졌으며, 대표 헤드라인은 ""금속탐지기 돌리다 '대박'…1000년 전 은화 4.5㎏ 무더기 발견"" 입니다.",2026-09-14 09:11:17,성공,100,51,75,-19.0
2026-09-14,아시아경제,IT과학,20,서비스(46); 고객(43); 연구(37); 활용(32); 기업(30),"2026-09-14 아시아경제(IT과학) 기사 20건 분석 결과, 상위 키워드는 '서비스'(46회), '고객'(43회), '연구'(37회), '활용'(32회), '기업'(30회) 순으로 나타났습니다. 특히 '서비스' 관련 이슈가 가장 두드러졌으며, 대표 헤드라인은 ""韓 기업 58%가 AI 활용…81%는 생산성 높였다"" 입니다.",2026-09-14 09:11:35,성공,100,52,8,73.3
2026-09-15,조선일보,주요뉴스,40,대통령(71); 후보자(39); 대표(39); 금리(37); 브라보(33),"2026-09-15 조선일보(주요뉴스) 기사 40건 분석 결과, 상위 키워드는 '대통령'(71회), '후보자'(39회), '대표'(39회), '금리'(37회), '브라보'(33회) 순으로 나타났습니다. 특히 '대통령' 관련 이슈가 가장 두드러졌으며, 대표 헤드라인은 ""“오세훈이 원한 것도 아니고 나 혼자…” ‘여론조사 대납’ 2심서 나온 새 증거"" 입니다.",2026-09-15 09:00:26,성공,100,62,97,-22.0
2026-09-15,조선일보,이슈,20,후보자(77); 의원(37); 브라보(33); 장관(32); 청문회(29),"2026-09-15 조선일보(이슈) 기사 20건 분석 결과, 상위 키워드는 '후보자'(77회), '의원'(37회), '브라보'(33회), '장관'(32회), '청문회'(29회) 순으로 나타났습니다. 특히 '후보자' 관련 이슈가 가장 두드러졌으며, 대표 헤드라인은 ""한동훈 “김승원 청문회에 내 후원회 회계보고서 요청…말이 되나”"" 입니다.",2026-09-15 09:00:43,성공,100,36,19,30.9
2026-09-15,조선일보,정치,20,후보자(88); 대통령(71); 의원(59); 대표(49); 장관(38),"2026-09-15 조선일보(정치) 기사 20건 분석 결과, 상위 키워드는 '후보자'(88회), '대통령'(71회), '의원'(59회), '대표'(49회), '장관'(38회) 순으로 나타났습니다. 특히 '후보자' 관련 이슈가 가장 두드러졌으며, 대표 헤드라인은 ""김민석 ‘盧탄핵’ 언급 비판에 “쓸데없는 탄핵시도 세력 망했다”"" 입니다.",2026-09-15 09:01:01,성공,100,33,92,-47.2
2026-09-15,조선일보,경제,20,금리(52); 가격(46); 상승(32); 물가(30); 정부(28),"2026-09-15 조선일보(경제) 기사 20건 분석 결과, 상위 키워드는 '금리'(52회), '가격'(46회), '상승'(32회), '물가'(30회), '정부'(28회) 순으로 나타났습니다. 특히 '금리' 관련 이슈가 가장 두드러졌으며, 대표 헤드라인은 ""1억원 이상 보유 ‘미성년 주주’ 1년 만에 2배로"" 입니다.",2026-09-15 09:01:19,성공,100,114,65,27.4
2026-09-15,조선일보,사회,20,검사(33); 수사(27); 학생(21); 후보자(21); 조사(19),"2026-09-15 조선일보(사회) 기사 20건 분석 결과, 상위 키워드는 '검사'(33회), '수사'(27회), '학생'(21회), '후보자'(21회), '조사'(19회) 순으로 나타났습니다. 특히 '검사' 관련 이슈가 가장 두드러졌으며, 대표 헤드라인은 ""[더 한장] “구슬땀 흘리며…정예 소방관을 향한 24주”"" 입니다.",2026-09-15 09:01:37,성공,100,16,65,-60.5
2026-09-15,조선일보,문화,20,골프(31); 대학(25); 자단목(25); 작품(22); 영화(17),"2026-09-15 조선일보(문화) 기사 20건 분석 결과, 상위 키워드는 '골프'(31회), '대학'(25회), '자단목'(25회), '작품'(22회), '영화'(17회) 순으로 나타났습니다. 특히 '골프' 관련 이슈가 가장 두드러졌으며, 대표 헤드라인은 ""[함영준의 마음PT] 잠 못 든 새벽, 흔들리는 마음 다루는 법"" 입니다.",2026-09-15 09:01:54,성공,100,29,0,100.0
2026-09-15,조선일보,세계,20,미국(59); 트럼프(44); 브라보(33); 북한(24); 법원(23),"2026-09-15 조선일보(세계) 기사 20건 분석 결과, 상위 키워드는 '미국'(59회), '트럼프'(44회), '브라보'(33회), '북한'(24회), '법원'(23회) 순으로 나타났습니다. 특히 '미국' 관련 이슈가 가장 두드러졌으며, 대표 헤드라인은 ""또 법원에 막힌 트럼프…유학생 비자 제한 시행 하루 전 제동"" 입니다.",2026-09-15 09:02:12,성공,100,54,49,4.9
2026-09-15,조선일보,IT과학,20,기업(49); 투자(35); 매출(34); 데이터(30); 도입(25),"2026-09-15 조선일보(IT과학) 기사 20건 분석 결과, 상위 키워드는 '기업'(49회), '투자'(35회), '매출'(34회), '데이터'(30회), '도입'(25회) 순으로 나타났습니다. 특히 '기업' 관련 이슈가 가장 두드러졌으며, 대표 헤드라인은 ""숫자 틀리고 불량 놓치고… AI 도입 실패 사례도 잇따라"" 입니다.",2026-09-15 09:02:29,성공,100,125,7,89.4
2026-09-15,문화일보,주요뉴스,40,의원(60); 후보자(47); 대표(34); 여성(27); 대통령(25),"2026-09-15 문화일보(주요뉴스) 기사 40건 분석 결과, 상위 키워드는 '의원'(60회), '후보자'(47회), '대표'(34회), '여성'(27회), '대통령'(25회) 순으로 나타났습니다. 특히 '의원' 관련 이슈가 가장 두드러졌으며, 대표 헤드라인은 ""“李대통령, 김승원 임명하라…무덤 파고 들어가겠다는데”..청문회 앞둔 장동혁의 말"" 입니다.",2026-09-15 09:02:46,성공,100,5,65,-85.7
2026-09-15,문화일보,이슈,20,의원(59); 후보자(53); 대표(45); 의혹(22); 장관(21),"2026-09-15 문화일보(이슈) 기사 20건 분석 결과, 상위 키워드는 '의원'(59회), '후보자'(53회), '대표'(45회), '의혹'(22회), '장관'(21회) 순으로 나타났습니다. 특히 '의원' 관련 이슈가 가장 두드러졌으며, 대표 헤드라인은 ""‘하닉 하락 적중했던 그 보고서’…이번엔 삼성전자 목표가  낮췄다"" 입니다.",2026-09-15 09:03:03,성공,100,5,68,-86.3
2026-09-15,문화일보,정치,20,의원(68); 후보자(54); 대통령(40); 대표(35); 국민(28),"2026-09-15 문화일보(정치) 기사 20건 분석 결과, 상위 키워드는 '의원'(68회), '후보자'(54회), '대통령'(40회), '대표'(35회), '국민'(28회) 순으로 나타났습니다. 특히 '의원' 관련 이슈가 가장 두드러졌으며, 대표 헤드라인은 ""한동훈 “김승원 장관되면 브로커 양 씨가 정책보좌관 될 것”"" 입니다.",2026-09-15 09:03:20,성공,100,7,81,-84.1
2026-09-15,문화일보,경제,20,시장(25); 주가(22); 과세(17); 투자(15); 아파트(15),"2026-09-15 문화일보(경제) 기사 20건 분석 결과, 상위 키워드는 '시장'(25회), '주가'(22회), '과세'(17회), '투자'(15회), '아파트'(15회) 순으로 나타났습니다. 특히 '시장' 관련 이슈가 가장 두드러졌으며, 대표 헤드라인은 ""UAE엔 APR1400·체코엔 APR1000…원안위 ‘맞춤형 규제외교’"" 입니다.",2026-09-15 09:03:38,성공,100,57,21,46.2
2026-09-15,문화일보,사회,20,청년(60); 기업(42); 참여(27); 행사(25); 서울(21),"2026-09-15 문화일보(사회) 기사 20건 분석 결과, 상위 키워드는 '청년'(60회), '기업'(42회), '참여'(27회), '행사'(25회), '서울'(21회) 순으로 나타났습니다. 특히 '청년' 관련 이슈가 가장 두드러졌으며, 대표 헤드라인은 ""경남경찰, 불법 도박사이트 153개 제작·관리·분양 일당 검거"" 입니다.",2026-09-15 09:03:55,성공,100,165,20,78.4
2026-09-15,문화일보,문화,20,영화(62); 감독(54); 사랑(33); 한국(24); 가능(22),"2026-09-15 문화일보(문화) 기사 20건 분석 결과, 상위 키워드는 '영화'(62회), '감독'(54회), '사랑'(33회), '한국'(24회), '가능'(22회) 순으로 나타났습니다. 특히 '영화' 관련 이슈가 가장 두드러졌으며, 대표 헤드라인은 ""제네시스 콘셉트카, 이탈리아 질주"" 입니다.",2026-09-15 09:04:12,성공,100,46,0,100.0
2026-09-15,문화일보,세계,20,일본(36); 대통령(33); 트럼프(32); 아일랜드(24); 총리(20),"2026-09-15 문화일보(세계) 기사 20건 분석 결과, 상위 키워드는 '일본'(36회), '대통령'(33회), '트럼프'(32회), '아일랜드'(24회), '총리'(20회) 순으로 나타났습니다. 특히 '일본' 관련 이슈가 가장 두드러졌으며, 대표 헤드라인은 ""‘트럼프의 7배를 받는다고? 누가?’…전 세계 대통령·총리 중 ‘연봉킹’"" 입니다.",2026-09-15 09:04:30,성공,100,21,22,-2.3
2026-09-15,문화일보,IT과학,20,기후(37); 게임(28); 테크(24); 반도체(22); 기술(22),"2026-09-15 문화일보(IT과학) 기사 20건 분석 결과, 상위 키워드는 '기후'(37회), '게임'(28회), '테크'(24회), '반도체'(22회), '기술'(22회) 순으로 나타났습니다. 특히 '기후' 관련 이슈가 가장 두드러졌으며, 대표 헤드라인은 ""메가존클라우드, AWS·우주항공청과 국내 스타트업 키운다"" 입니다.",2026-09-15 09:04:48,성공,100,126,0,100.0
2026-09-15,매일신문,주요뉴스,40,의원(48); 대통령(47); 한동훈(42); 재정(35); 후보자(33),"2026-09-15 매일신문(주요뉴스) 기사 40건 분석 결과, 상위 키워드는 '의원'(48회), '대통령'(47회), '한동훈'(42회), '재정'(35회), '후보자'(33회) 순으로 나타났습니다. 특히 '의원' 관련 이슈가 가장 두드러졌으며, 대표 헤드라인은 ""최태원 ""동거인에 1000억? 실제 생활비는 20억""…불기소 처분 항고"" 입니다.",2026-09-15 09:05:06,성공,100,29,117,-60.3
2026-09-15,매일신문,이슈,20,거래(44); 의원(36); 후보자(31); 한동훈(27); 인구(23),"2026-09-15 매일신문(이슈) 기사 20건 분석 결과, 상위 키워드는 '거래'(44회), '의원'(36회), '후보자'(31회), '한동훈'(27회), '인구'(23회) 순으로 나타났습니다. 특히 '거래' 관련 이슈가 가장 두드러졌으며, 대표 헤드라인은 """"제가 실수로 차를 좀 쳤어요""…도망 대신 전화 건 초4에 '칭찬 폭발'조회수23,628"" 입니다.",2026-09-15 09:05:23,성공,100,21,53,-43.2
2026-09-15,매일신문,정치,20,의원(81); 대표(42); 후보자(42); 한동훈(41); 대통령(39),"2026-09-15 매일신문(정치) 기사 20건 분석 결과, 상위 키워드는 '의원'(81회), '대표'(42회), '후보자'(42회), '한동훈'(41회), '대통령'(39회) 순으로 나타났습니다. 특히 '의원' 관련 이슈가 가장 두드러졌으며, 대표 헤드라인은 ""한동훈 VS 김민석 'NHK·9억' 정면충돌…韓 ""다 인정했네, 강신성 쏙 빼고"", 金 ""또 말하면 법적조치"""" 입니다.",2026-09-15 09:05:40,성공,100,49,51,-2.0
2026-09-15,매일신문,경제,20,지역(37); 시장(30); 기업(29); 산업(28); 투자(25),"2026-09-15 매일신문(경제) 기사 20건 분석 결과, 상위 키워드는 '지역'(37회), '시장'(30회), '기업'(29회), '산업'(28회), '투자'(25회) 순으로 나타났습니다. 특히 '지역' 관련 이슈가 가장 두드러졌으며, 대표 헤드라인은 """"AI 설계, 책임 기준부터 세워야"""" 입니다.",2026-09-15 09:05:59,성공,100,141,16,79.6
2026-09-15,매일신문,사회,20,학생(36); 재정(24); 운영(23); 주민(20); 회장(20),"2026-09-15 매일신문(사회) 기사 20건 분석 결과, 상위 키워드는 '학생'(36회), '재정'(24회), '운영'(23회), '주민'(20회), '회장'(20회) 순으로 나타났습니다. 특히 '학생' 관련 이슈가 가장 두드러졌으며, 대표 헤드라인은 ""동래구 장애인·비장애인 800명 화합의 장"" 입니다.",2026-09-15 09:06:16,성공,100,27,26,1.9
2026-09-15,매일신문,문화,20,공연(53); 신라(50); 전쟁(43); 고구려(41); 지역(29),"2026-09-15 매일신문(문화) 기사 20건 분석 결과, 상위 키워드는 '공연'(53회), '신라'(50회), '전쟁'(43회), '고구려'(41회), '지역'(29회) 순으로 나타났습니다. 특히 '공연' 관련 이슈가 가장 두드러졌으며, 대표 헤드라인은 ""갈비찜 냄비째 식히다 324명 식중독… 추석 '퍼프린젠스' 주의보"" 입니다.",2026-09-15 09:06:33,성공,100,69,54,12.2
2026-09-15,매일신문,세계,20,트럼프(32); 우크라이나(31); 이란(31); 해협(31); 대통령(29),"2026-09-15 매일신문(세계) 기사 20건 분석 결과, 상위 키워드는 '트럼프'(32회), '우크라이나'(31회), '이란'(31회), '해협'(31회), '대통령'(29회) 순으로 나타났습니다. 특히 '트럼프' 관련 이슈가 가장 두드러졌으며, 대표 헤드라인은 ""영국 청년 20명 중 1명 ""친한 친구 없다""…10년 새 5배 급증"" 입니다.",2026-09-15 09:06:51,성공,100,19,56,-49.3
2026-09-15,매일신문,IT과학,20,기업(67); 산업(47); 로봇(47); 반도체(44); 버스(34),"2026-09-15 매일신문(IT과학) 기사 20건 분석 결과, 상위 키워드는 '기업'(67회), '산업'(47회), '로봇'(47회), '반도체'(44회), '버스'(34회) 순으로 나타났습니다. 특히 '기업' 관련 이슈가 가장 두드러졌으며, 대표 헤드라인은 ""SK하이닉스 ADR 7.6% 급락…AI 속도조절론에 반도체주 패닉"" 입니다.",2026-09-15 09:07:09,성공,100,120,27,63.3
2026-09-15,데일리안,주요뉴스,40,후보자(76); 의원(56); 금리(42); 의혹(37); 대표(37),"2026-09-15 데일리안(주요뉴스) 기사 40건 분석 결과, 상위 키워드는 '후보자'(76회), '의원'(56회), '금리'(42회), '의혹'(37회), '대표'(37회) 순으로 나타났습니다. 특히 '후보자' 관련 이슈가 가장 두드러졌으며, 대표 헤드라인은 ""용혜인은 사퇴, 김승원은 엄호…민주당 인사 검증 '온도 차'"" 입니다.",2026-09-15 09:07:27,성공,100,60,109,-29.0
2026-09-15,데일리안,이슈,20,금리(44); 후보자(43); 시장(38); 의원(36); 대표(34),"2026-09-15 데일리안(이슈) 기사 20건 분석 결과, 상위 키워드는 '금리'(44회), '후보자'(43회), '시장'(38회), '의원'(36회), '대표'(34회) 순으로 나타났습니다. 특히 '금리' 관련 이슈가 가장 두드러졌으며, 대표 헤드라인은 ""[속보] 뉴욕증시, 美국채금리·유가 상승에 AI 감속론까지⋯ 나스닥 0.56%↓"" 입니다.",2026-09-15 09:07:45,성공,100,18,106,-71.0
2026-09-15,데일리안,정치,20,후보자(143); 의원(105); 대표(70); 대통령(62); 청문회(59),"2026-09-15 데일리안(정치) 기사 20건 분석 결과, 상위 키워드는 '후보자'(143회), '의원'(105회), '대표'(70회), '대통령'(62회), '청문회'(59회) 순으로 나타났습니다. 특히 '후보자' 관련 이슈가 가장 두드러졌으며, 대표 헤드라인은 ""용혜인 사퇴 직후 조갑제 ""김승원도 사퇴시켜야 논리 맞아"""" 입니다.",2026-09-15 09:08:02,성공,100,61,174,-48.1
2026-09-15,데일리안,경제,20,금융(60); 공급(47); 금리(46); 대출(45); 시장(44),"2026-09-15 데일리안(경제) 기사 20건 분석 결과, 상위 키워드는 '금융'(60회), '공급'(47회), '금리'(46회), '대출'(45회), '시장'(44회) 순으로 나타났습니다. 특히 '금융' 관련 이슈가 가장 두드러졌으며, 대표 헤드라인은 ""환율 하락에 수출물가 3.7%↓…3년8개월 만에 '최저'"" 입니다.",2026-09-15 09:08:20,성공,100,148,94,22.3
2026-09-15,데일리안,사회,20,후보자(70); 수사(49); 사건(45); 의원(39); 접수(38),"2026-09-15 데일리안(사회) 기사 20건 분석 결과, 상위 키워드는 '후보자'(70회), '수사'(49회), '사건'(45회), '의원'(39회), '접수'(38회) 순으로 나타났습니다. 특히 '후보자' 관련 이슈가 가장 두드러졌으며, 대표 헤드라인은 ""양천구, 서울특별시 정원도시상 대상·장려상 등 3건 수상"" 입니다.",2026-09-15 09:08:37,성공,100,67,194,-48.7
2026-09-15,데일리안,문화,20,치매(30); 치료(22); 기아(20); 임상(19); 효과(19),"2026-09-15 데일리안(문화) 기사 20건 분석 결과, 상위 키워드는 '치매'(30회), '치료'(22회), '기아'(20회), '임상'(19회), '효과'(19회) 순으로 나타났습니다. 특히 '치매' 관련 이슈가 가장 두드러졌으며, 대표 헤드라인은 ""아침 최저 12도·낮 최고 29도 '큰 일교차 주의'…환절기 알레르기 비염, 증상 완화하려면 [오늘 날씨]"" 입니다.",2026-09-15 09:08:55,성공,100,53,0,100.0
2026-09-15,데일리안,세계,20,미국(55); 트럼프(50); 대통령(39); 금리(27); 네팔(22),"2026-09-15 데일리안(세계) 기사 20건 분석 결과, 상위 키워드는 '미국'(55회), '트럼프'(50회), '대통령'(39회), '금리'(27회), '네팔'(22회) 순으로 나타났습니다. 특히 '미국' 관련 이슈가 가장 두드러졌으며, 대표 헤드라인은 ""트럼프 ‘유학생 비자 4년 제한’ 제동…시행 하루 전 법원이 막았다"" 입니다.",2026-09-15 09:09:12,성공,100,30,80,-45.5
2026-09-15,데일리안,IT과학,20,기술(53); 정보(34); 게임(34); 서비스(30); 활용(28),"2026-09-15 데일리안(IT과학) 기사 20건 분석 결과, 상위 키워드는 '기술'(53회), '정보'(34회), '게임'(34회), '서비스'(30회), '활용'(28회) 순으로 나타났습니다. 특히 '기술' 관련 이슈가 가장 두드러졌으며, 대표 헤드라인은 ""삼성전자, 버라이즌과 AI 기반 6G ‘ISAC’ 현장 실증 성공"" 입니다.",2026-09-15 09:09:29,성공,100,120,0,100.0
2026-09-15,아시아경제,주요뉴스,40,시장(55); 사업(41); 서비스(41); 정보(35); 배달(35),"2026-09-15 아시아경제(주요뉴스) 기사 40건 분석 결과, 상위 키워드는 '시장'(55회), '사업'(41회), '서비스'(41회), '정보'(35회), '배달'(35회) 순으로 나타났습니다. 특히 '시장' 관련 이슈가 가장 두드러졌으며, 대표 헤드라인은 ""너무 배고파 감자떡 2봉지 훔친 40대 노숙인에 사비로 7만원 건넨 경찰"" 입니다.",2026-09-15 09:09:47,성공,100,120,67,28.3
2026-09-15,아시아경제,이슈,20,시장(52); 금리(48); 미국(43); 국채(36); 주택(32),"2026-09-15 아시아경제(이슈) 기사 20건 분석 결과, 상위 키워드는 '시장'(52회), '금리'(48회), '미국'(43회), '국채'(36회), '주택'(32회) 순으로 나타났습니다. 특히 '시장' 관련 이슈가 가장 두드러졌으며, 대표 헤드라인은 """"이건 무조건 봐야지""…일본서 4조 원 대박 터뜨린 관광 산업"" 입니다.",2026-09-15 09:10:05,성공,100,141,78,28.8
2026-09-15,아시아경제,정치,20,문화(59); 협력(32); 지역(31); 여사(26); 우즈베키스탄(23),"2026-09-15 아시아경제(정치) 기사 20건 분석 결과, 상위 키워드는 '문화'(59회), '협력'(32회), '지역'(31회), '여사'(26회), '우즈베키스탄'(23회) 순으로 나타났습니다. 특히 '문화' 관련 이슈가 가장 두드러졌으며, 대표 헤드라인은 ""[포토] 발언하는 권칠승 정책위의장"" 입니다.",2026-09-15 09:10:22,성공,100,98,0,100.0
2026-09-15,아시아경제,경제,20,투자(37); 기업(31); 기술(29); 서비스(19); 삼성(18),"2026-09-15 아시아경제(경제) 기사 20건 분석 결과, 상위 키워드는 '투자'(37회), '기업'(31회), '기술'(29회), '서비스'(19회), '삼성'(18회) 순으로 나타났습니다. 특히 '투자' 관련 이슈가 가장 두드러졌으며, 대표 헤드라인은 ""삼성SDS, 앤스로픽 셀렉트 티어 파트너 국내 최초 획득…클로드 도입 돕는다"" 입니다.",2026-09-15 09:10:40,성공,100,105,0,100.0
2026-09-15,아시아경제,사회,20,정보(92); 개인(68); 유출(45); 사고(35); 손해(24),"2026-09-15 아시아경제(사회) 기사 20건 분석 결과, 상위 키워드는 '정보'(92회), '개인'(68회), '유출'(45회), '사고'(35회), '손해'(24회) 순으로 나타났습니다. 특히 '정보' 관련 이슈가 가장 두드러졌으며, 대표 헤드라인은 ""UNIST, '전기 먹는 하마' AI 데이터센터 비용 48%·탄소 72% 감축 길 열었다"" 입니다.",2026-09-15 09:10:59,성공,100,26,126,-65.8
2026-09-15,아시아경제,문화,20,문화(60); 지역(39); 홍역(33); 지원(27); 관광(24),"2026-09-15 아시아경제(문화) 기사 20건 분석 결과, 상위 키워드는 '문화'(60회), '지역'(39회), '홍역'(33회), '지원'(27회), '관광'(24회) 순으로 나타났습니다. 특히 '문화' 관련 이슈가 가장 두드러졌으며, 대표 헤드라인은 ""창립 65주년 맞은 삼양식품…김정수 회장, 임직원들과 소통"" 입니다.",2026-09-15 09:11:16,성공,100,88,20,63.0
2026-09-15,아시아경제,세계,20,미국(63); 금리(51); 국채(41); 트럼프(36); 홍역(33),"2026-09-15 아시아경제(세계) 기사 20건 분석 결과, 상위 키워드는 '미국'(63회), '금리'(51회), '국채'(41회), '트럼프'(36회), '홍역'(33회) 순으로 나타났습니다. 특히 '미국' 관련 이슈가 가장 두드러졌으며, 대표 헤드라인은 """"이게 스포츠하는 여성?""…美 배우 노출 광고에 뿔난 선수들"" 입니다.",2026-09-15 09:11:33,성공,100,77,102,-14.0
2026-09-15,아시아경제,IT과학,20,삼성(49); 애플(40); 우주(33); 연구(33); 기술(29),"2026-09-15 아시아경제(IT과학) 기사 20건 분석 결과, 상위 키워드는 '삼성'(49회), '애플'(40회), '우주'(33회), '연구'(33회), '기술'(29회) 순으로 나타났습니다. 특히 '삼성' 관련 이슈가 가장 두드러졌으며, 대표 헤드라인은 ""삼성SDS, 앤스로픽 셀렉트 티어 파트너 국내 최초 획득…클로드 도입 돕는다"" 입니다.",2026-09-15 09:11:51,성공,100,108,52,35.0
2026-09-16,조선일보,주요뉴스,40,후보자(51); 메모리(40); 가격(38); 골프(37); 파크(33),"2026-09-16 조선일보(주요뉴스) 기사 40건 분석 결과, 상위 키워드는 '후보자'(51회), '메모리'(40회), '가격'(38회), '골프'(37회), '파크'(33회) 순으로 나타났습니다. 특히 '후보자' 관련 이슈가 가장 두드러졌으며, 대표 헤드라인은 ""갈라서는 ‘추·석’ 남매… 미래권력 주도권 싸움?"" 입니다.",2026-09-16 09:00:41,성공,100,67,58,7.2
2026-09-16,조선일보,이슈,20,후보자(50); 골프(38); 파크(33); 서울(29); 한국(29),"2026-09-16 조선일보(이슈) 기사 20건 분석 결과, 상위 키워드는 '후보자'(50회), '골프'(38회), '파크'(33회), '서울'(29회), '한국'(29회) 순으로 나타났습니다. 특히 '후보자' 관련 이슈가 가장 두드러졌으며, 대표 헤드라인은 ""삼성전자 3분기 영업익 전망치, 석달 새 12조 넘게 상향"" 입니다.",2026-09-16 09:00:58,성공,100,28,41,-18.8
2026-09-16,조선일보,정치,20,후보자(77); 대통령(62); 의원(53); 장관(36); 국민(35),"2026-09-16 조선일보(정치) 기사 20건 분석 결과, 상위 키워드는 '후보자'(77회), '대통령'(62회), '의원'(53회), '장관'(36회), '국민'(35회) 순으로 나타났습니다. 특히 '후보자' 관련 이슈가 가장 두드러졌으며, 대표 헤드라인은 ""조현, 18일 미국서 한미 외교장관 회담 “한미 관계 협의”"" 입니다.",2026-09-16 09:01:17,성공,100,8,105,-85.8
2026-09-16,조선일보,경제,20,마일리지(36); 후보자(28); 시장(26); 금리(24); 분기(18),"2026-09-16 조선일보(경제) 기사 20건 분석 결과, 상위 키워드는 '마일리지'(36회), '후보자'(28회), '시장'(26회), '금리'(24회), '분기'(18회) 순으로 나타났습니다. 특히 '마일리지' 관련 이슈가 가장 두드러졌으며, 대표 헤드라인은 ""’비트코인 호재’ 美 클래리티법 입법 무산에 가상자산 시장 ‘와르르’…코인베이스 등 관련 종목10%대 폭락"" 입니다.",2026-09-16 09:01:37,성공,100,43,36,8.9
2026-09-16,조선일보,사회,20,태풍(41); 골프(37); 파크(33); 심장(29); 스크린(28),"2026-09-16 조선일보(사회) 기사 20건 분석 결과, 상위 키워드는 '태풍'(41회), '골프'(37회), '파크'(33회), '심장'(29회), '스크린'(28회) 순으로 나타났습니다. 특히 '태풍' 관련 이슈가 가장 두드러졌으며, 대표 헤드라인은 ""[더 한장] 해는 서쪽으로 지는데…동쪽 하늘이 붉어진 이유"" 입니다.",2026-09-16 09:01:59,성공,100,27,27,0.0
2026-09-16,조선일보,문화,20,공연(44); 작품(32); 한국(28); 만해(27); 대상(24),"2026-09-16 조선일보(문화) 기사 20건 분석 결과, 상위 키워드는 '공연'(44회), '작품'(32회), '한국'(28회), '만해'(27회), '대상'(24회) 순으로 나타났습니다. 특히 '공연' 관련 이슈가 가장 두드러졌으며, 대표 헤드라인은 ""[김한수의 오마이갓] 만해대상 시상식에서 확인한 귀한 인연들"" 입니다.",2026-09-16 09:02:20,성공,100,68,0,100.0
2026-09-16,조선일보,세계,20,훈련(56); 미국(41); 한국(37); 트럼프(35); 일본(30),"2026-09-16 조선일보(세계) 기사 20건 분석 결과, 상위 키워드는 '훈련'(56회), '미국'(41회), '한국'(37회), '트럼프'(35회), '일본'(30회) 순으로 나타났습니다. 특히 '훈련' 관련 이슈가 가장 두드러졌으며, 대표 헤드라인은 ""트럼프 “케네디센터에 내 이름 안 붙이면 3500억 지원 안 한다”"" 입니다.",2026-09-16 09:02:40,성공,100,23,64,-47.1
2026-09-16,조선일보,IT과학,20,기업(73); 데이터(58); 개발(42); 기술(41); 속도(38),"2026-09-16 조선일보(IT과학) 기사 20건 분석 결과, 상위 키워드는 '기업'(73회), '데이터'(58회), '개발'(42회), '기술'(41회), '속도'(38회) 순으로 나타났습니다. 특히 '기업' 관련 이슈가 가장 두드러졌으며, 대표 헤드라인은 ""“메모리 가격 더 올리지 마라”… 키옥시아 CEO, 영업팀에 지시"" 입니다.",2026-09-16 09:02:59,성공,100,102,21,65.9
2026-09-16,문화일보,주요뉴스,40,지사(31); 의원(27); 시장(23); 민주당(21); 장관(19),"2026-09-16 문화일보(주요뉴스) 기사 40건 분석 결과, 상위 키워드는 '지사'(31회), '의원'(27회), '시장'(23회), '민주당'(21회), '장관'(19회) 순으로 나타났습니다. 특히 '지사' 관련 이슈가 가장 두드러졌으며, 대표 헤드라인은 ""[속보]“北서 아무것도 안받고…한미훈련 축소 철회해야” 美민주당 의원들, 트럼프에 서한"" 입니다.",2026-09-16 09:03:20,성공,100,6,98,-88.5
2026-09-16,문화일보,이슈,20,지사(41); 의원(40); 재정(26); 시장(24); 후보자(21),"2026-09-16 문화일보(이슈) 기사 20건 분석 결과, 상위 키워드는 '지사'(41회), '의원'(40회), '재정'(26회), '시장'(24회), '후보자'(21회) 순으로 나타났습니다. 특히 '지사' 관련 이슈가 가장 두드러졌으며, 대표 헤드라인은 ""[속보]“北서 아무것도 안받고…한미훈련 축소 철회해야” 美민주당 의원들, 트럼프에 서한"" 입니다.",2026-09-16 09:03:41,성공,100,11,103,-80.7
2026-09-16,문화일보,정치,20,후보자(51); 장관(38); 의원(33); 훈련(31); 청문회(26),"2026-09-16 문화일보(정치) 기사 20건 분석 결과, 상위 키워드는 '후보자'(51회), '장관'(38회), '의원'(33회), '훈련'(31회), '청문회'(26회) 순으로 나타났습니다. 특히 '후보자' 관련 이슈가 가장 두드러졌으며, 대표 헤드라인은 ""기후장관 “삼전·하이닉스 전기료 선납, 아이디어 차원”"" 입니다.",2026-09-16 09:04:02,성공,100,31,92,-49.6
2026-09-16,문화일보,경제,20,기업(40); 여성(35); 시장(24); 공급(23); 임원(18),"2026-09-16 문화일보(경제) 기사 20건 분석 결과, 상위 키워드는 '기업'(40회), '여성'(35회), '시장'(24회), '공급'(23회), '임원'(18회) 순으로 나타났습니다. 특히 '기업' 관련 이슈가 가장 두드러졌으며, 대표 헤드라인은 ""김제덕·김우진이 차음료에? 제품으로 K-양궁 응원하는 웅진식품"" 입니다.",2026-09-16 09:04:23,성공,100,86,16,68.6
2026-09-16,문화일보,사회,20,지역(33); 사업(26); 교통(23); 참여(21); 지원(19),"2026-09-16 문화일보(사회) 기사 20건 분석 결과, 상위 키워드는 '지역'(33회), '사업'(26회), '교통'(23회), '참여'(21회), '지원'(19회) 순으로 나타났습니다. 특히 '지역' 관련 이슈가 가장 두드러졌으며, 대표 헤드라인은 ""제67회 한국민속예술제 18일 평창서 막 오른다"" 입니다.",2026-09-16 09:04:43,성공,100,79,23,54.9
2026-09-16,문화일보,문화,20,작가(28); 세계(24); 한글(23); 영화(23); 문화(23),"2026-09-16 문화일보(문화) 기사 20건 분석 결과, 상위 키워드는 '작가'(28회), '세계'(24회), '한글'(23회), '영화'(23회), '문화'(23회) 순으로 나타났습니다. 특히 '작가' 관련 이슈가 가장 두드러졌으며, 대표 헤드라인은 ""독산역 화장실 세면대에 이상한 게 있다"" 입니다.",2026-09-16 09:05:01,성공,100,28,8,55.6
2026-09-16,문화일보,세계,20,금리(60); 미국(29); 한국(23); 국채(22); 인상(21),"2026-09-16 문화일보(세계) 기사 20건 분석 결과, 상위 키워드는 '금리'(60회), '미국'(29회), '한국'(23회), '국채'(22회), '인상'(21회) 순으로 나타났습니다. 특히 '금리' 관련 이슈가 가장 두드러졌으며, 대표 헤드라인은 ""“심판이 얼마나 예쁘길래…심판보러 경기장 찾는 관중들”伊 홀린 23세 女심판"" 입니다.",2026-09-16 09:05:18,성공,100,47,44,3.3
2026-09-16,문화일보,IT과학,20,게임(44); 기후(37); 한국(32); 엔씨(25); 글로벌(24),"2026-09-16 문화일보(IT과학) 기사 20건 분석 결과, 상위 키워드는 '게임'(44회), '기후'(37회), '한국'(32회), '엔씨'(25회), '글로벌'(24회) 순으로 나타났습니다. 특히 '게임' 관련 이슈가 가장 두드러졌으며, 대표 헤드라인은 ""올 경암상에 장하석·박남규·노성훈·김상욱 교수 선정"" 입니다.",2026-09-16 09:05:37,성공,100,140,0,100.0
2026-09-16,매일신문,주요뉴스,40,대통령(28); 항만(27); 후보자(27); 조사(24); 장관(23),"2026-09-16 매일신문(주요뉴스) 기사 40건 분석 결과, 상위 키워드는 '대통령'(28회), '항만'(27회), '후보자'(27회), '조사'(24회), '장관'(23회) 순으로 나타났습니다. 특히 '대통령' 관련 이슈가 가장 두드러졌으며, 대표 헤드라인은 ""한미 외교장관회담, 18일 미국서 개최…호르무즈 파병 테이블 오르나"" 입니다.",2026-09-16 09:05:56,성공,100,17,50,-49.3
2026-09-16,매일신문,이슈,20,후보자(41); 조회(20); 서울(20); 조사(19); 청문회(19),"2026-09-16 매일신문(이슈) 기사 20건 분석 결과, 상위 키워드는 '후보자'(41회), '조회'(20회), '서울'(20회), '조사'(19회), '청문회'(19회) 순으로 나타났습니다. 특히 '후보자' 관련 이슈가 가장 두드러졌으며, 대표 헤드라인은 ""갈비찜 냄비째 식히다 324명 식중독… 추석 '퍼프린젠스' 주의보조회수27,695"" 입니다.",2026-09-16 09:06:16,성공,100,40,106,-45.2
2026-09-16,매일신문,정치,20,후보자(71); 의원(55); 대통령(43); 장관(35); 청문회(34),"2026-09-16 매일신문(정치) 기사 20건 분석 결과, 상위 키워드는 '후보자'(71회), '의원'(55회), '대통령'(43회), '장관'(35회), '청문회'(34회) 순으로 나타났습니다. 특히 '후보자' 관련 이슈가 가장 두드러졌으며, 대표 헤드라인은 ""한미 외교장관회담, 18일 미국서 개최…호르무즈 파병 테이블 오르나"" 입니다.",2026-09-16 09:06:34,성공,100,18,124,-74.6
2026-09-16,매일신문,경제,20,지역(41); 결제(33); 기업(33); 원화(30); 해외(28),"2026-09-16 매일신문(경제) 기사 20건 분석 결과, 상위 키워드는 '지역'(41회), '결제'(33회), '기업'(33회), '원화'(30회), '해외'(28회) 순으로 나타났습니다. 특히 '지역' 관련 이슈가 가장 두드러졌으며, 대표 헤드라인은 ""대구공항, 중국 2개 노선 새 하늘길 연다"" 입니다.",2026-09-16 09:06:54,성공,100,119,30,59.7
2026-09-16,매일신문,사회,20,혐의(25); 산림(25); 사용(24); 서울(22); 단속(21),"2026-09-16 매일신문(사회) 기사 20건 분석 결과, 상위 키워드는 '혐의'(25회), '산림'(25회), '사용'(24회), '서울'(22회), '단속'(21회) 순으로 나타났습니다. 특히 '혐의' 관련 이슈가 가장 두드러졌으며, 대표 헤드라인은 """"상속재산 2500억"" 사칭…치과의사에 253억 뜯은 60대 구속"" 입니다.",2026-09-16 09:07:15,성공,100,41,142,-55.2
2026-09-16,매일신문,문화,20,대구(30); 전시(29); 겸재(26); 작품(22); 사랑(21),"2026-09-16 매일신문(문화) 기사 20건 분석 결과, 상위 키워드는 '대구'(30회), '전시'(29회), '겸재'(26회), '작품'(22회), '사랑'(21회) 순으로 나타났습니다. 특히 '대구' 관련 이슈가 가장 두드러졌으며, 대표 헤드라인은 ""[건강 플러스] 회전근개 파열, '봉합' 넘어 '재생'까지…치료가 달라진다"" 입니다.",2026-09-16 09:07:37,성공,100,42,15,47.4
2026-09-16,매일신문,세계,20,러시아(64); 우크라이나(47); 공격(40); 카타르(30); 미국(30),"2026-09-16 매일신문(세계) 기사 20건 분석 결과, 상위 키워드는 '러시아'(64회), '우크라이나'(47회), '공격'(40회), '카타르'(30회), '미국'(30회) 순으로 나타났습니다. 특히 '러시아' 관련 이슈가 가장 두드러졌으며, 대표 헤드라인은 ""[아시안게임] 엄지성 해트트릭·김명준 추가골로 카타르 꺾어"" 입니다.",2026-09-16 09:07:57,성공,100,47,98,-35.2
2026-09-16,매일신문,IT과학,20,기업(59); 로봇(48); 반도체(44); 산업(42); 버스(34),"2026-09-16 매일신문(IT과학) 기사 20건 분석 결과, 상위 키워드는 '기업'(59회), '로봇'(48회), '반도체'(44회), '산업'(42회), '버스'(34회) 순으로 나타났습니다. 특히 '기업' 관련 이슈가 가장 두드러졌으며, 대표 헤드라인은 ""트럼프, 엔비디아 젠슨 황 강연 중 전화 ""AI 위험론은 사기"""" 입니다.",2026-09-16 09:08:16,성공,100,95,30,52.0
2026-09-16,데일리안,주요뉴스,40,대출(156); 규제(64); 시청(56); 금융(44); 총량(43),"2026-09-16 데일리안(주요뉴스) 기사 40건 분석 결과, 상위 키워드는 '대출'(156회), '규제'(64회), '시청'(56회), '금융'(44회), '총량'(43회) 순으로 나타났습니다. 특히 '대출' 관련 이슈가 가장 두드러졌으며, 대표 헤드라인은 ""김승원 이어 총리실 직원까지 엄호…민주당의 '내편 정치' 어디까지 가나"" 입니다.",2026-09-16 09:08:35,성공,100,91,126,-16.1
2026-09-16,데일리안,이슈,20,의원(66); 후보자(61); 민주당(36); 대표(34); 투자(30),"2026-09-16 데일리안(이슈) 기사 20건 분석 결과, 상위 키워드는 '의원'(66회), '후보자'(61회), '민주당'(36회), '대표'(34회), '투자'(30회) 순으로 나타났습니다. 특히 '의원' 관련 이슈가 가장 두드러졌으며, 대표 헤드라인은 ""[속보] 뉴욕증시, 국채금리·유가 상승에 이틀 연속 하락…나스닥 0.78%↓"" 입니다.",2026-09-16 09:08:56,성공,100,66,89,-14.8
2026-09-16,데일리안,정치,20,후보자(109); 의원(87); 대통령(59); 청문회(52); 인사(51),"2026-09-16 데일리안(정치) 기사 20건 분석 결과, 상위 키워드는 '후보자'(109회), '의원'(87회), '대통령'(59회), '청문회'(52회), '인사'(51회) 순으로 나타났습니다. 특히 '후보자' 관련 이슈가 가장 두드러졌으며, 대표 헤드라인은 ""거칠어지는 김민석·추미애의 입…민주당 더 찢어진다"" 입니다.",2026-09-16 09:09:17,성공,100,64,100,-22.0
2026-09-16,데일리안,경제,20,대출(68); 사업(47); 금융(44); 치료(36); 성장(35),"2026-09-16 데일리안(경제) 기사 20건 분석 결과, 상위 키워드는 '대출'(68회), '사업'(47회), '금융'(44회), '치료'(36회), '성장'(35회) 순으로 나타났습니다. 특히 '대출' 관련 이슈가 가장 두드러졌으며, 대표 헤드라인은 ""무보, 해외 온렌딩 금융 첫 도입…카자흐스탄에 4800만 유로 지원"" 입니다.",2026-09-16 09:09:36,성공,100,143,41,55.4
2026-09-16,데일리안,사회,20,후보자(56); 서울(53); 버스(43); 파업(42); 노조(36),"2026-09-16 데일리안(사회) 기사 20건 분석 결과, 상위 키워드는 '후보자'(56회), '서울'(53회), '버스'(43회), '파업'(42회), '노조'(36회) 순으로 나타났습니다. 특히 '후보자' 관련 이슈가 가장 두드러졌으며, 대표 헤드라인은 ""인천대로 방음벽 절반 철거…막혔던 원도심 시야·공간 열렸다"" 입니다.",2026-09-16 09:09:58,성공,100,33,134,-60.5
2026-09-16,데일리안,문화,20,미국(43); 중국(34); 사업(27); 업체(27); 생산(27),"2026-09-16 데일리안(문화) 기사 20건 분석 결과, 상위 키워드는 '미국'(43회), '중국'(34회), '사업'(27회), '업체'(27회), '생산'(27회) 순으로 나타났습니다. 특히 '미국' 관련 이슈가 가장 두드러졌으며, 대표 헤드라인은 ""치솟는 집값, 원룸도 사치다…달라진 청년 주거 지도 [Now 2.30]"" 입니다.",2026-09-16 09:10:19,성공,100,93,70,14.1
2026-09-16,데일리안,세계,20,미국(47); 네팔(26); 일본(26); 이란(25); 한국(25),"2026-09-16 데일리안(세계) 기사 20건 분석 결과, 상위 키워드는 '미국'(47회), '네팔'(26회), '일본'(26회), '이란'(25회), '한국'(25회) 순으로 나타났습니다. 특히 '미국' 관련 이슈가 가장 두드러졌으며, 대표 헤드라인은 ""트럼프 ""내 암살미수 자료 사라졌다…바이든 FBI·민주당 음모"""" 입니다.",2026-09-16 09:10:39,성공,100,35,54,-21.3
2026-09-16,데일리안,IT과학,20,시청(55); 기술(50); 데이터(43); 콘텐츠(39); 클라우드(38),"2026-09-16 데일리안(IT과학) 기사 20건 분석 결과, 상위 키워드는 '시청'(55회), '기술'(50회), '데이터'(43회), '콘텐츠'(39회), '클라우드'(38회) 순으로 나타났습니다. 특히 '시청' 관련 이슈가 가장 두드러졌으며, 대표 헤드라인은 ""지하철 공기청정기 필터에 항균 기능…미생물 최대 86% 줄였다"" 입니다.",2026-09-16 09:10:59,성공,100,126,0,100.0
2026-09-16,아시아경제,주요뉴스,40,생산(58); 기지(50); 청문회(40); 후보자(37); 라면(28),"2026-09-16 아시아경제(주요뉴스) 기사 40건 분석 결과, 상위 키워드는 '생산'(58회), '기지'(50회), '청문회'(40회), '후보자'(37회), '라면'(28회) 순으로 나타났습니다. 특히 '생산' 관련 이슈가 가장 두드러졌으며, 대표 헤드라인은 """"돈 열심히 벌어도 못 사 먹어요""…3년 만에 결국 '뚝' 꺾인 한우 판매"" 입니다.",2026-09-16 09:11:17,성공,100,64,56,6.7
2026-09-16,아시아경제,이슈,20,미국(43); 금리(40); 가격(31); 시장(30); 라면(27),"2026-09-16 아시아경제(이슈) 기사 20건 분석 결과, 상위 키워드는 '미국'(43회), '금리'(40회), '가격'(31회), '시장'(30회), '라면'(27회) 순으로 나타났습니다. 특히 '미국' 관련 이슈가 가장 두드러졌으며, 대표 헤드라인은 """"사망선고 받았다""더니 다시 보글보글…'프리미엄 라면' 찾는 中MZ"" 입니다.",2026-09-16 09:11:39,성공,100,83,51,23.9
2026-09-16,아시아경제,정치,20,대통령(89); 협력(50); 회견(43); 국민(41); 카자흐스탄(35),"2026-09-16 아시아경제(정치) 기사 20건 분석 결과, 상위 키워드는 '대통령'(89회), '협력'(50회), '회견'(43회), '국민'(41회), '카자흐스탄'(35회) 순으로 나타났습니다. 특히 '대통령' 관련 이슈가 가장 두드러졌으며, 대표 헤드라인은 ""[속보]한미 외교장관, 18일 美워싱턴서 회담…호르무즈 파병 논의 주목"" 입니다.",2026-09-16 09:12:00,성공,100,113,31,56.9
2026-09-16,아시아경제,경제,20,금융(34); 기업(34); 심사(31); 은행(30); 지원(29),"2026-09-16 아시아경제(경제) 기사 20건 분석 결과, 상위 키워드는 '금융'(34회), '기업'(34회), '심사'(31회), '은행'(30회), '지원'(29회) 순으로 나타났습니다. 특히 '금융' 관련 이슈가 가장 두드러졌으며, 대표 헤드라인은 ""무보, 카자흐 국책은행에 750억원 지원…'온렌딩' 첫 사례"" 입니다.",2026-09-16 09:12:22,성공,100,167,0,100.0
2026-09-16,아시아경제,사회,20,반도체(19); 연구(18); 아버지(18); 산업(17); 센터(16),"2026-09-16 아시아경제(사회) 기사 20건 분석 결과, 상위 키워드는 '반도체'(19회), '연구'(18회), '아버지'(18회), '산업'(17회), '센터'(16회) 순으로 나타났습니다. 특히 '반도체' 관련 이슈가 가장 두드러졌으며, 대표 헤드라인은 ""원자력연 첨단방사선연구소, IAEA 국제협력센터 4회 연속 지정"" 입니다.",2026-09-16 09:12:45,성공,100,40,27,19.4
2026-09-16,아시아경제,문화,20,피클(30); 안전(23); 문화(21); 현대차(21); 트러플(21),"2026-09-16 아시아경제(문화) 기사 20건 분석 결과, 상위 키워드는 '피클'(30회), '안전'(23회), '문화'(21회), '현대차'(21회), '트러플'(21회) 순으로 나타났습니다. 특히 '피클' 관련 이슈가 가장 두드러졌으며, 대표 헤드라인은 ""지커 7X, 누적 생산 20만 대 돌파…글로벌 경쟁 입증"" 입니다.",2026-09-16 09:13:05,성공,100,101,0,100.0
2026-09-16,아시아경제,세계,20,금리(43); 미국(43); 피클(30); 연방(22); 국채(21),"2026-09-16 아시아경제(세계) 기사 20건 분석 결과, 상위 키워드는 '금리'(43회), '미국'(43회), '피클'(30회), '연방'(22회), '국채'(21회) 순으로 나타났습니다. 특히 '금리' 관련 이슈가 가장 두드러졌으며, 대표 헤드라인은 """"몬스터볼에 들어간 포켓몬 기분일까""…日 호숫가에 3m짜리 호텔 등장"" 입니다.",2026-09-16 09:13:23,성공,100,62,38,24.0
2026-09-16,아시아경제,IT과학,20,위성(62); 개발(37); 발사(36); 연구(35); 서비스(30),"2026-09-16 아시아경제(IT과학) 기사 20건 분석 결과, 상위 키워드는 '위성'(62회), '개발'(37회), '발사'(36회), '연구'(35회), '서비스'(30회) 순으로 나타났습니다. 특히 '위성' 관련 이슈가 가장 두드러졌으며, 대표 헤드라인은 ""[단독]KDB생명 인수심사에 스코르 참여…사전심사 체계 고도화"" 입니다.",2026-09-16 09:13:42,성공,100,65,22,49.4
2026-09-17,조선일보,주요뉴스,40,금리(95); 미국(60); 후보자(60); 배당(45); 인상(34),"2026-09-17 조선일보(주요뉴스) 기사 40건 분석 결과, 상위 키워드는 '금리'(95회), '미국'(60회), '후보자'(60회), '배당'(45회), '인상'(34회) 순으로 나타났습니다. 특히 '금리' 관련 이슈가 가장 두드러졌으며, 대표 헤드라인은 ""국민 52%가 “김승원 반대”… 귀막은 與는 “적임자” 밀어붙여"" 입니다.",2026-09-17 09:00:28,성공,100,98,75,13.3
2026-09-17,조선일보,이슈,20,금리(91); 미국(64); 후보자(63); 인상(43); 연준(34),"2026-09-17 조선일보(이슈) 기사 20건 분석 결과, 상위 키워드는 '금리'(91회), '미국'(64회), '후보자'(63회), '인상'(43회), '연준'(34회) 순으로 나타났습니다. 특히 '금리' 관련 이슈가 가장 두드러졌으며, 대표 헤드라인은 ""김승원 청문회 진술 거짓이었다... ‘제넨셀 영장 기각’ 판사 사건 수임 확인"" 입니다.",2026-09-17 09:00:44,성공,100,55,46,8.9
2026-09-17,조선일보,정치,20,후보자(106); 의원(102); 대통령(59); 국민(40); 시추(38),"2026-09-17 조선일보(정치) 기사 20건 분석 결과, 상위 키워드는 '후보자'(106회), '의원'(102회), '대통령'(59회), '국민'(40회), '시추'(38회) 순으로 나타났습니다. 특히 '후보자' 관련 이슈가 가장 두드러졌으며, 대표 헤드라인은 ""김승원 청문 후폭풍… 참여연대도 “부적격”"" 입니다.",2026-09-17 09:00:59,성공,100,65,68,-2.3
2026-09-17,조선일보,경제,20,금리(158); 미국(76); 인상(70); 연준(53); 기준(45),"2026-09-17 조선일보(경제) 기사 20건 분석 결과, 상위 키워드는 '금리'(158회), '미국'(76회), '인상'(70회), '연준'(53회), '기준'(45회) 순으로 나타났습니다. 특히 '금리' 관련 이슈가 가장 두드러졌으며, 대표 헤드라인은 ""美 금리 올렸지만…두 차례 먼저 올린 한은, 추가 인상 고심"" 입니다.",2026-09-17 09:01:15,성공,100,118,54,37.2
2026-09-17,조선일보,사회,20,기술(53); 원서(41); 접수(35); 유출(31); 임금(30),"2026-09-17 조선일보(사회) 기사 20건 분석 결과, 상위 키워드는 '기술'(53회), '원서'(41회), '접수'(35회), '유출'(31회), '임금'(30회) 순으로 나타났습니다. 특히 '기술' 관련 이슈가 가장 두드러졌으며, 대표 헤드라인은 ""[더 한장] 전주천변에 열린 도깨비시장, 추석이 다가오고 있다"" 입니다.",2026-09-17 09:01:32,성공,100,18,92,-67.3
2026-09-17,조선일보,문화,20,한국(40); 회충(31); 리더(27); 세계(26); 수술(22),"2026-09-17 조선일보(문화) 기사 20건 분석 결과, 상위 키워드는 '한국'(40회), '회충'(31회), '리더'(27회), '세계'(26회), '수술'(22회) 순으로 나타났습니다. 특히 '한국' 관련 이슈가 가장 두드러졌으며, 대표 헤드라인은 ""여성의 흰 얼굴 보고 기생충이 떠오른 이유"" 입니다.",2026-09-17 09:01:48,성공,100,22,15,18.9
2026-09-17,조선일보,세계,20,트럼프(43); 중국(35); 투표(31); 아시안(30); 북한(30),"2026-09-17 조선일보(세계) 기사 20건 분석 결과, 상위 키워드는 '트럼프'(43회), '중국'(35회), '투표'(31회), '아시안'(30회), '북한'(30회) 순으로 나타났습니다. 특히 '트럼프' 관련 이슈가 가장 두드러졌으며, 대표 헤드라인은 ""유엔 사무총장까지 뛰어든 ‘AI 속도 조절론’"" 입니다.",2026-09-17 09:02:04,성공,100,19,30,-22.4
2026-09-17,조선일보,IT과학,20,제품(36); 기술(34); 미국(32); 전력(31); 데이터(31),"2026-09-17 조선일보(IT과학) 기사 20건 분석 결과, 상위 키워드는 '제품'(36회), '기술'(34회), '미국'(32회), '전력'(31회), '데이터'(31회) 순으로 나타났습니다. 특히 '제품' 관련 이슈가 가장 두드러졌으며, 대표 헤드라인은 ""추석 귀경길 정체 25일이 절정...부산-서울 8시간 전망"" 입니다.",2026-09-17 09:02:21,성공,100,43,7,72.0
2026-09-17,문화일보,주요뉴스,40,평가(31); 의원(29); 긍정(27); 후보자(25); 부정(25),"2026-09-17 문화일보(주요뉴스) 기사 40건 분석 결과, 상위 키워드는 '평가'(31회), '의원'(29회), '긍정'(27회), '후보자'(25회), '부정'(25회) 순으로 나타났습니다. 특히 '평가' 관련 이슈가 가장 두드러졌으며, 대표 헤드라인은 ""1억 잃고 다음해 1억 벌면 ‘본전’인데…세금은 2천? 가상자산 과세 논란"" 입니다.",2026-09-17 09:02:38,성공,100,57,68,-8.8
2026-09-17,문화일보,이슈,20,후보자(32); 평가(27); 긍정(26); 부정(25); 의원(20),"2026-09-17 문화일보(이슈) 기사 20건 분석 결과, 상위 키워드는 '후보자'(32회), '평가'(27회), '긍정'(26회), '부정'(25회), '의원'(20회) 순으로 나타났습니다. 특히 '후보자' 관련 이슈가 가장 두드러졌으며, 대표 헤드라인은 ""[이슈]대통령 지지 50% 웃돈 전국 유일 지역은…"" 입니다.",2026-09-17 09:02:55,성공,100,14,33,-40.4
2026-09-17,문화일보,정치,20,의원(73); 후보자(41); 북한(36); 국민(30); 노동자(26),"2026-09-17 문화일보(정치) 기사 20건 분석 결과, 상위 키워드는 '의원'(73회), '후보자'(41회), '북한'(36회), '국민'(30회), '노동자'(26회) 순으로 나타났습니다. 특히 '의원' 관련 이슈가 가장 두드러졌으며, 대표 헤드라인은 ""민주, 오늘 법사위서 김승원 인사청문보고서 채택 건 심사…국힘은 장외투쟁 시사"" 입니다.",2026-09-17 09:03:11,성공,100,7,39,-69.6
2026-09-17,문화일보,경제,20,금리(39); 제품(28); 통합(23); 상품(22); 인상(18),"2026-09-17 문화일보(경제) 기사 20건 분석 결과, 상위 키워드는 '금리'(39회), '제품'(28회), '통합'(23회), '상품'(22회), '인상'(18회) 순으로 나타났습니다. 특히 '금리' 관련 이슈가 가장 두드러졌으며, 대표 헤드라인은 ""1억 잃고 다음해 1억 벌면 ‘본전’인데…세금은 2천? 가상자산 과세 논란"" 입니다.",2026-09-17 09:03:28,성공,100,98,40,42.0
2026-09-17,문화일보,사회,20,서울(38); 지역(37); 지원(26); 가공(25); 직원(20),"2026-09-17 문화일보(사회) 기사 20건 분석 결과, 상위 키워드는 '서울'(38회), '지역'(37회), '지원'(26회), '가공'(25회), '직원'(20회) 순으로 나타났습니다. 특히 '서울' 관련 이슈가 가장 두드러졌으며, 대표 헤드라인은 ""구로구, ‘제4회 한국디지털어워드 GURO 그림 공모전’ 시상식 개최"" 입니다.",2026-09-17 09:03:44,성공,100,77,7,83.3
2026-09-17,문화일보,문화,20,작가(25); 콘텐츠(21); 자유(20); 한국(20); 피아노(18),"2026-09-17 문화일보(문화) 기사 20건 분석 결과, 상위 키워드는 '작가'(25회), '콘텐츠'(21회), '자유'(20회), '한국'(20회), '피아노'(18회) 순으로 나타났습니다. 특히 '작가' 관련 이슈가 가장 두드러졌으며, 대표 헤드라인은 ""“K문화 바탕은 K사상”…정도전에서 김대중까지 ‘창비 한국사상선’ 30권 완간"" 입니다.",2026-09-17 09:04:01,성공,100,0,7,-100.0
2026-09-17,문화일보,세계,20,한국(37); 북한(32); 게임(27); 금리(26); 아시안(26),"2026-09-17 문화일보(세계) 기사 20건 분석 결과, 상위 키워드는 '한국'(37회), '북한'(32회), '게임'(27회), '금리'(26회), '아시안'(26회) 순으로 나타났습니다. 특히 '한국' 관련 이슈가 가장 두드러졌으며, 대표 헤드라인은 ""“아이들 보는데 유흥업소 출신 시구라니!”…야구팬 반발에 백지화[아하일본]"" 입니다.",2026-09-17 09:04:22,성공,100,13,49,-58.1
2026-09-17,문화일보,IT과학,20,보안(47); 클라우드(37); 기후(37); 정보(37); 한국(32),"2026-09-17 문화일보(IT과학) 기사 20건 분석 결과, 상위 키워드는 '보안'(47회), '클라우드'(37회), '기후'(37회), '정보'(37회), '한국'(32회) 순으로 나타났습니다. 특히 '보안' 관련 이슈가 가장 두드러졌으며, 대표 헤드라인은 ""스마일게이트, ‘이클립스’ RvR 콘텐츠 ‘하이리버 전장’ 업데이트 나서"" 입니다.",2026-09-17 09:04:41,성공,100,114,34,54.1
2026-09-17,매일신문,주요뉴스,40,의원(46); 착공(31); 대통령(30); 사업(30); 인상(29),"2026-09-17 매일신문(주요뉴스) 기사 40건 분석 결과, 상위 키워드는 '의원'(46회), '착공'(31회), '대통령'(30회), '사업'(30회), '인상'(29회) 순으로 나타났습니다. 특히 '의원' 관련 이슈가 가장 두드러졌으며, 대표 헤드라인은 """"李대통령 방북대가로 北에 돈 건너가"" 한동훈, '혐의없음' 불송치"" 입니다.",2026-09-17 09:04:59,성공,100,33,45,-15.4
2026-09-17,매일신문,이슈,20,청약(42); 공휴일(33); 의원(33); 금리(32); 인상(30),"2026-09-17 매일신문(이슈) 기사 20건 분석 결과, 상위 키워드는 '청약'(42회), '공휴일'(33회), '의원'(33회), '금리'(32회), '인상'(30회) 순으로 나타났습니다. 특히 '청약' 관련 이슈가 가장 두드러졌으며, 대표 헤드라인은 ""단 1분30초 만에 '5억원' 쓸어담았다…금팔찌 173점 훔친 20대조회수18,130"" 입니다.",2026-09-17 09:05:17,성공,100,49,27,28.9
2026-09-17,매일신문,정치,20,후보자(89); 대통령(61); 의원(56); 국민(50); 청문회(45),"2026-09-17 매일신문(정치) 기사 20건 분석 결과, 상위 키워드는 '후보자'(89회), '대통령'(61회), '의원'(56회), '국민'(50회), '청문회'(45회) 순으로 나타났습니다. 특히 '후보자' 관련 이슈가 가장 두드러졌으며, 대표 헤드라인은 ""한복 입은 김혜경 여사, 중앙아 영부인 초청…삼성폰·K화장품도 선물"" 입니다.",2026-09-17 09:05:34,성공,100,12,78,-73.3
2026-09-17,매일신문,경제,20,청약(42); 산업(33); 금리(32); 인상(30); 시장(30),"2026-09-17 매일신문(경제) 기사 20건 분석 결과, 상위 키워드는 '청약'(42회), '산업'(33회), '금리'(32회), '인상'(30회), '시장'(30회) 순으로 나타났습니다. 특히 '청약' 관련 이슈가 가장 두드러졌으며, 대표 헤드라인은 ""검역본부, 김천서 ASF 백신개발 국제심포지엄 열어"" 입니다.",2026-09-17 09:05:52,성공,100,66,29,38.9
2026-09-17,매일신문,사회,20,접수(22); 구제(19); 학생(18); 부산(17); 혐의(17),"2026-09-17 매일신문(사회) 기사 20건 분석 결과, 상위 키워드는 '접수'(22회), '구제'(19회), '학생'(18회), '부산'(17회), '혐의'(17회) 순으로 나타났습니다. 특히 '접수' 관련 이슈가 가장 두드러졌으며, 대표 헤드라인은 ""포항 앞바다 뒤흔든 포성…해군·해병대, '결정적 행동'으로 거점 쐐기"" 입니다.",2026-09-17 09:06:10,성공,100,25,24,2.0
2026-09-17,매일신문,문화,20,동물(33); 전통(32); 문화(31); 의료(30); 작가(28),"2026-09-17 매일신문(문화) 기사 20건 분석 결과, 상위 키워드는 '동물'(33회), '전통'(32회), '문화'(31회), '의료'(30회), '작가'(28회) 순으로 나타났습니다. 특히 '동물' 관련 이슈가 가장 두드러졌으며, 대표 헤드라인은 ""[박순석의 동물병원 24시] 반려동물 병원비, 어떻게 낮출까?"" 입니다.",2026-09-17 09:06:29,성공,100,71,9,77.5
2026-09-17,매일신문,세계,20,러시아(35); 트럼프(31); 한국(30); 카타르(29); 대통령(29),"2026-09-17 매일신문(세계) 기사 20건 분석 결과, 상위 키워드는 '러시아'(35회), '트럼프'(31회), '한국'(30회), '카타르'(29회), '대통령'(29회) 순으로 나타났습니다. 특히 '러시아' 관련 이슈가 가장 두드러졌으며, 대표 헤드라인은 ""美상원, 가상자산 제도화 법안 부결…트럼프 이해충돌이 '발목'"" 입니다.",2026-09-17 09:06:47,성공,100,41,54,-13.7
2026-09-17,매일신문,IT과학,20,로봇(44); 반도체(39); 기업(38); 산업(37); 버스(35),"2026-09-17 매일신문(IT과학) 기사 20건 분석 결과, 상위 키워드는 '로봇'(44회), '반도체'(39회), '기업'(38회), '산업'(37회), '버스'(35회) 순으로 나타났습니다. 특히 '로봇' 관련 이슈가 가장 두드러졌으며, 대표 헤드라인은 ""트럼프, 엔비디아 젠슨 황 강연 중 전화 ""AI 위험론은 사기"""" 입니다.",2026-09-17 09:07:06,성공,100,82,31,45.1
2026-09-17,데일리안,주요뉴스,40,금리(110); 연준(88); 인상(80); 트럼프(43); 대통령(41),"2026-09-17 데일리안(주요뉴스) 기사 40건 분석 결과, 상위 키워드는 '금리'(110회), '연준'(88회), '인상'(80회), '트럼프'(43회), '대통령'(41회) 순으로 나타났습니다. 특히 '금리' 관련 이슈가 가장 두드러졌으며, 대표 헤드라인은 ""청문회 지켜보자던 청와대…김승원 임명 강행할까"" 입니다.",2026-09-17 09:07:24,성공,100,100,69,18.3
2026-09-17,데일리안,이슈,20,후보자(60); 대통령(47); 국민(44); 의원(40); 지지(36),"2026-09-17 데일리안(이슈) 기사 20건 분석 결과, 상위 키워드는 '후보자'(60회), '대통령'(47회), '국민'(44회), '의원'(40회), '지지'(36회) 순으로 나타났습니다. 특히 '후보자' 관련 이슈가 가장 두드러졌으며, 대표 헤드라인은 ""[속보] 뉴욕증시, 금리인상·매파 발언에 일제히 하락 마감…다우 1.2%↓"" 입니다.",2026-09-17 09:07:42,성공,100,52,122,-40.2
2026-09-17,데일리안,정치,20,후보자(133); 의원(86); 대통령(74); 국민(58); 청문회(51),"2026-09-17 데일리안(정치) 기사 20건 분석 결과, 상위 키워드는 '후보자'(133회), '의원'(86회), '대통령'(74회), '국민'(58회), '청문회'(51회) 순으로 나타났습니다. 특히 '후보자' 관련 이슈가 가장 두드러졌으며, 대표 헤드라인은 ""김여정, IAEA 비핵화 촉구에 ""잡소리"" 비난…""핵보유국 지위 절대적"""" 입니다.",2026-09-17 09:07:59,성공,100,22,100,-63.9
2026-09-17,데일리안,경제,20,금융(81); 배달(68); 대출(63); 금리(42); 규제(36),"2026-09-17 데일리안(경제) 기사 20건 분석 결과, 상위 키워드는 '금융'(81회), '배달'(68회), '대출'(63회), '금리'(42회), '규제'(36회) 순으로 나타났습니다. 특히 '금융' 관련 이슈가 가장 두드러졌으며, 대표 헤드라인은 ""태광 씨네큐브, 26주년 맞아 4K 레이저 영사기 도입…상영관 전면 리뉴얼"" 입니다.",2026-09-17 09:08:17,성공,100,148,73,33.9
2026-09-17,데일리안,사회,20,의원(47); 후보자(44); 통합(26); 데일리안(22); 혐의(22),"2026-09-17 데일리안(사회) 기사 20건 분석 결과, 상위 키워드는 '의원'(47회), '후보자'(44회), '통합'(26회), '데일리안'(22회), '혐의'(22회) 순으로 나타났습니다. 특히 '의원' 관련 이슈가 가장 두드러졌으며, 대표 헤드라인은 ""부천국제만화축제 18일 개막…코스프레·웹툰산업 한자리"" 입니다.",2026-09-17 09:08:35,성공,100,12,100,-78.6
2026-09-17,데일리안,문화,20,환자(41); 치료(31); 데일리안(27); 예방(26); 재활(26),"2026-09-17 데일리안(문화) 기사 20건 분석 결과, 상위 키워드는 '환자'(41회), '치료'(31회), '데일리안'(27회), '예방'(26회), '재활'(26회) 순으로 나타났습니다. 특히 '환자' 관련 이슈가 가장 두드러졌으며, 대표 헤드라인은 ""종근당건강 프로메가, 세계 심장의 날 맞아 심장병 환자 지원 캠페인 진행"" 입니다.",2026-09-17 09:08:53,성공,100,46,19,41.5
2026-09-17,데일리안,세계,20,금리(90); 연준(72); 인상(56); 미국(56); 트럼프(27),"2026-09-17 데일리안(세계) 기사 20건 분석 결과, 상위 키워드는 '금리'(90회), '연준'(72회), '인상'(56회), '미국'(56회), '트럼프'(27회) 순으로 나타났습니다. 특히 '금리' 관련 이슈가 가장 두드러졌으며, 대표 헤드라인은 ""트럼프, 금리인상에 격노 계속…""워시는 괜찮아, 문제는 연준 이사회"""" 입니다.",2026-09-17 09:09:10,성공,100,44,28,22.2
2026-09-17,데일리안,IT과학,20,카카오(101); 서비스(42); 게임(41); 사업(40); 기술(34),"2026-09-17 데일리안(IT과학) 기사 20건 분석 결과, 상위 키워드는 '카카오'(101회), '서비스'(42회), '게임'(41회), '사업'(40회), '기술'(34회) 순으로 나타났습니다. 특히 '카카오' 관련 이슈가 가장 두드러졌으며, 대표 헤드라인은 ""SKT, PC에서도 문자 쓴다…‘채팅+ PC버전’ 이용자 확대"" 입니다.",2026-09-17 09:09:28,성공,100,123,10,85.0
2026-09-17,아시아경제,주요뉴스,40,금리(62); 인상(40); 청문회(39); 후보(32); 미국(30),"2026-09-17 아시아경제(주요뉴스) 기사 40건 분석 결과, 상위 키워드는 '금리'(62회), '인상'(40회), '청문회'(39회), '후보'(32회), '미국'(30회) 순으로 나타났습니다. 특히 '금리' 관련 이슈가 가장 두드러졌으며, 대표 헤드라인은 """"또 서류탈락이네"" 부산의 여대생, 150년 글로벌기업 첫 한국인 대표된 비결[파워K우먼]"" 입니다.",2026-09-17 09:09:46,성공,100,18,80,-63.3
2026-09-17,아시아경제,이슈,20,금리(87); 인상(48); 시장(41); 미국(38); 기준(27),"2026-09-17 아시아경제(이슈) 기사 20건 분석 결과, 상위 키워드는 '금리'(87회), '인상'(48회), '시장'(41회), '미국'(38회), '기준'(27회) 순으로 나타났습니다. 특히 '금리' 관련 이슈가 가장 두드러졌으며, 대표 헤드라인은 """"제발 좀 벗어줄래"" 기어이 침대까지 오르더니…젊은층부터 달라진다는 美"" 입니다.",2026-09-17 09:10:03,성공,100,59,37,22.9
2026-09-17,아시아경제,정치,20,대통령(81); 중앙아시아(74); 협력(68); 정상(55); 의원(45),"2026-09-17 아시아경제(정치) 기사 20건 분석 결과, 상위 키워드는 '대통령'(81회), '중앙아시아'(74회), '협력'(68회), '정상'(55회), '의원'(45회) 순으로 나타났습니다. 특히 '대통령' 관련 이슈가 가장 두드러졌으며, 대표 헤드라인은 ""해외서도 왔는데 '망신'…1500명 방산전문가 앞에서 잇단 추락한 'K드론'"" 입니다.",2026-09-17 09:10:20,성공,100,136,7,90.2
2026-09-17,아시아경제,경제,20,제품(26); 테크(22); 글로벌(20); 서울(20); 펀드(19),"2026-09-17 아시아경제(경제) 기사 20건 분석 결과, 상위 키워드는 '제품'(26회), '테크'(22회), '글로벌'(20회), '서울'(20회), '펀드'(19회) 순으로 나타났습니다. 특히 '제품' 관련 이슈가 가장 두드러졌으며, 대표 헤드라인은 ""올리브영 신입공채 떴다…'K뷰티' 이끌 글로벌 인재 찾는다"" 입니다.",2026-09-17 09:10:38,성공,100,93,0,100.0
2026-09-17,아시아경제,사회,20,대응(35); 경제(31); 서울(26); 지역(25); 정책(23),"2026-09-17 아시아경제(사회) 기사 20건 분석 결과, 상위 키워드는 '대응'(35회), '경제'(31회), '서울'(26회), '지역'(25회), '정책'(23회) 순으로 나타났습니다. 특히 '대응' 관련 이슈가 가장 두드러졌으며, 대표 헤드라인은 """"추석엔 보름달빵""…상미당홀딩스, 전국 29개 복지관 임직원 나눔봉사"" 입니다.",2026-09-17 09:10:55,성공,100,127,11,84.1
2026-09-17,아시아경제,문화,20,축제(25); 운영(23); 출장(19); 서울(18); 촬영(18),"2026-09-17 아시아경제(문화) 기사 20건 분석 결과, 상위 키워드는 '축제'(25회), '운영'(23회), '출장'(19회), '서울'(18회), '촬영'(18회) 순으로 나타났습니다. 특히 '축제' 관련 이슈가 가장 두드러졌으며, 대표 헤드라인은 ""[오늘의신상]'서른살' 오뚜기 열라면…스트리트 파이터 입는다"" 입니다.",2026-09-17 09:11:14,성공,100,121,11,83.3
2026-09-17,아시아경제,세계,20,금리(108); 인상(58); 미국(50); 물가(42); 기준(37),"2026-09-17 아시아경제(세계) 기사 20건 분석 결과, 상위 키워드는 '금리'(108회), '인상'(58회), '미국'(50회), '물가'(42회), '기준'(37회) 순으로 나타났습니다. 특히 '금리' 관련 이슈가 가장 두드러졌으며, 대표 헤드라인은 """"일본 여행 '큰손'은 한국""…85만명 몰려 8월 '역대 최대', 中 관광객은 '뚝'"" 입니다.",2026-09-17 09:11:31,성공,100,104,35,49.6
2026-09-17,아시아경제,IT과학,20,개발(43); 신경(43); 기술(41); 연구(41); 빙하(33),"2026-09-17 아시아경제(IT과학) 기사 20건 분석 결과, 상위 키워드는 '개발'(43회), '신경'(43회), '기술'(41회), '연구'(41회), '빙하'(33회) 순으로 나타났습니다. 특히 '개발' 관련 이슈가 가장 두드러졌으며, 대표 헤드라인은 ""나라스페이스, 카자흐스탄에 메탄 관측 위성 데이터 공급"" 입니다.",2026-09-17 09:11:50,성공,100,117,13,80.0
2026-09-18,조선일보,주요뉴스,40,농지(44); 후보자(44); 신고(31); 접촉(30); 장관(28),"2026-09-18 조선일보(주요뉴스) 기사 40건 분석 결과, 상위 키워드는 '농지'(44회), '후보자'(44회), '신고'(31회), '접촉'(30회), '장관'(28회) 순으로 나타났습니다. 특히 '농지' 관련 이슈가 가장 두드러졌으며, 대표 헤드라인은 ""공익신고자 “김승원은 양씨의 핵심 타깃… 청문회 보고 참담했다”"" 입니다.",2026-09-18 09:00:33,성공,100,22,75,-54.6
2026-09-18,조선일보,이슈,20,농지(44); 후보자(40); 임상(32); 정부(32); 로봇(31),"2026-09-18 조선일보(이슈) 기사 20건 분석 결과, 상위 키워드는 '농지'(44회), '후보자'(40회), '임상'(32회), '정부'(32회), '로봇'(31회) 순으로 나타났습니다. 특히 '농지' 관련 이슈가 가장 두드러졌으며, 대표 헤드라인은 ""조국혁신당만 빼고… 김민석, 범여권 정당 모아 오찬"" 입니다.",2026-09-18 09:00:52,성공,100,48,45,3.2
2026-09-18,조선일보,정치,20,대통령(69); 농지(53); 후보자(44); 대표(43); 의원(42),"2026-09-18 조선일보(정치) 기사 20건 분석 결과, 상위 키워드는 '대통령'(69회), '농지'(53회), '후보자'(44회), '대표'(43회), '의원'(42회) 순으로 나타났습니다. 특히 '대통령' 관련 이슈가 가장 두드러졌으며, 대표 헤드라인은 ""[속보] 이 대통령 기자회견 10시 30분으로…30분 연기"" 입니다.",2026-09-18 09:01:10,성공,100,58,61,-2.5
2026-09-18,조선일보,경제,20,금리(49); 주식(36); 미국(33); 거래(32); 시장(31),"2026-09-18 조선일보(경제) 기사 20건 분석 결과, 상위 키워드는 '금리'(49회), '주식'(36회), '미국'(33회), '거래'(32회), '시장'(31회) 순으로 나타났습니다. 특히 '금리' 관련 이슈가 가장 두드러졌으며, 대표 헤드라인은 ""[단독] 세력, 세종메디칼에서 183억 챙기고 빠져나갈 때… 개미는 이틀 만에 683억 순매수"" 입니다.",2026-09-18 09:01:29,성공,100,93,36,44.2
2026-09-18,조선일보,사회,20,로봇(49); 수술(38); 임상(28); 시험(27); 여명학교(23),"2026-09-18 조선일보(사회) 기사 20건 분석 결과, 상위 키워드는 '로봇'(49회), '수술'(38회), '임상'(28회), '시험'(27회), '여명학교'(23회) 순으로 나타났습니다. 특히 '로봇' 관련 이슈가 가장 두드러졌으며, 대표 헤드라인은 ""[단독] 소송 진 수서경찰서, 3만원 안 내고 버티다… 국고금 두 차례 압류"" 입니다.",2026-09-18 09:01:48,성공,100,54,60,-5.3
2026-09-18,조선일보,문화,20,아세안(33); 감독(24); 한국(23); 대첩(22); 정치(22),"2026-09-18 조선일보(문화) 기사 20건 분석 결과, 상위 키워드는 '아세안'(33회), '감독'(24회), '한국'(23회), '대첩'(22회), '정치'(22회) 순으로 나타났습니다. 특히 '아세안' 관련 이슈가 가장 두드러졌으며, 대표 헤드라인은 ""[유석재의 돌발史전 2.0] 요리대첩, 혼례대첩, 옥상대첩? ‘대첩’을 이렇게 써도 되는 건가"" 입니다.",2026-09-18 09:02:06,성공,100,17,0,100.0
2026-09-18,조선일보,세계,20,미국(72); 트럼프(50); 대통령(38); 한국(37); 우주(33),"2026-09-18 조선일보(세계) 기사 20건 분석 결과, 상위 키워드는 '미국'(72회), '트럼프'(50회), '대통령'(38회), '한국'(37회), '우주'(33회) 순으로 나타났습니다. 특히 '미국' 관련 이슈가 가장 두드러졌으며, 대표 헤드라인은 ""자기 이름 못 단다고 철거하나…트럼프 손에 들린 ‘케네디센터 철거안’"" 입니다.",2026-09-18 09:02:23,성공,100,28,36,-12.5
2026-09-18,조선일보,IT과학,20,화웨이(51); 게임(51); 기업(49); 중국(44); 미국(29),"2026-09-18 조선일보(IT과학) 기사 20건 분석 결과, 상위 키워드는 '화웨이'(51회), '게임'(51회), '기업'(49회), '중국'(44회), '미국'(29회) 순으로 나타났습니다. 특히 '화웨이' 관련 이슈가 가장 두드러졌으며, 대표 헤드라인은 ""메신저 슬랙, AI 직원까지 한데 모은 ‘AI 업무 허브’ 변신"" 입니다.",2026-09-18 09:02:41,성공,100,37,53,-17.8
2026-09-18,문화일보,주요뉴스,40,조사(22); 남편(21); 대통령(20); 해당(17); 경찰(17),"2026-09-18 문화일보(주요뉴스) 기사 40건 분석 결과, 상위 키워드는 '조사'(22회), '남편'(21회), '대통령'(20회), '해당'(17회), '경찰'(17회) 순으로 나타났습니다. 특히 '조사' 관련 이슈가 가장 두드러졌으며, 대표 헤드라인은 ""“차기 대권 적합도” 한동훈이 페북에 올린 여론조사"" 입니다.",2026-09-18 09:02:59,성공,100,14,46,-53.3
2026-09-18,문화일보,이슈,20,후보자(28); 남편(21); 조사(16); 의원(16); 대통령(14),"2026-09-18 문화일보(이슈) 기사 20건 분석 결과, 상위 키워드는 '후보자'(28회), '남편'(21회), '조사'(16회), '의원'(16회), '대통령'(14회) 순으로 나타났습니다. 특히 '후보자' 관련 이슈가 가장 두드러졌으며, 대표 헤드라인은 ""“이어폰 좀 껴주실래요?” 중학생 정중한 부탁에 모형 칼 빼든 30대"" 입니다.",2026-09-18 09:03:16,성공,100,15,39,-44.4
2026-09-18,문화일보,정치,20,후보자(52); 대통령(40); 협력(29); 의원(29); 대표(28),"2026-09-18 문화일보(정치) 기사 20건 분석 결과, 상위 키워드는 '후보자'(52회), '대통령'(40회), '협력'(29회), '의원'(29회), '대표'(28회) 순으로 나타났습니다. 특히 '후보자' 관련 이슈가 가장 두드러졌으며, 대표 헤드라인은 ""손석락 공군총장, 체코서 군사외교…한국군 대표로 NATO 행사 참석"" 입니다.",2026-09-18 09:03:33,성공,100,74,39,31.0
2026-09-18,문화일보,경제,20,사업(25); 투자(24); 계약(21); 거래(19); 매각(17),"2026-09-18 문화일보(경제) 기사 20건 분석 결과, 상위 키워드는 '사업'(25회), '투자'(24회), '계약'(21회), '거래'(19회), '매각'(17회) 순으로 나타났습니다. 특히 '사업' 관련 이슈가 가장 두드러졌으며, 대표 헤드라인은 ""4분기 적자 비판했더니…백종원 회사, 줄줄이 고소"" 입니다.",2026-09-18 09:03:51,성공,100,93,9,82.4
2026-09-18,문화일보,사회,20,운영(26); 안전(25); 운동(22); 관광(17); 장윤기(16),"2026-09-18 문화일보(사회) 기사 20건 분석 결과, 상위 키워드는 '운영'(26회), '안전'(25회), '운동'(22회), '관광'(17회), '장윤기'(16회) 순으로 나타났습니다. 특히 '운영' 관련 이슈가 가장 두드러졌으며, 대표 헤드라인은 ""UNIST, ‘에이전틱 AI’ 보안 기술 개발 나선다…AI의 정보 유출 방어·미허가 작업수행 방지 등 핵심"" 입니다.",2026-09-18 09:04:09,성공,100,78,36,36.8
2026-09-18,문화일보,문화,20,문화(31); 소백산(31); 호랑이(29); 죽령(26); 작가(21),"2026-09-18 문화일보(문화) 기사 20건 분석 결과, 상위 키워드는 '문화'(31회), '소백산'(31회), '호랑이'(29회), '죽령'(26회), '작가'(21회) 순으로 나타났습니다. 특히 '문화' 관련 이슈가 가장 두드러졌으며, 대표 헤드라인은 ""중요부위 물병끼웠다 안빠져 응급실 68세男…결국 뼈절단기로"" 입니다.",2026-09-18 09:04:27,성공,100,24,0,100.0
2026-09-18,문화일보,세계,20,러시아(25); 우크라이나(18); 법안(17); 공격(15); 통신(14),"2026-09-18 문화일보(세계) 기사 20건 분석 결과, 상위 키워드는 '러시아'(25회), '우크라이나'(18회), '법안'(17회), '공격'(15회), '통신'(14회) 순으로 나타났습니다. 특히 '러시아' 관련 이슈가 가장 두드러졌으며, 대표 헤드라인은 ""60년생 엄마보다 90년생 딸이 빠르게 늙고 있다?…젊은 암 증가 이유"" 입니다.",2026-09-18 09:04:45,성공,100,42,34,10.5
2026-09-18,문화일보,IT과학,20,보안(47); 정보(37); 서비스(27); 기술(25); 반도체(24),"2026-09-18 문화일보(IT과학) 기사 20건 분석 결과, 상위 키워드는 '보안'(47회), '정보'(37회), '서비스'(27회), '기술'(25회), '반도체'(24회) 순으로 나타났습니다. 특히 '보안' 관련 이슈가 가장 두드러졌으며, 대표 헤드라인은 ""Z폴드8, ‘아이폰 듀오 기선제압’…국내판매 1주일간 10%↑"" 입니다.",2026-09-18 09:05:03,성공,100,89,36,42.4
2026-09-18,매일신문,주요뉴스,40,대통령(69); 장관(45); 후보자(44); 조사(38); 국민(34),"2026-09-18 매일신문(주요뉴스) 기사 40건 분석 결과, 상위 키워드는 '대통령'(69회), '장관'(45회), '후보자'(44회), '조사'(38회), '국민'(34회) 순으로 나타났습니다. 특히 '대통령' 관련 이슈가 가장 두드러졌으며, 대표 헤드라인은 ""[속보] 이재명 대통령 기자회견 30분 연기, 靑 ""발언 가다듬는 시간 가지려고"""" 입니다.",2026-09-18 09:05:20,성공,100,0,116,-100.0
2026-09-18,매일신문,이슈,20,조사(37); 발견(27); 경찰(26); 확인(25); 실종(24),"2026-09-18 매일신문(이슈) 기사 20건 분석 결과, 상위 키워드는 '조사'(37회), '발견'(27회), '경찰'(26회), '확인'(25회), '실종'(24회) 순으로 나타났습니다. 특히 '조사' 관련 이슈가 가장 두드러졌으며, 대표 헤드라인은 ""중국서 태어나 베이징서 자란 03년생 육군 병장…韓美연합훈련 기밀 中 유출, 징역 4년 확정조회수12,097"" 입니다.",2026-09-18 09:05:38,성공,100,0,75,-100.0
2026-09-18,매일신문,정치,20,대통령(74); 국민(48); 의원(48); 후보자(47); 장관(46),"2026-09-18 매일신문(정치) 기사 20건 분석 결과, 상위 키워드는 '대통령'(74회), '국민'(48회), '의원'(48회), '후보자'(47회), '장관'(46회) 순으로 나타났습니다. 특히 '대통령' 관련 이슈가 가장 두드러졌으며, 대표 헤드라인은 ""용혜인 낙마→김승원·강신철 청문회→李대통령 청문회?"" 입니다.",2026-09-18 09:05:55,성공,100,15,165,-83.3
2026-09-18,매일신문,경제,20,사업(29); 조사(27); 시장(26); 기업(25); 금융(23),"2026-09-18 매일신문(경제) 기사 20건 분석 결과, 상위 키워드는 '사업'(29회), '조사'(27회), '시장'(26회), '기업'(25회), '금융'(23회) 순으로 나타났습니다. 특히 '사업' 관련 이슈가 가장 두드러졌으며, 대표 헤드라인은 ""유류세 인하 11월 말까지 2개월 연장…휘발유 15%·경유 25% 유지"" 입니다.",2026-09-18 09:06:15,성공,100,94,22,62.1
2026-09-18,매일신문,사회,20,추석(41); 기준(32); 도로(30); 차량(28); 명절(28),"2026-09-18 매일신문(사회) 기사 20건 분석 결과, 상위 키워드는 '추석'(41회), '기준'(32회), '도로'(30회), '차량'(28회), '명절'(28회) 순으로 나타났습니다. 특히 '추석' 관련 이슈가 가장 두드러졌으며, 대표 헤드라인은 ""택배상자 테이프 안 떼면 과태료 30만원… 추석 쓰레기 배출 금지일 주의"" 입니다.",2026-09-18 09:06:33,성공,100,28,135,-65.6
2026-09-18,매일신문,문화,20,동물(32); 가을(25); 사막(23); 바람(23); 의료(23),"2026-09-18 매일신문(문화) 기사 20건 분석 결과, 상위 키워드는 '동물'(32회), '가을'(25회), '사막'(23회), '바람'(23회), '의료'(23회) 순으로 나타났습니다. 특히 '동물' 관련 이슈가 가장 두드러졌으며, 대표 헤드라인은 ""대구미술관, 21일부터 市 직속 사업소로 운영"" 입니다.",2026-09-18 09:06:53,성공,100,80,8,81.8
2026-09-18,매일신문,세계,20,트럼프(53); 대통령(44); 미국(37); 아시안(32); 게임(32),"2026-09-18 매일신문(세계) 기사 20건 분석 결과, 상위 키워드는 '트럼프'(53회), '대통령'(44회), '미국'(37회), '아시안'(32회), '게임'(32회) 순으로 나타났습니다. 특히 '트럼프' 관련 이슈가 가장 두드러졌으며, 대표 헤드라인은 ""트럼프 ""이란 대규모 공격 재개할지 중대 결정""…22일 걸프 6개국 정상 만남"" 입니다.",2026-09-18 09:07:12,성공,100,38,29,13.4
2026-09-18,매일신문,IT과학,20,로봇(44); 반도체(39); 기업(38); 산업(37); 버스(35),"2026-09-18 매일신문(IT과학) 기사 20건 분석 결과, 상위 키워드는 '로봇'(44회), '반도체'(39회), '기업'(38회), '산업'(37회), '버스'(35회) 순으로 나타났습니다. 특히 '로봇' 관련 이슈가 가장 두드러졌으며, 대표 헤드라인은 ""트럼프, 엔비디아 젠슨 황 강연 중 전화 ""AI 위험론은 사기"""" 입니다.",2026-09-18 09:07:32,성공,100,82,31,45.1
2026-09-18,데일리안,주요뉴스,40,파병(41); 금리(37); 미국(34); 인상(33); 대표(31),"2026-09-18 데일리안(주요뉴스) 기사 40건 분석 결과, 상위 키워드는 '파병'(41회), '금리'(37회), '미국'(34회), '인상'(33회), '대표'(31회) 순으로 나타났습니다. 특히 '파병' 관련 이슈가 가장 두드러졌으며, 대표 헤드라인은 ""李대통령 기자회견 10시 30분으로 연기…""마지막까지 가다듬는 시간 필요"""" 입니다.",2026-09-18 09:07:51,성공,100,68,83,-9.9
2026-09-18,데일리안,이슈,20,금리(62); 인상(49); 가능(32); 대표(30); 거래(26),"2026-09-18 데일리안(이슈) 기사 20건 분석 결과, 상위 키워드는 '금리'(62회), '인상'(49회), '가능'(32회), '대표'(30회), '거래'(26회) 순으로 나타났습니다. 특히 '금리' 관련 이슈가 가장 두드러졌으며, 대표 헤드라인은 ""[내일날씨] 전국 흐리고 남부·동해안 비…제주 최대 100㎜ 이상 폭우"" 입니다.",2026-09-18 09:08:10,성공,100,97,74,13.5
2026-09-18,데일리안,정치,20,대통령(85); 청년(63); 대표(59); 의원(48); 민주당(45),"2026-09-18 데일리안(정치) 기사 20건 분석 결과, 상위 키워드는 '대통령'(85회), '청년'(63회), '대표'(59회), '의원'(48회), '민주당'(45회) 순으로 나타났습니다. 특히 '대통령' 관련 이슈가 가장 두드러졌으며, 대표 헤드라인은 ""李대통령 기자회견 10시 30분으로 연기…""마지막까지 가다듬는 시간 필요"""" 입니다.",2026-09-18 09:08:30,성공,100,48,100,-35.1
2026-09-18,데일리안,경제,20,금리(60); 대출(47); 인상(44); 브랜드(40); 금융(33),"2026-09-18 데일리안(경제) 기사 20건 분석 결과, 상위 키워드는 '금리'(60회), '대출'(47회), '인상'(44회), '브랜드'(40회), '금융'(33회) 순으로 나타났습니다. 특히 '금리' 관련 이슈가 가장 두드러졌으며, 대표 헤드라인은 ""용인 반도체 산단에 하루 107만t 용수 공급…1단계 착공"" 입니다.",2026-09-18 09:08:49,성공,100,71,81,-6.6
2026-09-18,데일리안,사회,20,서울(32); 청년(30); 한강(27); 버스(26); 접수(20),"2026-09-18 데일리안(사회) 기사 20건 분석 결과, 상위 키워드는 '서울'(32회), '청년'(30회), '한강'(27회), '버스'(26회), '접수'(20회) 순으로 나타났습니다. 특히 '서울' 관련 이슈가 가장 두드러졌으며, 대표 헤드라인은 """"무기징역보다는 사형이…"" 수감 중인 장윤기가 했다는 말"" 입니다.",2026-09-18 09:09:08,성공,100,67,72,-3.6
2026-09-18,데일리안,문화,20,백신(32); 데일리안(31); 독감(26); 볼보(21); 공연(20),"2026-09-18 데일리안(문화) 기사 20건 분석 결과, 상위 키워드는 '백신'(32회), '데일리안'(31회), '독감'(26회), '볼보'(21회), '공연'(20회) 순으로 나타났습니다. 특히 '백신' 관련 이슈가 가장 두드러졌으며, 대표 헤드라인은 ""플러스골프, 강원 용평서 140명 규모 VIP 프로암 개최"" 입니다.",2026-09-18 09:09:28,성공,100,68,0,100.0
2026-09-18,데일리안,세계,20,미국(36); 금리(34); 중국(28); 트럼프(26); 한국(24),"2026-09-18 데일리안(세계) 기사 20건 분석 결과, 상위 키워드는 '미국'(36회), '금리'(34회), '중국'(28회), '트럼프'(26회), '한국'(24회) 순으로 나타났습니다. 특히 '미국' 관련 이슈가 가장 두드러졌으며, 대표 헤드라인은 """"AI 칩 10만개 집결"" 中 슈퍼컴퓨터, 전 세계 10일치 날씨 예측 성공"" 입니다.",2026-09-18 09:09:47,성공,100,36,38,-2.7
2026-09-18,데일리안,IT과학,20,이용자(40); 게임(39); 투자(37); 네트워크(33); 서비스(30),"2026-09-18 데일리안(IT과학) 기사 20건 분석 결과, 상위 키워드는 '이용자'(40회), '게임'(39회), '투자'(37회), '네트워크'(33회), '서비스'(30회) 순으로 나타났습니다. 특히 '이용자' 관련 이슈가 가장 두드러졌으며, 대표 헤드라인은 ""자폐 위험 유전자 1200개 넘지만 분자 패턴은 2가지"" 입니다.",2026-09-18 09:10:06,성공,100,89,39,39.1
2026-09-18,아시아경제,주요뉴스,40,대표(34); 연구(32); 회견(21); 스타트업(21); 발견(21),"2026-09-18 아시아경제(주요뉴스) 기사 40건 분석 결과, 상위 키워드는 '대표'(34회), '연구'(32회), '회견'(21회), '스타트업'(21회), '발견'(21회) 순으로 나타났습니다. 특히 '대표' 관련 이슈가 가장 두드러졌으며, 대표 헤드라인은 ""속보李대통령, '호우 피해' 전남 영광군 백수읍 특별재난지역 선포"" 입니다.",2026-09-18 09:10:25,성공,100,51,19,45.7
2026-09-18,아시아경제,이슈,20,대표(28); 스타트업(20); 기업(18); 장윤기(17); 시장(15),"2026-09-18 아시아경제(이슈) 기사 20건 분석 결과, 상위 키워드는 '대표'(28회), '스타트업'(20회), '기업'(18회), '장윤기'(17회), '시장'(15회) 순으로 나타났습니다. 특히 '대표' 관련 이슈가 가장 두드러졌으며, 대표 헤드라인은 """"짭짤해서 맥주 안주로 딱인데 충격""…무심코 먹었다가 암 키우는 의외의 음식"" 입니다.",2026-09-18 09:10:44,성공,100,32,36,-5.9
2026-09-18,아시아경제,정치,20,대통령(35); 의원(32); 국민(26); 회견(25); 위원장(23),"2026-09-18 아시아경제(정치) 기사 20건 분석 결과, 상위 키워드는 '대통령'(35회), '의원'(32회), '국민'(26회), '회견'(25회), '위원장'(23회) 순으로 나타났습니다. 특히 '대통령' 관련 이슈가 가장 두드러졌으며, 대표 헤드라인은 ""[인사] 외교부"" 입니다.",2026-09-18 09:11:04,성공,100,39,48,-10.3
2026-09-18,아시아경제,경제,20,국내(28); 수익(26); 가격(26); 미국(24); 분야(21),"2026-09-18 아시아경제(경제) 기사 20건 분석 결과, 상위 키워드는 '국내'(28회), '수익'(26회), '가격'(26회), '미국'(24회), '분야'(21회) 순으로 나타났습니다. 특히 '국내' 관련 이슈가 가장 두드러졌으며, 대표 헤드라인은 ""이란 대표단 유엔총회 참석 승인…사우디는 후티에 휴전제안(종합)"" 입니다.",2026-09-18 09:11:23,성공,100,114,14,78.1
2026-09-18,아시아경제,사회,20,청년(26); 정책(21); 도로(21); 지원(21); 교사(18),"2026-09-18 아시아경제(사회) 기사 20건 분석 결과, 상위 키워드는 '청년'(26회), '정책'(21회), '도로'(21회), '지원'(21회), '교사'(18회) 순으로 나타났습니다. 특히 '청년' 관련 이슈가 가장 두드러졌으며, 대표 헤드라인은 ""해운대 바다 보며 제철 정찬… 파라다이스 부산, ‘가을 고메’ 패키지"" 입니다.",2026-09-18 09:11:42,성공,100,91,0,100.0
2026-09-18,아시아경제,문화,20,수입(33); 국산(24); 제품(23); 공급(22); 정부(20),"2026-09-18 아시아경제(문화) 기사 20건 분석 결과, 상위 키워드는 '수입'(33회), '국산'(24회), '제품'(23회), '공급'(22회), '정부'(20회) 순으로 나타났습니다. 특히 '수입' 관련 이슈가 가장 두드러졌으며, 대표 헤드라인은 ""남원 만인의총, 429주년 순의제향 거행"" 입니다.",2026-09-18 09:12:00,성공,100,39,0,100.0
2026-09-18,아시아경제,세계,20,미국(46); 이란(41); 대통령(38); 트럼프(34); 금리(29),"2026-09-18 아시아경제(세계) 기사 20건 분석 결과, 상위 키워드는 '미국'(46회), '이란'(41회), '대통령'(38회), '트럼프'(34회), '금리'(29회) 순으로 나타났습니다. 특히 '미국' 관련 이슈가 가장 두드러졌으며, 대표 헤드라인은 ""이란 대표단 유엔총회 참석 승인…사우디는 후티에 휴전제안(종합)"" 입니다.",2026-09-18 09:12:19,성공,100,41,53,-12.8
2026-09-18,아시아경제,IT과학,20,연구(73); 기술(40); 주주(28); 유전자(27); 서비스(24),"2026-09-18 아시아경제(IT과학) 기사 20건 분석 결과, 상위 키워드는 '연구'(73회), '기술'(40회), '주주'(28회), '유전자'(27회), '서비스'(24회) 순으로 나타났습니다. 특히 '연구' 관련 이슈가 가장 두드러졌으며, 대표 헤드라인은 ""[125년 노벨상 시대를 담다]⑤다음 노벨상이 탄생할 미래 과학의 전선"" 입니다.",2026-09-18 09:12:38,성공,100,50,23,37.0
2026-09-19,조선일보,주요뉴스,40,대통령(92); 한국(45); 장관(43); 미국(42); 일본(36),"2026-09-19 조선일보(주요뉴스) 기사 40건 분석 결과, 상위 키워드는 '대통령'(92회), '한국'(45회), '장관'(43회), '미국'(42회), '일본'(36회) 순으로 나타났습니다. 특히 '대통령' 관련 이슈가 가장 두드러졌으며, 대표 헤드라인은 ""고위 당국자 “한미 회담서 파병 입장 설명… 美, 구체적 요구 없어”"" 입니다.",2026-09-19 09:00:34,성공,100,36,85,-40.5
2026-09-19,조선일보,이슈,20,대통령(64); 한국(58); 연구(53); 일본(41); 서울(38),"2026-09-19 조선일보(이슈) 기사 20건 분석 결과, 상위 키워드는 '대통령'(64회), '한국'(58회), '연구'(53회), '일본'(41회), '서울'(38회) 순으로 나타났습니다. 특히 '대통령' 관련 이슈가 가장 두드러졌으며, 대표 헤드라인은 ""암 치료 세계 톱10에 한국 병원 2곳"" 입니다.",2026-09-19 09:00:52,성공,100,35,18,32.1
2026-09-19,조선일보,정치,20,대통령(157); 회견(49); 국민(41); 특검(39); 취소(31),"2026-09-19 조선일보(정치) 기사 20건 분석 결과, 상위 키워드는 '대통령'(157회), '회견'(49회), '국민'(41회), '특검'(39회), '취소'(31회) 순으로 나타났습니다. 특히 '대통령' 관련 이슈가 가장 두드러졌으며, 대표 헤드라인은 ""조현, 美국무장관과 회담 “호르무즈 해협 실질적 기여 의지”"" 입니다.",2026-09-19 09:01:09,성공,100,23,145,-72.6
2026-09-19,조선일보,경제,20,기업(45); 외국인(44); 금리(42); 중국(42); 가격(36),"2026-09-19 조선일보(경제) 기사 20건 분석 결과, 상위 키워드는 '기업'(45회), '외국인'(44회), '금리'(42회), '중국'(42회), '가격'(36회) 순으로 나타났습니다. 특히 '기업' 관련 이슈가 가장 두드러졌으며, 대표 헤드라인은 ""[산업X파일] ‘수상함은 HD현대, 잠수함은 한화’는 옛말?"" 입니다.",2026-09-19 09:01:27,성공,100,87,9,81.2
2026-09-19,조선일보,사회,19,영수증(48); 터미널(25); 시술(24); 서울(21); 호수(21),"2026-09-19 조선일보(사회) 기사 19건 분석 결과, 상위 키워드는 '영수증'(48회), '터미널'(25회), '시술'(24회), '서울'(21회), '호수'(21회) 순으로 나타났습니다. 특히 '영수증' 관련 이슈가 가장 두드러졌으며, 대표 헤드라인은 ""[단독] 공연장서 누가 탈진할까봐… 민간 축제까지 동원된 소방차"" 입니다.",2026-09-19 09:01:45,성공,100,31,13,40.9
2026-09-19,조선일보,문화,20,영화(32); 저자(30); 치매(22); 한국(22); 우울증(21),"2026-09-19 조선일보(문화) 기사 20건 분석 결과, 상위 키워드는 '영화'(32회), '저자'(30회), '치매'(22회), '한국'(22회), '우울증'(21회) 순으로 나타났습니다. 특히 '영화' 관련 이슈가 가장 두드러졌으며, 대표 헤드라인은 ""[그 영화 어때] 남자가 세상의 빌런이라는 영화 ‘인턴’"" 입니다.",2026-09-19 09:02:01,성공,100,10,27,-45.9
2026-09-19,조선일보,세계,20,미국(71); 중국(59); 한국(53); 이란(52); 나고야(42),"2026-09-19 조선일보(세계) 기사 20건 분석 결과, 상위 키워드는 '미국'(71회), '중국'(59회), '한국'(53회), '이란'(52회), '나고야'(42회) 순으로 나타났습니다. 특히 '미국' 관련 이슈가 가장 두드러졌으며, 대표 헤드라인은 ""고위 당국자 “한미 회담서 파병 입장 설명… 美, 구체적 요구 없어”"" 입니다.",2026-09-19 09:02:18,성공,100,34,44,-12.8
2026-09-19,조선일보,IT과학,20,게임(49); 개발(37); 환자(34); 기술(24); 아이폰(23),"2026-09-19 조선일보(IT과학) 기사 20건 분석 결과, 상위 키워드는 '게임'(49회), '개발'(37회), '환자'(34회), '기술'(24회), '아이폰'(23회) 순으로 나타났습니다. 특히 '게임' 관련 이슈가 가장 두드러졌으며, 대표 헤드라인은 ""펼치자 화면이 스르르… ‘아이폰 듀오’ 미리 써보니"" 입니다.",2026-09-19 09:02:36,성공,100,53,33,23.3
2026-09-19,문화일보,주요뉴스,40,미국(34); 그린란드(22); 대통령(17); 상관(13); 자산(13),"2026-09-19 문화일보(주요뉴스) 기사 40건 분석 결과, 상위 키워드는 '미국'(34회), '그린란드'(22회), '대통령'(17회), '상관'(13회), '자산'(13회) 순으로 나타났습니다. 특히 '미국' 관련 이슈가 가장 두드러졌으며, 대표 헤드라인은 ""속보트럼프, 그린란드 확보 소원 푸나…“그린란드 영구 통제권 확보”"" 입니다.",2026-09-19 09:02:53,성공,100,26,52,-33.3
2026-09-19,문화일보,이슈,20,대통령(25); 경기(18); 장관(17); 국민(14); 서울(14),"2026-09-19 문화일보(이슈) 기사 20건 분석 결과, 상위 키워드는 '대통령'(25회), '경기'(18회), '장관'(17회), '국민'(14회), '서울'(14회) 순으로 나타났습니다. 특히 '대통령' 관련 이슈가 가장 두드러졌으며, 대표 헤드라인은 ""“9천 넘었던 코스피 내년엔 5200 아래로 빠져” 서강대 교수가 KBS서 한 말"" 입니다.",2026-09-19 09:03:11,성공,100,16,83,-67.7
2026-09-19,문화일보,정치,20,기여(62); 임무(56); 대통령(51); 한국(51); 작전(48),"2026-09-19 문화일보(정치) 기사 20건 분석 결과, 상위 키워드는 '기여'(62회), '임무'(56회), '대통령'(51회), '한국'(51회), '작전'(48회) 순으로 나타났습니다. 특히 '기여' 관련 이슈가 가장 두드러졌으며, 대표 헤드라인은 ""정점식, 與 박선원에 “40대 이소영에겐 장관 맡겨도 되나”…‘천하람 사회 경험 없다’ 발언 비판"" 입니다.",2026-09-19 09:03:30,성공,100,127,58,37.3
2026-09-19,문화일보,경제,20,물가(32); 시장(32); 상승(28); 유가(20); 금리(20),"2026-09-19 문화일보(경제) 기사 20건 분석 결과, 상위 키워드는 '물가'(32회), '시장'(32회), '상승'(28회), '유가'(20회), '금리'(20회) 순으로 나타났습니다. 특히 '물가' 관련 이슈가 가장 두드러졌으며, 대표 헤드라인은 ""고속도로 통행료 미납액이 이 정도라고? 한해 1000억 원 육박"" 입니다.",2026-09-19 09:03:49,성공,100,62,45,15.9
2026-09-19,문화일보,사회,20,경찰(27); 혐의(21); 마약(19); 수사(15); 동해안(13),"2026-09-19 문화일보(사회) 기사 20건 분석 결과, 상위 키워드는 '경찰'(27회), '혐의'(21회), '마약'(19회), '수사'(15회), '동해안'(13회) 순으로 나타났습니다. 특히 '경찰' 관련 이슈가 가장 두드러졌으며, 대표 헤드라인은 ""청소 제대로 안 했다고 폭행…동창 숨지게 한 20대 징역 6년"" 입니다.",2026-09-19 09:04:06,성공,100,6,119,-90.4
2026-09-19,문화일보,문화,20,하모니카(31); 자신(27); 거래(26); 자유(25); 시장(21),"2026-09-19 문화일보(문화) 기사 20건 분석 결과, 상위 키워드는 '하모니카'(31회), '자신'(27회), '거래'(26회), '자유'(25회), '시장'(21회) 순으로 나타났습니다. 특히 '하모니카' 관련 이슈가 가장 두드러졌으며, 대표 헤드라인은 ""中BYD, EU ‘45%관세’ 뚫는데…8%세율로 버티는 韓"" 입니다.",2026-09-19 09:04:24,성공,100,27,17,22.7
2026-09-19,문화일보,세계,20,경기(26); 미국(24); 다이애나(22); 한국(22); 대통령(19),"2026-09-19 문화일보(세계) 기사 20건 분석 결과, 상위 키워드는 '경기'(26회), '미국'(24회), '다이애나'(22회), '한국'(22회), '대통령'(19회) 순으로 나타났습니다. 특히 '경기' 관련 이슈가 가장 두드러졌으며, 대표 헤드라인은 ""韓 경기서 북한 국가 튼 日 아시안게임…숙소·수송 등 ‘부실 운영’ 논란"" 입니다.",2026-09-19 09:04:42,성공,100,20,38,-31.0
2026-09-19,문화일보,IT과학,20,보안(44); 반도체(34); 아이폰(33); 기술(29); 사업(27),"2026-09-19 문화일보(IT과학) 기사 20건 분석 결과, 상위 키워드는 '보안'(44회), '반도체'(34회), '아이폰'(33회), '기술'(29회), '사업'(27회) 순으로 나타났습니다. 특히 '보안' 관련 이슈가 가장 두드러졌으며, 대표 헤드라인은 ""속도조절론 비웃듯… “내년 AI 글로벌 지출 5000조원 돌파”"" 입니다.",2026-09-19 09:05:00,성공,100,94,24,59.3
2026-09-19,매일신문,주요뉴스,40,장관(64); 대통령(43); 국민(25); 의원(24); 지지(21),"2026-09-19 매일신문(주요뉴스) 기사 40건 분석 결과, 상위 키워드는 '장관'(64회), '대통령'(43회), '국민'(25회), '의원'(24회), '지지'(21회) 순으로 나타났습니다. 특히 '장관' 관련 이슈가 가장 두드러졌으며, 대표 헤드라인은 ""李, 연임엔 ""전혀""→공소취소엔 ""재판 받겠다"" 왜 말 못했나 [시사뒷담]"" 입니다.",2026-09-19 09:05:17,성공,100,27,127,-64.9
2026-09-19,매일신문,이슈,20,미국(36); 장관(31); 대통령(28); 여권(26); 항공(22),"2026-09-19 매일신문(이슈) 기사 20건 분석 결과, 상위 키워드는 '미국'(36회), '장관'(31회), '대통령'(28회), '여권'(26회), '항공'(22회) 순으로 나타났습니다. 특히 '미국' 관련 이슈가 가장 두드러졌으며, 대표 헤드라인은 """"용혜인처럼 입어라"" ""학벌 낮으면 알바""…남편 박기홍 과거 발언 논란조회수18,231"" 입니다.",2026-09-19 09:05:36,성공,100,47,100,-36.1
2026-09-19,매일신문,정치,20,대통령(85); 의원(42); 장관(32); 이재명(32); 회견(31),"2026-09-19 매일신문(정치) 기사 20건 분석 결과, 상위 키워드는 '대통령'(85회), '의원'(42회), '장관'(32회), '이재명'(32회), '회견'(31회) 순으로 나타났습니다. 특히 '대통령' 관련 이슈가 가장 두드러졌으며, 대표 헤드라인은 ""韓외교장관, 美에 ""호르무즈 자유로운 통항회복 기여 의지"""" 입니다.",2026-09-19 09:05:53,성공,100,40,74,-29.8
2026-09-19,매일신문,경제,20,가격(48); 카드(38); 수출(30); 사업(26); 수수료(25),"2026-09-19 매일신문(경제) 기사 20건 분석 결과, 상위 키워드는 '가격'(48회), '카드'(38회), '수출'(30회), '사업'(26회), '수수료'(25회) 순으로 나타났습니다. 특히 '가격' 관련 이슈가 가장 두드러졌으며, 대표 헤드라인은 ""KRX 애프터마켓 첫날 1조8177억…개미가 93% 쓸어담았다"" 입니다.",2026-09-19 09:06:12,성공,100,121,58,35.2
2026-09-19,매일신문,사회,20,남편(35); 사업(34); 추진(20); 불법(18); 아내(16),"2026-09-19 매일신문(사회) 기사 20건 분석 결과, 상위 키워드는 '남편'(35회), '사업'(34회), '추진'(20회), '불법'(18회), '아내'(16회) 순으로 나타났습니다. 특히 '남편' 관련 이슈가 가장 두드러졌으며, 대표 헤드라인은 ""국립공원 흡연 200만원·차박 50만원…21일부터 집중단속"" 입니다.",2026-09-19 09:06:30,성공,100,16,90,-69.8
2026-09-19,매일신문,문화,20,대구(31); 여권(25); 가을(25); 공연(24); 사막(23),"2026-09-19 매일신문(문화) 기사 20건 분석 결과, 상위 키워드는 '대구'(31회), '여권'(25회), '가을'(25회), '공연'(24회), '사막'(23회) 순으로 나타났습니다. 특히 '대구' 관련 이슈가 가장 두드러졌으며, 대표 헤드라인은 ""가수 이창현, 18년 활동명 '제이디' 내려놓고 본명으로 새 음악"" 입니다.",2026-09-19 09:06:48,성공,100,99,7,86.8
2026-09-19,매일신문,세계,20,러시아(43); 공격(34); 미국(20); 이란(19); 경찰(19),"2026-09-19 매일신문(세계) 기사 20건 분석 결과, 상위 키워드는 '러시아'(43회), '공격'(34회), '미국'(20회), '이란'(19회), '경찰'(19회) 순으로 나타났습니다. 특히 '러시아' 관련 이슈가 가장 두드러졌으며, 대표 헤드라인은 ""나고야 아시안게임 개막…한국 800호 금메달까지 13개"" 입니다.",2026-09-19 09:07:06,성공,100,20,66,-53.5
2026-09-19,매일신문,IT과학,20,로봇(44); 반도체(39); 기업(38); 산업(37); 버스(35),"2026-09-19 매일신문(IT과학) 기사 20건 분석 결과, 상위 키워드는 '로봇'(44회), '반도체'(39회), '기업'(38회), '산업'(37회), '버스'(35회) 순으로 나타났습니다. 특히 '로봇' 관련 이슈가 가장 두드러졌으며, 대표 헤드라인은 ""트럼프, 엔비디아 젠슨 황 강연 중 전화 ""AI 위험론은 사기"""" 입니다.",2026-09-19 09:07:25,성공,100,82,31,45.1
2026-09-19,데일리안,주요뉴스,40,대통령(59); 청년(52); 가격(36); 거래(34); 국민(32),"2026-09-19 데일리안(주요뉴스) 기사 40건 분석 결과, 상위 키워드는 '대통령'(59회), '청년'(52회), '가격'(36회), '거래'(34회), '국민'(32회) 순으로 나타났습니다. 특히 '대통령' 관련 이슈가 가장 두드러졌으며, 대표 헤드라인은 ""김승원 얽힌 '주가조작 의혹' 세종메디칼…속 터지는 개미들"" 입니다.",2026-09-19 09:07:44,성공,100,101,92,4.7
2026-09-19,데일리안,이슈,20,대통령(37); 거래(35); 가격(31); 청년(29); 시장(27),"2026-09-19 데일리안(이슈) 기사 20건 분석 결과, 상위 키워드는 '대통령'(37회), '거래'(35회), '가격'(31회), '청년'(29회), '시장'(27회) 순으로 나타났습니다. 특히 '대통령' 관련 이슈가 가장 두드러졌으며, 대표 헤드라인은 ""[속보] 뉴욕증시, 美 국채금리 상승에도 반도체주 강세…나스닥 0.39%↑"" 입니다.",2026-09-19 09:08:02,성공,100,71,72,-0.7
2026-09-19,데일리안,정치,20,대통령(154); 국민(100); 후보자(75); 공소(65); 취소(63),"2026-09-19 데일리안(정치) 기사 20건 분석 결과, 상위 키워드는 '대통령'(154회), '국민'(100회), '후보자'(75회), '공소'(65회), '취소'(63회) 순으로 나타났습니다. 특히 '대통령' 관련 이슈가 가장 두드러졌으며, 대표 헤드라인은 ""'연임·파병 선 긋기'에도…李 회견 놓고 여야 평가는 극과 극"" 입니다.",2026-09-19 09:08:20,성공,100,23,184,-77.8
2026-09-19,데일리안,경제,20,티보(50); 가격(49); 시장(37); 자산(35); 미국(30),"2026-09-19 데일리안(경제) 기사 20건 분석 결과, 상위 키워드는 '티보'(50회), '가격'(49회), '시장'(37회), '자산'(35회), '미국'(30회) 순으로 나타났습니다. 특히 '티보' 관련 이슈가 가장 두드러졌으며, 대표 헤드라인은 ""프로야구 역대급 흥행…삼성증권, 야구팬 위한 이벤트"" 입니다.",2026-09-19 09:08:38,성공,100,157,20,77.4
2026-09-19,데일리안,사회,20,후보자(46); 데일리안(41); 서울(36); 국회(32); 남산(29),"2026-09-19 데일리안(사회) 기사 20건 분석 결과, 상위 키워드는 '후보자'(46회), '데일리안'(41회), '서울'(36회), '국회'(32회), '남산'(29회) 순으로 나타났습니다. 특히 '후보자' 관련 이슈가 가장 두드러졌으며, 대표 헤드라인은 ""“좋은 기술은 좋은 사람에게서”…‘(주)엠이티’가 키운 청년 연구원 성장기"" 입니다.",2026-09-19 09:08:56,성공,100,64,94,-19.0
2026-09-19,데일리안,문화,20,티보(50); 세계(33); 작품(27); 데일리안(26); 팝업(22),"2026-09-19 데일리안(문화) 기사 20건 분석 결과, 상위 키워드는 '티보'(50회), '세계'(33회), '작품'(27회), '데일리안'(26회), '팝업'(22회) 순으로 나타났습니다. 특히 '티보' 관련 이슈가 가장 두드러졌으며, 대표 헤드라인은 """"나들이 가기 좋아요"" 아침 최저 15도·낮 최고 30도…환절기 빈번히 발생하는 '이 질환', 증상은 [오늘 날씨]"" 입니다.",2026-09-19 09:09:14,성공,100,64,11,70.7
2026-09-19,데일리안,세계,20,한국(40); 대통령(36); 트럼프(30); 일본(30); 미국(29),"2026-09-19 데일리안(세계) 기사 20건 분석 결과, 상위 키워드는 '한국'(40회), '대통령'(36회), '트럼프'(30회), '일본'(30회), '미국'(29회) 순으로 나타났습니다. 특히 '한국' 관련 이슈가 가장 두드러졌으며, 대표 헤드라인은 ""아이치·나고야 아시안게임 개막…한국 선수단 첫 금·골든데이는?"" 입니다.",2026-09-19 09:09:32,성공,100,42,42,0.0
2026-09-19,데일리안,IT과학,20,캐릭터(49); 게임(44); 전투(39); 카카오(32); 공격(28),"2026-09-19 데일리안(IT과학) 기사 20건 분석 결과, 상위 키워드는 '캐릭터'(49회), '게임'(44회), '전투'(39회), '카카오'(32회), '공격'(28회) 순으로 나타났습니다. 특히 '캐릭터' 관련 이슈가 가장 두드러졌으며, 대표 헤드라인은 ""'미래시' 개발진 ""작년의 아쉬움, 올해 개선된 모습 보여주고 싶었다"" [TGS 2026]"" 입니다.",2026-09-19 09:09:50,성공,100,85,0,100.0
2026-09-19,아시아경제,주요뉴스,40,배당(36); 대통령(34); 수입(33); 미국(26); 정부(25),"2026-09-19 아시아경제(주요뉴스) 기사 40건 분석 결과, 상위 키워드는 '배당'(36회), '대통령'(34회), '수입'(33회), '미국'(26회), '정부'(25회) 순으로 나타났습니다. 특히 '배당' 관련 이슈가 가장 두드러졌으며, 대표 헤드라인은 """"한국인들, 얼마나 책을 안 읽으면""…매물로 나온 문학동네 누가 인수할까[주末머니]"" 입니다.",2026-09-19 09:10:08,성공,100,72,26,46.9
2026-09-19,아시아경제,이슈,20,배당(35); 중국(24); 아이폰(23); 프로(21); 아파트(20),"2026-09-19 아시아경제(이슈) 기사 20건 분석 결과, 상위 키워드는 '배당'(35회), '중국'(24회), '아이폰'(23회), '프로'(21회), '아파트'(20회) 순으로 나타났습니다. 특히 '배당' 관련 이슈가 가장 두드러졌으며, 대표 헤드라인은 """"제발 좀 조용히""…스피커폰 통화한 민폐 승객에 '21만원' 벌금 칼 빼든 中"" 입니다.",2026-09-19 09:10:26,성공,100,62,14,63.2
2026-09-19,아시아경제,정치,20,대통령(116); 회견(45); 국민(45); 부동산(42); 정책(40),"2026-09-19 아시아경제(정치) 기사 20건 분석 결과, 상위 키워드는 '대통령'(116회), '회견'(45회), '국민'(45회), '부동산'(42회), '정책'(40회) 순으로 나타났습니다. 특히 '대통령' 관련 이슈가 가장 두드러졌으며, 대표 헤드라인은 ""추미애, 李대통령 기자회견 날 '실천의 개혁' 다시 한번 강조"" 입니다.",2026-09-19 09:10:44,성공,100,78,72,4.0
2026-09-19,아시아경제,경제,20,미국(59); 원유(56); 중동(45); 가격(39); 배당(35),"2026-09-19 아시아경제(경제) 기사 20건 분석 결과, 상위 키워드는 '미국'(59회), '원유'(56회), '중동'(45회), '가격'(39회), '배당'(35회) 순으로 나타났습니다. 특히 '미국' 관련 이슈가 가장 두드러졌으며, 대표 헤드라인은 ""예멘 후티반군이 뒤흔든 국제유가…사우디 연전연패 이유는[시사쇼]"" 입니다.",2026-09-19 09:11:02,성공,100,132,46,48.3
2026-09-19,아시아경제,사회,20,정원(48); 개최(41); 한국(26); 협력(26); 도시(25),"2026-09-19 아시아경제(사회) 기사 20건 분석 결과, 상위 키워드는 '정원'(48회), '개최'(41회), '한국'(26회), '협력'(26회), '도시'(25회) 순으로 나타났습니다. 특히 '정원' 관련 이슈가 가장 두드러졌으며, 대표 헤드라인은 ""전북도, 2036하계올림픽 유치 전략 '갈팡질팡'"" 입니다.",2026-09-19 09:11:20,성공,100,108,49,37.6
2026-09-19,아시아경제,문화,20,초파리(32); 이름(31); 교회(30); 반려동물(27); 세계(25),"2026-09-19 아시아경제(문화) 기사 20건 분석 결과, 상위 키워드는 '초파리'(32회), '이름'(31회), '교회'(30회), '반려동물'(27회), '세계'(25회) 순으로 나타났습니다. 특히 '초파리' 관련 이슈가 가장 두드러졌으며, 대표 헤드라인은 """"또 못 참았네"" 자책했는데…의지 아닌 '이 호르몬'이 범인이라고?[실험노트]"" 입니다.",2026-09-19 09:11:39,성공,100,19,0,100.0
2026-09-19,아시아경제,세계,20,한국(37); 미국(31); 사우디(28); 중국(27); 반려동물(27),"2026-09-19 아시아경제(세계) 기사 20건 분석 결과, 상위 키워드는 '한국'(37회), '미국'(31회), '사우디'(28회), '중국'(27회), '반려동물'(27회) 순으로 나타났습니다. 특히 '한국' 관련 이슈가 가장 두드러졌으며, 대표 헤드라인은 ""예멘 후티반군이 뒤흔든 국제유가…사우디 연전연패 이유는[시사쇼]"" 입니다.",2026-09-19 09:11:57,성공,100,38,22,26.7
2026-09-19,아시아경제,IT과학,20,아이폰(54); 게임(47); 기술(44); 화면(38); 국방(35),"2026-09-19 아시아경제(IT과학) 기사 20건 분석 결과, 상위 키워드는 '아이폰'(54회), '게임'(47회), '기술'(44회), '화면'(38회), '국방'(35회) 순으로 나타났습니다. 특히 '아이폰' 관련 이슈가 가장 두드러졌으며, 대표 헤드라인은 ""[주말엔게임]서브컬처 본진 점령한 K게임…IP 확장으로 日팬심 잡았다"" 입니다.",2026-09-19 09:12:15,성공,100,55,0,100.0
2026-09-20,조선일보,주요뉴스,40,민원(47); 후보자(47); 중국(38); 음식(27); 대통령(27),"2026-09-20 조선일보(주요뉴스) 기사 40건 분석 결과, 상위 키워드는 '민원'(47회), '후보자'(47회), '중국'(38회), '음식'(27회), '대통령'(27회) 순으로 나타났습니다. 특히 '민원' 관련 이슈가 가장 두드러졌으며, 대표 헤드라인은 ""김승원도 피할 수 없었다… 또 적중한 ‘참여연대 데스노트’"" 입니다.",2026-09-20 09:00:35,성공,100,0,68,-100.0
2026-09-20,조선일보,이슈,20,후보자(88); 민원(47); 장관(45); 대통령(37); 사퇴(37),"2026-09-20 조선일보(이슈) 기사 20건 분석 결과, 상위 키워드는 '후보자'(88회), '민원'(47회), '장관'(45회), '대통령'(37회), '사퇴'(37회) 순으로 나타났습니다. 특히 '후보자' 관련 이슈가 가장 두드러졌으며, 대표 헤드라인은 ""김승원도 피할 수 없었다… 또 적중한 ‘참여연대 데스노트’"" 입니다.",2026-09-20 09:00:52,성공,100,0,118,-100.0
2026-09-20,조선일보,정치,20,후보자(104); 대통령(74); 장관(72); 한국(67); 평화(42),"2026-09-20 조선일보(정치) 기사 20건 분석 결과, 상위 키워드는 '후보자'(104회), '대통령'(74회), '장관'(72회), '한국'(67회), '평화'(42회) 순으로 나타났습니다. 특히 '후보자' 관련 이슈가 가장 두드러졌으며, 대표 헤드라인은 ""“한국이 어려웠을 때 와 줘서 고맙습니다”"" 입니다.",2026-09-20 09:01:09,성공,100,77,185,-41.2
2026-09-20,조선일보,경제,20,가격(45); 외국인(44); 중국(41); 금리(41); 원유(40),"2026-09-20 조선일보(경제) 기사 20건 분석 결과, 상위 키워드는 '가격'(45회), '외국인'(44회), '중국'(41회), '금리'(41회), '원유'(40회) 순으로 나타났습니다. 특히 '가격' 관련 이슈가 가장 두드러졌으며, 대표 헤드라인은 ""유가 키 쥔 중국…”중간선거 앞둔 트럼프도 시진핑에 감사해야 할 판”"" 입니다.",2026-09-20 09:01:27,성공,100,93,9,82.4
2026-09-20,조선일보,사회,20,접수(39); 원서(35); 수험(25); 시술(24); 사고(22),"2026-09-20 조선일보(사회) 기사 20건 분석 결과, 상위 키워드는 '접수'(39회), '원서'(35회), '수험'(25회), '시술'(24회), '사고'(22회) 순으로 나타났습니다. 특히 '접수' 관련 이슈가 가장 두드러졌으며, 대표 헤드라인은 ""경북 경주 한 주택에서 불… 진화 중 붕괴로 30대 소방관 등 2명 부상"" 입니다.",2026-09-20 09:01:44,성공,100,45,89,-32.8
2026-09-20,조선일보,문화,20,저자(26); 한국(23); 영화(22); 마라톤(22); 치매(22),"2026-09-20 조선일보(문화) 기사 20건 분석 결과, 상위 키워드는 '저자'(26회), '한국'(23회), '영화'(22회), '마라톤'(22회), '치매'(22회) 순으로 나타났습니다. 특히 '저자' 관련 이슈가 가장 두드러졌으며, 대표 헤드라인은 ""BTS·블랙핑크·코르티스 美 MTV VMA 베스트 그룹 후보"" 입니다.",2026-09-20 09:02:02,성공,100,20,29,-18.4
2026-09-20,조선일보,세계,20,한국(52); 미국(52); 경기(34); 나고야(34); 아시안(33),"2026-09-20 조선일보(세계) 기사 20건 분석 결과, 상위 키워드는 '한국'(52회), '미국'(52회), '경기'(34회), '나고야'(34회), '아시안'(33회) 순으로 나타났습니다. 특히 '한국' 관련 이슈가 가장 두드러졌으며, 대표 헤드라인은 ""신유빈·김동용 태극기 들고 입장... 日 ‘해머 영웅 父子’가 성화 점화"" 입니다.",2026-09-20 09:02:19,성공,100,25,20,11.1
2026-09-20,조선일보,IT과학,20,게임(52); 개발(37); 환자(34); 기술(24); 아이폰(23),"2026-09-20 조선일보(IT과학) 기사 20건 분석 결과, 상위 키워드는 '게임'(52회), '개발'(37회), '환자'(34회), '기술'(24회), '아이폰'(23회) 순으로 나타났습니다. 특히 '게임' 관련 이슈가 가장 두드러졌으며, 대표 헤드라인은 ""펼치자 화면이 스르르… ‘아이폰 듀오’ 미리 써보니"" 입니다.",2026-09-20 09:02:38,성공,100,53,33,23.3
2026-09-20,문화일보,주요뉴스,40,대통령(64); 시장(20); 주택(18); 자신(18); 서울(18),"2026-09-20 문화일보(주요뉴스) 기사 40건 분석 결과, 상위 키워드는 '대통령'(64회), '시장'(20회), '주택'(18회), '자신'(18회), '서울'(18회) 순으로 나타났습니다. 특히 '대통령' 관련 이슈가 가장 두드러졌으며, 대표 헤드라인은 ""한동훈에 화력집중하는 與…김승원에는 ‘살신성인 본보기’ 극찬"" 입니다.",2026-09-20 09:02:58,성공,100,33,104,-51.8
2026-09-20,문화일보,이슈,20,대통령(34); 취소(18); 자신(16); 주택(15); 승객(14),"2026-09-20 문화일보(이슈) 기사 20건 분석 결과, 상위 키워드는 '대통령'(34회), '취소'(18회), '자신'(16회), '주택'(15회), '승객'(14회) 순으로 나타났습니다. 특히 '대통령' 관련 이슈가 가장 두드러졌으며, 대표 헤드라인은 ""한동훈에 화력집중하는 與…김승원에는 ‘살신성인 본보기’ 극찬"" 입니다.",2026-09-20 09:03:15,성공,100,34,84,-42.4
2026-09-20,문화일보,정치,20,대통령(52); 후보자(46); 의원(39); 사퇴(35); 의혹(32),"2026-09-20 문화일보(정치) 기사 20건 분석 결과, 상위 키워드는 '대통령'(52회), '후보자'(46회), '의원'(39회), '사퇴'(35회), '의혹'(32회) 순으로 나타났습니다. 특히 '대통령' 관련 이슈가 가장 두드러졌으며, 대표 헤드라인은 ""‘그들이 짊어진 평화: 한국지원단(KSC)’…오산 ‘유엔군 초전기념관’ 특별전시회서 지게부대 등 조명"" 입니다.",2026-09-20 09:03:32,성공,100,35,115,-53.3
2026-09-20,문화일보,경제,20,서울(42); 상승(25); 가격(23); 이동(18); 아파트(16),"2026-09-20 문화일보(경제) 기사 20건 분석 결과, 상위 키워드는 '서울'(42회), '상승'(25회), '가격'(23회), '이동'(18회), '아파트'(16회) 순으로 나타났습니다. 특히 '서울' 관련 이슈가 가장 두드러졌으며, 대표 헤드라인은 ""“건설사 이익추구 탓만 아니라” 건축교수가 MBC서 한 말"" 입니다.",2026-09-20 09:03:48,성공,100,65,27,41.3
2026-09-20,문화일보,사회,20,기부(16); 신청(16); 주택(16); 지역(15); 사장(14),"2026-09-20 문화일보(사회) 기사 20건 분석 결과, 상위 키워드는 '기부'(16회), '신청'(16회), '주택'(16회), '지역'(15회), '사장'(14회) 순으로 나타났습니다. 특히 '기부' 관련 이슈가 가장 두드러졌으며, 대표 헤드라인은 ""[이슈]女출근정보 알려주는 ‘구독형’성매매 기승"" 입니다.",2026-09-20 09:04:06,성공,100,48,31,21.5
2026-09-20,문화일보,문화,20,자신(27); 거래(26); 자유(25); 시장(20); 사회(20),"2026-09-20 문화일보(문화) 기사 20건 분석 결과, 상위 키워드는 '자신'(27회), '거래'(26회), '자유'(25회), '시장'(20회), '사회'(20회) 순으로 나타났습니다. 특히 '자신' 관련 이슈가 가장 두드러졌으며, 대표 헤드라인은 ""“입 막고 목 졸라”…패션쇼서 동물권 활동가와 몸싸움한 美 패션 수장"" 입니다.",2026-09-20 09:04:24,성공,100,28,22,12.0
2026-09-20,문화일보,세계,20,선수(21); 일본(17); 미국(17); 아시안(15); 게임(15),"2026-09-20 문화일보(세계) 기사 20건 분석 결과, 상위 키워드는 '선수'(21회), '일본'(17회), '미국'(17회), '아시안'(15회), '게임'(15회) 순으로 나타났습니다. 특히 '선수' 관련 이슈가 가장 두드러졌으며, 대표 헤드라인은 ""호주 시골 창고 속 ‘냉동인간 7명’의 정체…죽음 뒤 다시 살겠다는 사람들"" 입니다.",2026-09-20 09:04:42,성공,100,43,49,-6.5
2026-09-20,문화일보,IT과학,20,보안(44); 반도체(34); 아이폰(33); 기술(29); 사업(27),"2026-09-20 문화일보(IT과학) 기사 20건 분석 결과, 상위 키워드는 '보안'(44회), '반도체'(34회), '아이폰'(33회), '기술'(29회), '사업'(27회) 순으로 나타났습니다. 특히 '보안' 관련 이슈가 가장 두드러졌으며, 대표 헤드라인은 ""속도조절론 비웃듯… “내년 AI 글로벌 지출 5000조원 돌파”"" 입니다.",2026-09-20 09:04:59,성공,100,94,24,59.3
2026-09-20,매일신문,주요뉴스,40,의원(39); 대통령(34); 장관(31); 정부(28); 청와대(27),"2026-09-20 매일신문(주요뉴스) 기사 40건 분석 결과, 상위 키워드는 '의원'(39회), '대통령'(34회), '장관'(31회), '정부'(28회), '청와대'(27회) 순으로 나타났습니다. 특히 '의원' 관련 이슈가 가장 두드러졌으며, 대표 헤드라인은 ""정부 ""北 주민 치료"" vs 국힘 ""생화학무기 개발""…93억 의료지원 공방"" 입니다.",2026-09-20 09:05:17,성공,100,46,159,-55.1
2026-09-20,매일신문,이슈,20,대통령(33); 장관(26); 의원(24); 청와대(22); 법무부(21),"2026-09-20 매일신문(이슈) 기사 20건 분석 결과, 상위 키워드는 '대통령'(33회), '장관'(26회), '의원'(24회), '청와대'(22회), '법무부'(21회) 순으로 나타났습니다. 특히 '대통령' 관련 이슈가 가장 두드러졌으며, 대표 헤드라인은 """"5천만원 줄테니 성관계하자""…'14억 계좌' 보여주며 20대 女 속인 60대 男조회수32,538"" 입니다.",2026-09-20 09:05:34,성공,100,24,129,-68.6
2026-09-20,매일신문,정치,20,후보자(121); 장관(85); 대통령(83); 의원(57); 사퇴(50),"2026-09-20 매일신문(정치) 기사 20건 분석 결과, 상위 키워드는 '후보자'(121회), '장관'(85회), '대통령'(83회), '의원'(57회), '사퇴'(50회) 순으로 나타났습니다. 특히 '후보자' 관련 이슈가 가장 두드러졌으며, 대표 헤드라인은 ""정부 ""北 주민 치료"" vs 국힘 ""생화학무기 개발""…93억 의료지원 공방"" 입니다.",2026-09-20 09:05:50,성공,100,20,199,-81.7
2026-09-20,매일신문,경제,20,가격(55); 카드(45); 기준(39); 금융(35); 수수료(33),"2026-09-20 매일신문(경제) 기사 20건 분석 결과, 상위 키워드는 '가격'(55회), '카드'(45회), '기준'(39회), '금융'(35회), '수수료'(33회) 순으로 나타났습니다. 특히 '가격' 관련 이슈가 가장 두드러졌으며, 대표 헤드라인은 ""실손24 청구율 4.6%뿐…동네 의원 연계는 18%에 그쳤다"" 입니다.",2026-09-20 09:06:08,성공,100,72,87,-9.4
2026-09-20,매일신문,사회,20,전국(39); 가요제(35); 대구(31); 환자(25); 치매(24),"2026-09-20 매일신문(사회) 기사 20건 분석 결과, 상위 키워드는 '전국'(39회), '가요제'(35회), '대구'(31회), '환자'(25회), '치매'(24회) 순으로 나타났습니다. 특히 '전국' 관련 이슈가 가장 두드러졌으며, 대표 헤드라인은 ""선관위 '아빠 찬스' 논란 반전…법원 ""부정한 채점 증거 없다"""" 입니다.",2026-09-20 09:06:24,성공,100,30,81,-45.9
2026-09-20,매일신문,문화,20,대구(31); 여권(25); 가을(25); 공연(24); 사막(23),"2026-09-20 매일신문(문화) 기사 20건 분석 결과, 상위 키워드는 '대구'(31회), '여권'(25회), '가을'(25회), '공연'(24회), '사막'(23회) 순으로 나타났습니다. 특히 '대구' 관련 이슈가 가장 두드러졌으며, 대표 헤드라인은 ""가수 이창현, 18년 활동명 '제이디' 내려놓고 본명으로 새 음악"" 입니다.",2026-09-20 09:06:42,성공,100,99,7,86.8
2026-09-20,매일신문,세계,20,러시아(40); 공격(33); 미국(23); 경찰(21); 이란(19),"2026-09-20 매일신문(세계) 기사 20건 분석 결과, 상위 키워드는 '러시아'(40회), '공격'(33회), '미국'(23회), '경찰'(21회), '이란'(19회) 순으로 나타났습니다. 특히 '러시아' 관련 이슈가 가장 두드러졌으며, 대표 헤드라인은 ""F-35 스텔스 부품, 호주→미국 수송 중 홍콩 경유 후 행방불명"" 입니다.",2026-09-20 09:06:59,성공,100,21,92,-62.8
2026-09-20,매일신문,IT과학,20,로봇(44); 반도체(39); 기업(38); 산업(37); 버스(35),"2026-09-20 매일신문(IT과학) 기사 20건 분석 결과, 상위 키워드는 '로봇'(44회), '반도체'(39회), '기업'(38회), '산업'(37회), '버스'(35회) 순으로 나타났습니다. 특히 '로봇' 관련 이슈가 가장 두드러졌으며, 대표 헤드라인은 ""트럼프, 엔비디아 젠슨 황 강연 중 전화 ""AI 위험론은 사기"""" 입니다.",2026-09-20 09:07:17,성공,100,82,31,45.1
2026-09-20,데일리안,주요뉴스,40,국민(54); 대통령(49); 최고(43); 위원(39); 대표(38),"2026-09-20 데일리안(주요뉴스) 기사 40건 분석 결과, 상위 키워드는 '국민'(54회), '대통령'(49회), '최고'(43회), '위원'(39회), '대표'(38회) 순으로 나타났습니다. 특히 '국민' 관련 이슈가 가장 두드러졌으며, 대표 헤드라인은 ""[민주당 리더스] '대변인→비서실장→최고위원' 한민수…與레드팀으로 '우뚝'"" 입니다.",2026-09-20 09:07:35,성공,100,68,56,9.7
2026-09-20,데일리안,이슈,20,대통령(56); 후보자(53); 국민(32); 인사(32); 회견(32),"2026-09-20 데일리안(이슈) 기사 20건 분석 결과, 상위 키워드는 '대통령'(56회), '후보자'(53회), '국민'(32회), '인사'(32회), '회견'(32회) 순으로 나타났습니다. 특히 '대통령' 관련 이슈가 가장 두드러졌으며, 대표 헤드라인은 ""조정훈이 소환한 '2023년 이재명 대표'…""당시 외친 검증 잣대 지켜라"""" 입니다.",2026-09-20 09:07:51,성공,100,47,102,-36.9
2026-09-20,데일리안,정치,20,후보자(106); 대통령(88); 사퇴(69); 의원(58); 회견(57),"2026-09-20 데일리안(정치) 기사 20건 분석 결과, 상위 키워드는 '후보자'(106회), '대통령'(88회), '사퇴'(69회), '의원'(58회), '회견'(57회) 순으로 나타났습니다. 특히 '후보자' 관련 이슈가 가장 두드러졌으며, 대표 헤드라인은 ""[민주당 리더스] '대변인→비서실장→최고위원' 한민수…與레드팀으로 '우뚝'"" 입니다.",2026-09-20 09:08:08,성공,100,61,234,-58.6
2026-09-20,데일리안,경제,20,시장(34); 가격(33); 금리(32); 선물(32); 수요(26),"2026-09-20 데일리안(경제) 기사 20건 분석 결과, 상위 키워드는 '시장'(34회), '가격'(33회), '금리'(32회), '선물'(32회), '수요'(26회) 순으로 나타났습니다. 특히 '시장' 관련 이슈가 가장 두드러졌으며, 대표 헤드라인은 ""[통장잔GO] ""연 4.3% 맛집 줄서세요""…상호금융 예금금리 다시 뛴다"" 입니다.",2026-09-20 09:08:26,성공,100,126,51,42.4
2026-09-20,데일리안,사회,20,실종(25); 복권(24); 접수(23); 사고(22); 수험(21),"2026-09-20 데일리안(사회) 기사 20건 분석 결과, 상위 키워드는 '실종'(25회), '복권'(24회), '접수'(23회), '사고'(22회), '수험'(21회) 순으로 나타났습니다. 특히 '실종' 관련 이슈가 가장 두드러졌으며, 대표 헤드라인은 ""출소 나흘 만에 복권방서 금고 훔친 20대…징역 1년6개월"" 입니다.",2026-09-20 09:08:43,성공,100,20,70,-55.6
2026-09-20,데일리안,문화,20,티보(50); 기온(37); 작품(29); 데일리안(28); 서울(22),"2026-09-20 데일리안(문화) 기사 20건 분석 결과, 상위 키워드는 '티보'(50회), '기온'(37회), '작품'(29회), '데일리안'(28회), '서울'(22회) 순으로 나타났습니다. 특히 '티보' 관련 이슈가 가장 두드러졌으며, 대표 헤드라인은 ""아침 최저 14도·낮 최고 31도 '큰 일교차 주의'…환절기 건광 관리에 좋은 '이 채소' [오늘 날씨]"" 입니다.",2026-09-20 09:09:00,성공,100,76,11,74.7
2026-09-20,데일리안,세계,20,중국(57); 생산(35); 국가(33); 한국(33); 대표(29),"2026-09-20 데일리안(세계) 기사 20건 분석 결과, 상위 키워드는 '중국'(57회), '생산'(35회), '국가'(33회), '한국'(33회), '대표'(29회) 순으로 나타났습니다. 특히 '중국' 관련 이슈가 가장 두드러졌으며, 대표 헤드라인은 ""中, ‘과잉생산과의 전쟁’ 선포하다 [김규환의 핸디 차이나]"" 입니다.",2026-09-20 09:09:17,성공,100,26,26,0.0
2026-09-20,데일리안,IT과학,20,게임(71); 캐릭터(69); 전투(50); 데일리안(36); 시연(34),"2026-09-20 데일리안(IT과학) 기사 20건 분석 결과, 상위 키워드는 '게임'(71회), '캐릭터'(69회), '전투'(50회), '데일리안'(36회), '시연'(34회) 순으로 나타났습니다. 특히 '게임' 관련 이슈가 가장 두드러졌으며, 대표 헤드라인은 ""방미통위 출범 1년...융추위 시절이 그리운 이유 [기자수첩-ICT]"" 입니다.",2026-09-20 09:09:34,성공,100,71,0,100.0
2026-09-20,아시아경제,주요뉴스,40,분기(25); 지도(23); 하락(23); 레버리지(20); 시장(19),"2026-09-20 아시아경제(주요뉴스) 기사 40건 분석 결과, 상위 키워드는 '분기'(25회), '지도'(23회), '하락'(23회), '레버리지'(20회), '시장'(19회) 순으로 나타났습니다. 특히 '분기' 관련 이슈가 가장 두드러졌으며, 대표 헤드라인은 """"9000 넘었던 코스피, 내년엔 5200 아래로 떨어진다""…전문가 예측 배경은"" 입니다.",2026-09-20 09:09:52,성공,100,54,54,0.0
2026-09-20,아시아경제,이슈,20,공장(40); 투자(28); 주식(23); 후보자(22); 신라면(20),"2026-09-20 아시아경제(이슈) 기사 20건 분석 결과, 상위 키워드는 '공장'(40회), '투자'(28회), '주식'(23회), '후보자'(22회), '신라면'(20회) 순으로 나타났습니다. 특히 '공장' 관련 이슈가 가장 두드러졌으며, 대표 헤드라인은 """"직장도 돈도 없어 하루 종일 침대서 뒹굴뒹굴""…스스로 '벽걸이'라 자조하는 中청년들"" 입니다.",2026-09-20 09:10:10,성공,100,50,44,6.4
2026-09-20,아시아경제,정치,20,후보자(102); 대통령(97); 사퇴(63); 장관(56); 의혹(55),"2026-09-20 아시아경제(정치) 기사 20건 분석 결과, 상위 키워드는 '후보자'(102회), '대통령'(97회), '사퇴'(63회), '장관'(56회), '의혹'(55회) 순으로 나타났습니다. 특히 '후보자' 관련 이슈가 가장 두드러졌으며, 대표 헤드라인은 ""김승원 부담 던 靑, 다음은 '김지용'…중수청장 인사 '다음 시험대'"" 입니다.",2026-09-20 09:10:27,성공,100,29,250,-79.2
2026-09-20,아시아경제,경제,20,일본(50); 탐사(48); 한국(45); 개발(40); 공장(40),"2026-09-20 아시아경제(경제) 기사 20건 분석 결과, 상위 키워드는 '일본'(50회), '탐사'(48회), '한국'(45회), '개발'(40회), '공장'(40회) 순으로 나타났습니다. 특히 '일본' 관련 이슈가 가장 두드러졌으며, 대표 헤드라인은 ""日도 놀란 '스시자로' 열풍 확산…의료관광 성행[시사쇼]"" 입니다.",2026-09-20 09:10:44,성공,100,67,28,41.1
2026-09-20,아시아경제,사회,20,청년(32); 서울(31); 주민(31); 학생(27); 연구(26),"2026-09-20 아시아경제(사회) 기사 20건 분석 결과, 상위 키워드는 '청년'(32회), '서울'(31회), '주민'(31회), '학생'(27회), '연구'(26회) 순으로 나타났습니다. 특히 '청년' 관련 이슈가 가장 두드러졌으며, 대표 헤드라인은 ""157명 잡고 20억 묶었다…추석 열차표도 '매크로' 단속"" 입니다.",2026-09-20 09:11:01,성공,100,97,68,17.6
2026-09-20,아시아경제,문화,20,모차르트(49); 공장(40); 서울(33); 초파리(32); 지도(31),"2026-09-20 아시아경제(문화) 기사 20건 분석 결과, 상위 키워드는 '모차르트'(49회), '공장'(40회), '서울'(33회), '초파리'(32회), '지도'(31회) 순으로 나타났습니다. 특히 '모차르트' 관련 이슈가 가장 두드러졌으며, 대표 헤드라인은 """"추석 연휴 집에만 있긴 아쉬운데""…돈 안 들이고 즐기는 나들이[혜택의 정석]"" 입니다.",2026-09-20 09:11:18,성공,100,55,9,71.9
2026-09-20,아시아경제,세계,20,모차르트(49); 미국(40); 오픈(29); 러시아(27); 트럼프(25),"2026-09-20 아시아경제(세계) 기사 20건 분석 결과, 상위 키워드는 '모차르트'(49회), '미국'(40회), '오픈'(29회), '러시아'(27회), '트럼프'(25회) 순으로 나타났습니다. 특히 '모차르트' 관련 이슈가 가장 두드러졌으며, 대표 헤드라인은 ""호텔신라, 하노이에 5성급 호텔 '신로모노그램' 개장"" 입니다.",2026-09-20 09:11:34,성공,100,16,12,14.3
2026-09-20,아시아경제,IT과학,20,기업(47); 게임(47); 기술(42); 모델(42); 국방(35),"2026-09-20 아시아경제(IT과학) 기사 20건 분석 결과, 상위 키워드는 '기업'(47회), '게임'(47회), '기술'(42회), '모델'(42회), '국방'(35회) 순으로 나타났습니다. 특히 '기업' 관련 이슈가 가장 두드러졌으며, 대표 헤드라인은 """"클로드로 챗GPT 뚫었다""…시스템 침투까지 72시간"" 입니다.",2026-09-20 09:11:51,성공,100,39,0,100.0
2026-09-21,조선일보,주요뉴스,40,대통령(76); 농지(48); 국민(37); 개헌(30); 미국(29),"2026-09-21 조선일보(주요뉴스) 기사 40건 분석 결과, 상위 키워드는 '대통령'(76회), '농지'(48회), '국민'(37회), '개헌'(30회), '미국'(29회) 순으로 나타났습니다. 특히 '대통령' 관련 이슈가 가장 두드러졌으며, 대표 헤드라인은 ""[단독] 실수로 DMZ 넘은 육군 헬기… 소속 부대는 넘어간 줄도 몰랐다"" 입니다.",2026-09-21 09:00:38,성공,100,19,60,-51.9
2026-09-21,조선일보,이슈,20,미국(49); 대통령(44); 지역(40); 인사(38); 그린란드(38),"2026-09-21 조선일보(이슈) 기사 20건 분석 결과, 상위 키워드는 '미국'(49회), '대통령'(44회), '지역'(40회), '인사'(38회), '그린란드'(38회) 순으로 나타났습니다. 특히 '미국' 관련 이슈가 가장 두드러졌으며, 대표 헤드라인은 ""靑 인사참사에 ‘경기·성남라인’ 책임론"" 입니다.",2026-09-21 09:01:00,성공,100,85,34,42.9
2026-09-21,조선일보,정치,20,후보자(71); 대통령(66); 인사(45); 의원(35); 장관(32),"2026-09-21 조선일보(정치) 기사 20건 분석 결과, 상위 키워드는 '후보자'(71회), '대통령'(66회), '인사'(45회), '의원'(35회), '장관'(32회) 순으로 나타났습니다. 특히 '후보자' 관련 이슈가 가장 두드러졌으며, 대표 헤드라인은 ""연일 신경전 김민석·추미애, 오늘 與 예산정책협의회서 대면"" 입니다.",2026-09-21 09:01:20,성공,100,23,70,-50.5
2026-09-21,조선일보,경제,20,금리(77); 지역(56); 농지(48); 서울(45); 가격(45),"2026-09-21 조선일보(경제) 기사 20건 분석 결과, 상위 키워드는 '금리'(77회), '지역'(56회), '농지'(48회), '서울'(45회), '가격'(45회) 순으로 나타났습니다. 특히 '금리' 관련 이슈가 가장 두드러졌으며, 대표 헤드라인은 ""서울거래 지분 분산 추진...미래에셋·빗썸은?"" 입니다.",2026-09-21 09:01:41,성공,100,142,39,56.9
2026-09-21,조선일보,사회,20,교섭(29); 서울(23); 파업(20); 결정(18); 예산(17),"2026-09-21 조선일보(사회) 기사 20건 분석 결과, 상위 키워드는 '교섭'(29회), '서울'(23회), '파업'(20회), '결정'(18회), '예산'(17회) 순으로 나타났습니다. 특히 '교섭' 관련 이슈가 가장 두드러졌으며, 대표 헤드라인은 ""[단독] 파업 근로손실 44만일, 이미 작년 기록 넘어"" 입니다.",2026-09-21 09:02:03,성공,100,12,74,-72.1
2026-09-21,조선일보,문화,20,한국(31); 서울(26); 마라톤(22); 사랑(21); 전쟁(20),"2026-09-21 조선일보(문화) 기사 20건 분석 결과, 상위 키워드는 '한국'(31회), '서울'(26회), '마라톤'(22회), '사랑'(21회), '전쟁'(20회) 순으로 나타났습니다. 특히 '한국' 관련 이슈가 가장 두드러졌으며, 대표 헤드라인은 ""18세 피아니스트 이정우, 에네스쿠 콩쿠르 1위"" 입니다.",2026-09-21 09:02:24,성공,100,44,40,4.8
2026-09-21,조선일보,세계,20,게임(52); 아시안(51); 한국(46); 금메달(37); 남자(32),"2026-09-21 조선일보(세계) 기사 20건 분석 결과, 상위 키워드는 '게임'(52회), '아시안'(51회), '한국'(46회), '금메달'(37회), '남자'(32회) 순으로 나타났습니다. 특히 '게임' 관련 이슈가 가장 두드러졌으며, 대표 헤드라인은 ""결승전 당일 황당한 ‘버스 노쇼’… 조직위 미숙한 대회 운영 ‘눈살’"" 입니다.",2026-09-21 09:02:45,성공,100,59,23,43.9
2026-09-21,조선일보,IT과학,20,기업(41); 기술(40); 오픈(32); 킬 스위치(31); 개발(31),"2026-09-21 조선일보(IT과학) 기사 20건 분석 결과, 상위 키워드는 '기업'(41회), '기술'(40회), '오픈'(32회), '킬 스위치'(31회), '개발'(31회) 순으로 나타났습니다. 특히 '기업' 관련 이슈가 가장 두드러졌으며, 대표 헤드라인은 ""바둑 AI부터 코지피티·카나나까지… AI 사업 연전연패 빠진 카카오"" 입니다.",2026-09-21 09:03:07,성공,100,34,58,-26.1
2026-09-21,문화일보,주요뉴스,40,지지(38); 조사(37); 대통령(34); 국민(28); 의원(27),"2026-09-21 문화일보(주요뉴스) 기사 40건 분석 결과, 상위 키워드는 '지지'(38회), '조사'(37회), '대통령'(34회), '국민'(28회), '의원'(27회) 순으로 나타났습니다. 특히 '지지' 관련 이슈가 가장 두드러졌으며, 대표 헤드라인은 ""속보기자회견 효과? 지지율 34.8%…1%p반등 -리얼미터"" 입니다.",2026-09-21 09:03:28,성공,100,30,66,-37.5
2026-09-21,문화일보,이슈,20,후보자(27); 대통령(25); 정부(23); 지지(22); 민주당(22),"2026-09-21 문화일보(이슈) 기사 20건 분석 결과, 상위 키워드는 '후보자'(27회), '대통령'(25회), '정부'(23회), '지지'(22회), '민주당'(22회) 순으로 나타났습니다. 특히 '후보자' 관련 이슈가 가장 두드러졌으며, 대표 헤드라인은 ""김근식 “김승원 사퇴, 이 대통령 무섭습니다” 무슨 말?"" 입니다.",2026-09-21 09:03:50,성공,100,24,92,-58.6
2026-09-21,문화일보,정치,20,전쟁(46); 대통령(41); 국민(40); 후보자(38); 정부(37),"2026-09-21 문화일보(정치) 기사 20건 분석 결과, 상위 키워드는 '전쟁'(46회), '대통령'(41회), '국민'(40회), '후보자'(38회), '정부'(37회) 순으로 나타났습니다. 특히 '전쟁' 관련 이슈가 가장 두드러졌으며, 대표 헤드라인은 ""[속보]기자회견 효과? 지지율 34.8%…1%p반등 -리얼미터"" 입니다.",2026-09-21 09:04:12,성공,100,32,109,-54.6
2026-09-21,문화일보,경제,20,게임(33); 기업(25); 일본(24); 주주(20); 개발(20),"2026-09-21 문화일보(경제) 기사 20건 분석 결과, 상위 키워드는 '게임'(33회), '기업'(25회), '일본'(24회), '주주'(20회), '개발'(20회) 순으로 나타났습니다. 특히 '게임' 관련 이슈가 가장 두드러졌으며, 대표 헤드라인은 ""‘이번 추석, 휴게소 패스할까?’…호두과자도 5000원 넘었다..‘휴게소 인플레?’"" 입니다.",2026-09-21 09:04:34,성공,100,58,7,78.5
2026-09-21,문화일보,사회,20,서울(49); 접종(46); 도시(29); 지원(24); 예방(22),"2026-09-21 문화일보(사회) 기사 20건 분석 결과, 상위 키워드는 '서울'(49회), '접종'(46회), '도시'(29회), '지원'(24회), '예방'(22회) 순으로 나타났습니다. 특히 '서울' 관련 이슈가 가장 두드러졌으며, 대표 헤드라인은 ""“유치원 졸업도 전인데? 금수저 ‘억대 연봉’ 받는 미성년 사장 21명”"" 입니다.",2026-09-21 09:04:55,성공,100,101,23,62.9
2026-09-21,문화일보,문화,20,거래(26); 현지(18); 한국(16); 니체(15); 뉴욕(15),"2026-09-21 문화일보(문화) 기사 20건 분석 결과, 상위 키워드는 '거래'(26회), '현지'(18회), '한국'(16회), '니체'(15회), '뉴욕'(15회) 순으로 나타났습니다. 특히 '거래' 관련 이슈가 가장 두드러졌으며, 대표 헤드라인은 ""이정우, 제오르제 에네스쿠 콩쿠르 피아노 부문 우승…특별상 5개 석권"" 입니다.",2026-09-21 09:05:17,성공,100,26,17,20.9
2026-09-21,문화일보,세계,20,한국(47); 일본(44); 트럼프(31); 대회(29); 아시안(26),"2026-09-21 문화일보(세계) 기사 20건 분석 결과, 상위 키워드는 '한국'(47회), '일본'(44회), '트럼프'(31회), '대회'(29회), '아시안'(26회) 순으로 나타났습니다. 특히 '한국' 관련 이슈가 가장 두드러졌으며, 대표 헤드라인은 ""테슬라 자율주행 97㎞/h로 고속도 잠든男의 최후"" 입니다.",2026-09-21 09:05:38,성공,100,41,30,15.5
2026-09-21,문화일보,IT과학,20,게임(35); 반도체(34); 아이폰(33); 기업(28); 투자(24),"2026-09-21 문화일보(IT과학) 기사 20건 분석 결과, 상위 키워드는 '게임'(35회), '반도체'(34회), '아이폰'(33회), '기업'(28회), '투자'(24회) 순으로 나타났습니다. 특히 '게임' 관련 이슈가 가장 두드러졌으며, 대표 헤드라인은 ""대기업 병역특례, 14년 만에 부활…삼성·LG 등 4곳 추천"" 입니다.",2026-09-21 09:06:00,성공,100,63,15,61.5
2026-09-21,매일신문,주요뉴스,40,대통령(53); 후보자(51); 농지(45); 조사(35); 인사(35),"2026-09-21 매일신문(주요뉴스) 기사 40건 분석 결과, 상위 키워드는 '대통령'(53회), '후보자'(51회), '농지'(45회), '조사'(35회), '인사'(35회) 순으로 나타났습니다. 특히 '대통령' 관련 이슈가 가장 두드러졌으며, 대표 헤드라인은 ""李대통령 지지율 34.8% '반등'…민주당, 국힘에 오차범위 내 재역전"" 입니다.",2026-09-21 09:06:22,성공,100,31,145,-64.8
2026-09-21,매일신문,이슈,20,후보자(37); 민주당(25); 인사(25); 의혹(24); 조회(21),"2026-09-21 매일신문(이슈) 기사 20건 분석 결과, 상위 키워드는 '후보자'(37회), '민주당'(25회), '인사'(25회), '의혹'(24회), '조회'(21회) 순으로 나타났습니다. 특히 '후보자' 관련 이슈가 가장 두드러졌으며, 대표 헤드라인은 """"탄원서 몰랐다""던 김승원, 거짓말이었나…사퇴 전날 前보좌관 만났다조회수13,303"" 입니다.",2026-09-21 09:06:44,성공,100,22,90,-60.7
2026-09-21,매일신문,정치,20,대통령(85); 농지(45); 북한(34); 조사(33); 회견(32),"2026-09-21 매일신문(정치) 기사 20건 분석 결과, 상위 키워드는 '대통령'(85회), '농지'(45회), '북한'(34회), '조사'(33회), '회견'(32회) 순으로 나타났습니다. 특히 '대통령' 관련 이슈가 가장 두드러졌으며, 대표 헤드라인은 ""농지 전수조사 논란에 속도 낸 당정…李 회견 사흘 만 보완책(종합)"" 입니다.",2026-09-21 09:07:05,성공,100,37,79,-36.2
2026-09-21,매일신문,경제,20,시장(58); 반도체(58); 산업(41); 명절(33); 가격(32),"2026-09-21 매일신문(경제) 기사 20건 분석 결과, 상위 키워드는 '시장'(58회), '반도체'(58회), '산업'(41회), '명절'(33회), '가격'(32회) 순으로 나타났습니다. 특히 '시장' 관련 이슈가 가장 두드러졌으며, 대표 헤드라인은 ""당정 ""농지 투기 엄단, 관행 위반은 양성화"""" 입니다.",2026-09-21 09:07:26,성공,100,105,32,53.3
2026-09-21,매일신문,사회,20,달성군(26); 사업(25); 지역(24); 부산(23); 지원(19),"2026-09-21 매일신문(사회) 기사 20건 분석 결과, 상위 키워드는 '달성군'(26회), '사업'(25회), '지역'(24회), '부산'(23회), '지원'(19회) 순으로 나타났습니다. 특히 '달성군' 관련 이슈가 가장 두드러졌으며, 대표 헤드라인은 ""경북 칠곡군 북삼읍 지역사회보장협의체…추석 명절 식료품 꾸러미 나눔 행사"" 입니다.",2026-09-21 09:07:49,성공,100,72,34,35.8
2026-09-21,매일신문,문화,20,대구(74); 여권(25); 바람(21); 풍경(20); 문화(19),"2026-09-21 매일신문(문화) 기사 20건 분석 결과, 상위 키워드는 '대구'(74회), '여권'(25회), '바람'(21회), '풍경'(20회), '문화'(19회) 순으로 나타났습니다. 특히 '대구' 관련 이슈가 가장 두드러졌으며, 대표 헤드라인은 ""[오동욱의 대구문화 오디세이] 원래 '못'이었던 대구의 공간"" 입니다.",2026-09-21 09:08:10,성공,100,45,7,73.1
2026-09-21,매일신문,세계,20,아시안(46); 게임(46); 나고야(46); 일본(44); 한국(43),"2026-09-21 매일신문(세계) 기사 20건 분석 결과, 상위 키워드는 '아시안'(46회), '게임'(46회), '나고야'(46회), '일본'(44회), '한국'(43회) 순으로 나타났습니다. 특히 '아시안' 관련 이슈가 가장 두드러졌으며, 대표 헤드라인은 ""'시진핑 사망' '뇌졸중·301병원' '걸음걸이 이상'…꼬리 무는 소문, 어디까지 사실?"" 입니다.",2026-09-21 09:08:32,성공,100,47,19,42.4
2026-09-21,매일신문,IT과학,20,반도체(39); 버스(35); 모델(34); 기업(31); 개발(28),"2026-09-21 매일신문(IT과학) 기사 20건 분석 결과, 상위 키워드는 '반도체'(39회), '버스'(35회), '모델'(34회), '기업'(31회), '개발'(28회) 순으로 나타났습니다. 특히 '반도체' 관련 이슈가 가장 두드러졌으며, 대표 헤드라인은 ""구글 제미나이, 보안 시험 중 기업 3곳 무단 해킹…4달이나 지나 알려져"" 입니다.",2026-09-21 09:08:54,성공,100,48,39,10.3
2026-09-21,데일리안,주요뉴스,40,후보자(73); 의원(53); 대통령(44); 사퇴(41); 인사(37),"2026-09-21 데일리안(주요뉴스) 기사 40건 분석 결과, 상위 키워드는 '후보자'(73회), '의원'(53회), '대통령'(44회), '사퇴'(41회), '인사'(37회) 순으로 나타났습니다. 특히 '후보자' 관련 이슈가 가장 두드러졌으며, 대표 헤드라인은 ""'잘된 인사'라던 김승원 자진 사퇴…민주당, 뒷수습 어쩌나"" 입니다.",2026-09-21 09:09:17,성공,100,47,131,-47.2
2026-09-21,데일리안,이슈,20,금리(67); 대출(39); 발레(37); 투자자(26); 의원(25),"2026-09-21 데일리안(이슈) 기사 20건 분석 결과, 상위 키워드는 '금리'(67회), '대출'(39회), '발레'(37회), '투자자'(26회), '의원'(25회) 순으로 나타났습니다. 특히 '금리' 관련 이슈가 가장 두드러졌으며, 대표 헤드라인은 ""장동혁 ""국민이 용혜인·김승원 쫓아내…강신철 지명 철회해야"" 등 [9/21(월) 데일리안 출근길 뉴스]"" 입니다.",2026-09-21 09:09:38,성공,100,91,57,23.0
2026-09-21,데일리안,정치,20,의원(68); 북한(60); 후보자(55); 발사(49); 대통령(45),"2026-09-21 데일리안(정치) 기사 20건 분석 결과, 상위 키워드는 '의원'(68회), '북한'(60회), '후보자'(55회), '발사'(49회), '대통령'(45회) 순으로 나타났습니다. 특히 '의원' 관련 이슈가 가장 두드러졌으며, 대표 헤드라인은 ""5선 박지원, 추미애 직격…""민주당의 장동혁 되지 말라"""" 입니다.",2026-09-21 09:10:00,성공,100,42,128,-50.6
2026-09-21,데일리안,경제,20,금리(73); 농지(43); 은행(32); 시장(31); 투자자(29),"2026-09-21 데일리안(경제) 기사 20건 분석 결과, 상위 키워드는 '금리'(73회), '농지'(43회), '은행'(32회), '시장'(31회), '투자자'(29회) 순으로 나타났습니다. 특히 '금리' 관련 이슈가 가장 두드러졌으며, 대표 헤드라인은 ""4분기 전기요금 동결…연료비 조정단가 5원 유지"" 입니다.",2026-09-21 09:10:21,성공,100,68,24,47.8
2026-09-21,데일리안,사회,20,서울(53); 도시(37); 학생(25); 유학(20); 개발(19),"2026-09-21 데일리안(사회) 기사 20건 분석 결과, 상위 키워드는 '서울'(53회), '도시'(37회), '학생'(25회), '유학'(20회), '개발'(19회) 순으로 나타났습니다. 특히 '서울' 관련 이슈가 가장 두드러졌으며, 대표 헤드라인은 ""서울 서초구, 28만 관객과 함께한 '2026 서리풀뮤직페스티벌' 성황리 개최"" 입니다.",2026-09-21 09:10:43,성공,100,80,41,32.2
2026-09-21,데일리안,문화,20,교통(27); 운영(26); 서울(25); 데일리안(24); 드라마(22),"2026-09-21 데일리안(문화) 기사 20건 분석 결과, 상위 키워드는 '교통'(27회), '운영'(26회), '서울'(25회), '데일리안'(24회), '드라마'(22회) 순으로 나타났습니다. 특히 '교통' 관련 이슈가 가장 두드러졌으며, 대표 헤드라인은 ""판도라, '탈리스만 조디악' 등 신규 주얼리 컬렉션 공개"" 입니다.",2026-09-21 09:11:06,성공,100,67,11,71.8
2026-09-21,데일리안,세계,20,한국(38); 이란(35); 일본(34); 금메달(32); 미국(31),"2026-09-21 데일리안(세계) 기사 20건 분석 결과, 상위 키워드는 '한국'(38회), '이란'(35회), '일본'(34회), '금메달'(32회), '미국'(31회) 순으로 나타났습니다. 특히 '한국' 관련 이슈가 가장 두드러졌으며, 대표 헤드라인은 ""이란 “美, 대규모 공격 준비…돕는 나라도 전쟁 당사자” 보복 경고"" 입니다.",2026-09-21 09:11:28,성공,100,93,41,38.8
2026-09-21,데일리안,IT과학,20,고객(72); 콘텐츠(50); 기술(50); 활용(43); 게임(40),"2026-09-21 데일리안(IT과학) 기사 20건 분석 결과, 상위 키워드는 '고객'(72회), '콘텐츠'(50회), '기술'(50회), '활용'(43회), '게임'(40회) 순으로 나타났습니다. 특히 '고객' 관련 이슈가 가장 두드러졌으며, 대표 헤드라인은 ""LG유플러스, 크리에이터와 도쿄行…글로벌 콘텐츠 제작 역량 키운다"" 입니다.",2026-09-21 09:11:49,성공,100,84,9,80.6
2026-09-21,아시아경제,주요뉴스,40,기업(83); 구조(78); 조정(72); 금리(56); 공장(41),"2026-09-21 아시아경제(주요뉴스) 기사 40건 분석 결과, 상위 키워드는 '기업'(83회), '구조'(78회), '조정'(72회), '금리'(56회), '공장'(41회) 순으로 나타났습니다. 특히 '기업' 관련 이슈가 가장 두드러졌으며, 대표 헤드라인은 ""보너스 받아서 자사주 12억어치 폭풍 매수…'매출 15조 비전' 아모레 리더들"" 입니다.",2026-09-21 09:12:10,성공,100,97,55,27.6
2026-09-21,아시아경제,이슈,20,기업(43); 공장(40); 일본(39); 매수(32); 대출(30),"2026-09-21 아시아경제(이슈) 기사 20건 분석 결과, 상위 키워드는 '기업'(43회), '공장'(40회), '일본'(39회), '매수'(32회), '대출'(30회) 순으로 나타났습니다. 특히 '기업' 관련 이슈가 가장 두드러졌으며, 대표 헤드라인은 ""런던, 도쿄 제치고 첫 1위…외신 ""서울이 새로운 파리가 되고 있다"""" 입니다.",2026-09-21 09:12:33,성공,100,52,66,-11.9
2026-09-21,아시아경제,정치,20,발사(64); 미사일(60); 북한(59); 탄도(43); 조사(21),"2026-09-21 아시아경제(정치) 기사 20건 분석 결과, 상위 키워드는 '발사'(64회), '미사일'(60회), '북한'(59회), '탄도'(43회), '조사'(21회) 순으로 나타났습니다. 특히 '발사' 관련 이슈가 가장 두드러졌으며, 대표 헤드라인은 ""[포토] 발언하는 장동혁 대표"" 입니다.",2026-09-21 09:12:53,성공,100,8,9,-5.9
2026-09-21,아시아경제,경제,20,버터(19); 임상(18); 미국(17); 지원(15); 환자(15),"2026-09-21 아시아경제(경제) 기사 20건 분석 결과, 상위 키워드는 '버터'(19회), '임상'(18회), '미국'(17회), '지원'(15회), '환자'(15회) 순으로 나타났습니다. 특히 '버터' 관련 이슈가 가장 두드러졌으며, 대표 헤드라인은 ""롯데케미칼, 국립공원공단과 여수 금오도 해초지 복원사업 추진"" 입니다.",2026-09-21 09:13:14,성공,100,71,0,100.0
2026-09-21,아시아경제,사회,20,농지(46); 서버(25); 간호사(22); 양육비(21); 학생(18),"2026-09-21 아시아경제(사회) 기사 20건 분석 결과, 상위 키워드는 '농지'(46회), '서버'(25회), '간호사'(22회), '양육비'(21회), '학생'(18회) 순으로 나타났습니다. 특히 '농지' 관련 이슈가 가장 두드러졌으며, 대표 헤드라인은 ""부산교육청, 방과후·돌봄 한 곳서… 출결도 실시간 확인"" 입니다.",2026-09-21 09:13:35,성공,100,42,32,13.5
2026-09-21,아시아경제,문화,20,교육(31); 현대차(29); 안전(28); 콩쿠르(23); 브랜드(22),"2026-09-21 아시아경제(문화) 기사 20건 분석 결과, 상위 키워드는 '교육'(31회), '현대차'(29회), '안전'(28회), '콩쿠르'(23회), '브랜드'(22회) 순으로 나타났습니다. 특히 '교육' 관련 이슈가 가장 두드러졌으며, 대표 헤드라인은 ""지뢰밭서 나온 국내 최고(最古) 화약무기"" 입니다.",2026-09-21 09:13:57,성공,100,152,0,100.0
2026-09-21,아시아경제,세계,20,나고야(33); 일본(33); 한국(32); 남자(27); 아이치(23),"2026-09-21 아시아경제(세계) 기사 20건 분석 결과, 상위 키워드는 '나고야'(33회), '일본'(33회), '한국'(32회), '남자'(27회), '아이치'(23회) 순으로 나타났습니다. 특히 '나고야' 관련 이슈가 가장 두드러졌으며, 대표 헤드라인은 ""다크웹에 대통령 정보까지…개인정보 '4억건' 유출 의혹에 코스타리카 술렁"" 입니다.",2026-09-21 09:14:18,성공,100,36,19,30.9
2026-09-21,아시아경제,IT과학,20,연구(69); 발사(56); 우주(43); 교수(40); 과학(34),"2026-09-21 아시아경제(IT과학) 기사 20건 분석 결과, 상위 키워드는 '연구'(69회), '발사'(56회), '우주'(43회), '교수'(40회), '과학'(34회) 순으로 나타났습니다. 특히 '연구' 관련 이슈가 가장 두드러졌으며, 대표 헤드라인은 ""레카네맙, 한국인 안전성 분석…""이상반응 대부분 경증·무증상"""" 입니다.",2026-09-21 09:14:38,성공,100,46,0,100.0
2026-09-22,조선일보,주요뉴스,40,대통령(64); 청와대(53); 실장(44); 의원(39); 인사(38),"2026-09-22 조선일보(주요뉴스) 기사 40건 분석 결과, 상위 키워드는 '대통령'(64회), '청와대'(53회), '실장'(44회), '의원'(39회), '인사'(38회) 순으로 나타났습니다. 특히 '대통령' 관련 이슈가 가장 두드러졌으며, 대표 헤드라인은 ""[속보] 李대통령, 이형일·강신철·홍지선 장관 임명안 재가"" 입니다.",2026-09-22 09:00:34,성공,100,37,110,-49.7
2026-09-22,조선일보,이슈,20,대통령(54); 의원(39); 청와대(38); 미국(38); 지뢰(35),"2026-09-22 조선일보(이슈) 기사 20건 분석 결과, 상위 키워드는 '대통령'(54회), '의원'(39회), '청와대'(38회), '미국'(38회), '지뢰'(35회) 순으로 나타났습니다. 특히 '대통령' 관련 이슈가 가장 두드러졌으며, 대표 헤드라인은 ""여의도에 돌던 김승원 성추행 의혹… 靑도 與도 몰랐나"" 입니다.",2026-09-22 09:00:54,성공,100,44,136,-51.1
2026-09-22,조선일보,정치,20,대통령(90); 청와대(64); 의원(60); 인사(47); 실장(45),"2026-09-22 조선일보(정치) 기사 20건 분석 결과, 상위 키워드는 '대통령'(90회), '청와대'(64회), '의원'(60회), '인사'(47회), '실장'(45회) 순으로 나타났습니다. 특히 '대통령' 관련 이슈가 가장 두드러졌으며, 대표 헤드라인은 ""[속보] 李대통령, 이형일·강신철·홍지선 장관 임명안 재가"" 입니다.",2026-09-22 09:01:12,성공,100,8,115,-87.0
2026-09-22,조선일보,경제,20,금리(53); 대출(52); 정부(49); 은행(47); 투자(46),"2026-09-22 조선일보(경제) 기사 20건 분석 결과, 상위 키워드는 '금리'(53회), '대출'(52회), '정부'(49회), '은행'(47회), '투자'(46회) 순으로 나타났습니다. 특히 '금리' 관련 이슈가 가장 두드러졌으며, 대표 헤드라인은 ""美 금리 인상과 ‘클래리티법’ 불발 악재에도 8개월만에 8만5000달러 회복한 비트코인"" 입니다.",2026-09-22 09:01:30,성공,100,127,45,47.7
2026-09-22,조선일보,사회,20,수사(37); 의료(34); 의사(34); 경찰(25); 보건소(25),"2026-09-22 조선일보(사회) 기사 20건 분석 결과, 상위 키워드는 '수사'(37회), '의료'(34회), '의사'(34회), '경찰'(25회), '보건소'(25회) 순으로 나타났습니다. 특히 '수사' 관련 이슈가 가장 두드러졌으며, 대표 헤드라인은 ""[단독] 검찰, ‘라임 사태’ 김봉현 도피 도운 친누나 1심 무죄에 항소"" 입니다.",2026-09-22 09:01:49,성공,100,19,127,-74.0
2026-09-22,조선일보,문화,20,연극(34); 극장(28); 한국(24); 공연(24); 이승철(19),"2026-09-22 조선일보(문화) 기사 20건 분석 결과, 상위 키워드는 '연극'(34회), '극장'(28회), '한국'(24회), '공연'(24회), '이승철'(19회) 순으로 나타났습니다. 특히 '연극' 관련 이슈가 가장 두드러졌으며, 대표 헤드라인은 ""[함영준의 마음PT] 혼탁한 현실, 왜 26년 전 마하티르 총리가 떠올랐을까"" 입니다.",2026-09-22 09:02:09,성공,100,31,20,21.6
2026-09-22,조선일보,세계,20,한국(48); 일본(41); 대표(37); 대회(34); 선수(34),"2026-09-22 조선일보(세계) 기사 20건 분석 결과, 상위 키워드는 '한국'(48회), '일본'(41회), '대표'(37회), '대회'(34회), '선수'(34회) 순으로 나타났습니다. 특히 '한국' 관련 이슈가 가장 두드러졌으며, 대표 헤드라인은 ""美언론, 출입금지에 취재 거부... 트럼프 연설 목소리 안 나왔다"" 입니다.",2026-09-22 09:02:27,성공,100,42,13,52.7
2026-09-22,조선일보,IT과학,20,게임(53); 카카오(38); 중국(30); 모델(27); 메모리(23),"2026-09-22 조선일보(IT과학) 기사 20건 분석 결과, 상위 키워드는 '게임'(53회), '카카오'(38회), '중국'(30회), '모델'(27회), '메모리'(23회) 순으로 나타났습니다. 특히 '게임' 관련 이슈가 가장 두드러졌으며, 대표 헤드라인은 ""위험한 지시 100번 중 97번 시도…AI에 로봇을 맡겨도 될까"" 입니다.",2026-09-22 09:02:44,성공,100,31,19,24.0
2026-09-22,문화일보,주요뉴스,40,대통령(32); 추석(26); 연휴(21); 한국(20); 의원(20),"2026-09-22 문화일보(주요뉴스) 기사 40건 분석 결과, 상위 키워드는 '대통령'(32회), '추석'(26회), '연휴'(21회), '한국'(20회), '의원'(20회) 순으로 나타났습니다. 특히 '대통령' 관련 이슈가 가장 두드러졌으며, 대표 헤드라인은 ""[속보]뉴욕간 대통령의 SNS “강남불패는 과거 이야기”"" 입니다.",2026-09-22 09:03:03,성공,100,28,34,-9.7
2026-09-22,문화일보,이슈,20,의원(24); 대통령(21); 한국(19); 공휴일(16); 경기(16),"2026-09-22 문화일보(이슈) 기사 20건 분석 결과, 상위 키워드는 '의원'(24회), '대통령'(21회), '한국'(19회), '공휴일'(16회), '경기'(16회) 순으로 나타났습니다. 특히 '의원' 관련 이슈가 가장 두드러졌으며, 대표 헤드라인은 ""14천대1 뚫고 들어간 ‘하닉’ 신입 4명 입사하자마자 해고, 왜?"" 입니다.",2026-09-22 09:03:22,성공,100,23,39,-25.8
2026-09-22,문화일보,정치,20,대통령(76); 의원(37); 지뢰(29); 국내(26); 사업(23),"2026-09-22 문화일보(정치) 기사 20건 분석 결과, 상위 키워드는 '대통령'(76회), '의원'(37회), '지뢰'(29회), '국내'(26회), '사업'(23회) 순으로 나타났습니다. 특히 '대통령' 관련 이슈가 가장 두드러졌으며, 대표 헤드라인은 ""[속보]뉴욕간 대통령의 SNS “강남불패는 과거 이야기”"" 입니다.",2026-09-22 09:03:41,성공,100,20,73,-57.0
2026-09-22,문화일보,경제,20,시장(33); 정비(23); 예약(19); 중국(19); 해제(17),"2026-09-22 문화일보(경제) 기사 20건 분석 결과, 상위 키워드는 '시장'(33회), '정비'(23회), '예약'(19회), '중국'(19회), '해제'(17회) 순으로 나타났습니다. 특히 '시장' 관련 이슈가 가장 두드러졌으며, 대표 헤드라인은 ""[속보]뉴욕간 대통령의 SNS “강남불패는 과거 이야기”"" 입니다.",2026-09-22 09:04:02,성공,100,59,28,35.6
2026-09-22,문화일보,사회,20,지역(47); 추진(34); 주민(30); 운영(24); 대학(23),"2026-09-22 문화일보(사회) 기사 20건 분석 결과, 상위 키워드는 '지역'(47회), '추진'(34회), '주민'(30회), '운영'(24회), '대학'(23회) 순으로 나타났습니다. 특히 '지역' 관련 이슈가 가장 두드러졌으며, 대표 헤드라인은 ""남양주시, 추석 명절 앞두고 취약계층 6586가구 지원"" 입니다.",2026-09-22 09:04:21,성공,100,119,12,81.7
2026-09-22,문화일보,문화,20,음악(28); 전시(24); 한국(22); 시인(21); 지도(20),"2026-09-22 문화일보(문화) 기사 20건 분석 결과, 상위 키워드는 '음악'(28회), '전시'(24회), '한국'(22회), '시인'(21회), '지도'(20회) 순으로 나타났습니다. 특히 '음악' 관련 이슈가 가장 두드러졌으며, 대표 헤드라인은 ""기계식 주차장 안전 검사 탈락 656기 중 운행중지 명령은 152건…설비 노후화 속 안전 우려"" 입니다.",2026-09-22 09:04:39,성공,100,37,11,54.2
2026-09-22,문화일보,세계,20,한국(59); 대만(52); 경기(47); 일본(40); 아시안(32),"2026-09-22 문화일보(세계) 기사 20건 분석 결과, 상위 키워드는 '한국'(59회), '대만'(52회), '경기'(47회), '일본'(40회), '아시안'(32회) 순으로 나타났습니다. 특히 '한국' 관련 이슈가 가장 두드러졌으며, 대표 헤드라인은 ""“남한과 왜 악수안해?” 묻자 北감독 발끈 “이상한 질문 하는구만”"" 입니다.",2026-09-22 09:04:57,성공,100,37,28,13.8
2026-09-22,문화일보,IT과학,20,게임(52); 개발(25); 아이폰(25); 공개(24); 사업(24),"2026-09-22 문화일보(IT과학) 기사 20건 분석 결과, 상위 키워드는 '게임'(52회), '개발'(25회), '아이폰'(25회), '공개'(24회), '사업'(24회) 순으로 나타났습니다. 특히 '게임' 관련 이슈가 가장 두드러졌으며, 대표 헤드라인은 ""삼성전자 광주사업장 HVAC 생산라인 착공"" 입니다.",2026-09-22 09:05:18,성공,100,64,0,100.0
2026-09-22,매일신문,주요뉴스,40,대통령(43); 판사(43); 장관(42); 인사(37); 대표(37),"2026-09-22 매일신문(주요뉴스) 기사 40건 분석 결과, 상위 키워드는 '대통령'(43회), '판사'(43회), '장관'(42회), '인사'(37회), '대표'(37회) 순으로 나타났습니다. 특히 '대통령' 관련 이슈가 가장 두드러졌으며, 대표 헤드라인은 """"반바지 입어 깊이 반성""…연세대 치대생 반성문 공개 논란"" 입니다.",2026-09-22 09:05:38,성공,100,0,108,-100.0
2026-09-22,매일신문,이슈,20,대통령(37); 대표(37); 대학(34); 미국(33); 농지(29),"2026-09-22 매일신문(이슈) 기사 20건 분석 결과, 상위 키워드는 '대통령'(37회), '대표'(37회), '대학'(34회), '미국'(33회), '농지'(29회) 순으로 나타났습니다. 특히 '대통령' 관련 이슈가 가장 두드러졌으며, 대표 헤드라인은 ""117세 김다현에 ""노래 함부로 하는 것 아냐""…심수봉 ""입이 열 개라도 할 말 없다""조회수62,373"" 입니다.",2026-09-22 09:05:59,성공,100,33,100,-50.4
2026-09-22,매일신문,정치,20,대통령(63); 장관(40); 후보자(38); 국민(30); 인사(30),"2026-09-22 매일신문(정치) 기사 20건 분석 결과, 상위 키워드는 '대통령'(63회), '장관'(40회), '후보자'(38회), '국민'(30회), '인사'(30회) 순으로 나타났습니다. 특히 '대통령' 관련 이슈가 가장 두드러졌으며, 대표 헤드라인은 ""이재명 대통령, 미국서 이형일·강신철·홍지선 장관 임명안 재가"" 입니다.",2026-09-22 09:06:19,성공,100,0,114,-100.0
2026-09-22,매일신문,경제,20,휴게소(41); 지역(35); 대구(30); 업체(29); 추석(27),"2026-09-22 매일신문(경제) 기사 20건 분석 결과, 상위 키워드는 '휴게소'(41회), '지역'(35회), '대구'(30회), '업체'(29회), '추석'(27회) 순으로 나타났습니다. 특히 '휴게소' 관련 이슈가 가장 두드러졌으며, 대표 헤드라인은 ""'농지 전수 조사' 대구 농업인 한숨…""지방 현실 반영을"""" 입니다.",2026-09-22 09:06:40,성공,100,105,37,47.9
2026-09-22,매일신문,사회,20,대학(47); 교육(46); 판사(44); 법원(30); 농지(29),"2026-09-22 매일신문(사회) 기사 20건 분석 결과, 상위 키워드는 '대학'(47회), '교육'(46회), '판사'(44회), '법원'(30회), '농지'(29회) 순으로 나타났습니다. 특히 '대학' 관련 이슈가 가장 두드러졌으며, 대표 헤드라인은 """"반바지 입어 깊이 반성""…연세대 치대생 반성문 공개 논란"" 입니다.",2026-09-22 09:07:00,성공,100,23,100,-62.6
2026-09-22,매일신문,문화,20,대구(58); 조선(24); 기록(24); 오페라(22); 전시(21),"2026-09-22 매일신문(문화) 기사 20건 분석 결과, 상위 키워드는 '대구'(58회), '조선'(24회), '기록'(24회), '오페라'(22회), '전시'(21회) 순으로 나타났습니다. 특히 '대구' 관련 이슈가 가장 두드러졌으며, 대표 헤드라인은 ""대구메세나협회 창립 3주년…클라리넷 선율로 시민과 만난다"" 입니다.",2026-09-22 09:07:19,성공,100,50,5,81.8
2026-09-22,매일신문,세계,20,트럼프(60); 이란(52); 대통령(51); 미국(44); 선거(29),"2026-09-22 매일신문(세계) 기사 20건 분석 결과, 상위 키워드는 '트럼프'(60회), '이란'(52회), '대통령'(51회), '미국'(44회), '선거'(29회) 순으로 나타났습니다. 특히 '트럼프' 관련 이슈가 가장 두드러졌으며, 대표 헤드라인은 """"이란 전체 날려버릴 수도""…트럼프 초강경 경고에 이란 ""미군기지 보복"""" 입니다.",2026-09-22 09:07:37,성공,100,0,39,-100.0
2026-09-22,매일신문,IT과학,20,반도체(37); 버스(35); 모델(33); 기업(27); 산업(27),"2026-09-22 매일신문(IT과학) 기사 20건 분석 결과, 상위 키워드는 '반도체'(37회), '버스'(35회), '모델'(33회), '기업'(27회), '산업'(27회) 순으로 나타났습니다. 특히 '반도체' 관련 이슈가 가장 두드러졌으며, 대표 헤드라인은 ""휴게소 초급속 15분 vs 50kW 90분… 충전요금도 294원 대 530원"" 입니다.",2026-09-22 09:07:57,성공,100,54,37,18.7
2026-09-22,데일리안,주요뉴스,40,대통령(68); 후보자(55); 재단(43); 자산(40); 임명(38),"2026-09-22 데일리안(주요뉴스) 기사 40건 분석 결과, 상위 키워드는 '대통령'(68회), '후보자'(55회), '재단'(43회), '자산'(40회), '임명'(38회) 순으로 나타났습니다. 특히 '대통령' 관련 이슈가 가장 두드러졌으며, 대표 헤드라인은 ""[데스크칼럼] ‘실거주’ 외치더니 최대 3년3개월 유예…꼬이는 부동산 정책"" 입니다.",2026-09-22 09:08:17,성공,100,11,85,-77.1
2026-09-22,데일리안,이슈,20,대통령(57); 금리(54); 후보자(53); 시장(34); 임명(32),"2026-09-22 데일리안(이슈) 기사 20건 분석 결과, 상위 키워드는 '대통령'(57회), '금리'(54회), '후보자'(53회), '시장'(34회), '임명'(32회) 순으로 나타났습니다. 특히 '대통령' 관련 이슈가 가장 두드러졌으며, 대표 헤드라인은 ""[속보] 李대통령, 이형일·강신철·홍지선 장관 임명안 재가"" 입니다.",2026-09-22 09:08:37,성공,100,75,96,-12.3
2026-09-22,데일리안,정치,20,대통령(125); 후보자(75); 인사(63); 대표(56); 실장(54),"2026-09-22 데일리안(정치) 기사 20건 분석 결과, 상위 키워드는 '대통령'(125회), '후보자'(75회), '인사'(63회), '대표'(56회), '실장'(54회) 순으로 나타났습니다. 특히 '대통령' 관련 이슈가 가장 두드러졌으며, 대표 헤드라인은 ""[속보] 李대통령, 이형일·강신철·홍지선 장관 임명안 재가"" 입니다.",2026-09-22 09:08:56,성공,100,37,180,-65.9
2026-09-22,데일리안,경제,20,금리(72); 시장(49); 금융(48); 연체(36); 확대(36),"2026-09-22 데일리안(경제) 기사 20건 분석 결과, 상위 키워드는 '금리'(72회), '시장'(49회), '금융'(48회), '연체'(36회), '확대'(36회) 순으로 나타났습니다. 특히 '금리' 관련 이슈가 가장 두드러졌으며, 대표 헤드라인은 ""셀트리온, 인천 송도캠퍼스 생산량 '15%' 늘린다"" 입니다.",2026-09-22 09:09:15,성공,100,155,79,32.5
2026-09-22,데일리안,사회,20,취소(31); 공소(29); 수사(28); 환경(26); 사용(24),"2026-09-22 데일리안(사회) 기사 20건 분석 결과, 상위 키워드는 '취소'(31회), '공소'(29회), '수사'(28회), '환경'(26회), '사용'(24회) 순으로 나타났습니다. 특히 '취소' 관련 이슈가 가장 두드러졌으며, 대표 헤드라인은 ""‘제4회 지구하다 페스티벌’ 성료…시민·기업 참여 환경교육"" 입니다.",2026-09-22 09:09:35,성공,100,24,138,-70.4
2026-09-22,데일리안,문화,20,치료(31); 영구(23); 생산(20); 연구(19); 배우(19),"2026-09-22 데일리안(문화) 기사 20건 분석 결과, 상위 키워드는 '치료'(31회), '영구'(23회), '생산'(20회), '연구'(19회), '배우'(19회) 순으로 나타났습니다. 특히 '치료' 관련 이슈가 가장 두드러졌으며, 대표 헤드라인은 ""셀트리온, 인천 송도캠퍼스 생산량 '15%' 늘린다"" 입니다.",2026-09-22 09:09:55,성공,100,39,0,100.0
2026-09-22,데일리안,세계,20,트럼프(35); 미국(31); 대통령(27); 한국(26); 중국(25),"2026-09-22 데일리안(세계) 기사 20건 분석 결과, 상위 키워드는 '트럼프'(35회), '미국'(31회), '대통령'(27회), '한국'(26회), '중국'(25회) 순으로 나타났습니다. 특히 '트럼프' 관련 이슈가 가장 두드러졌으며, 대표 헤드라인은 ""“트럼프 안 찍는다”…美 방송사들 백악관 취재 보이콧·위헌소송"" 입니다.",2026-09-22 09:10:14,성공,100,36,16,38.5
2026-09-22,데일리안,IT과학,20,서비스(46); 기술(40); 게임(36); 고객(35); 기업(33),"2026-09-22 데일리안(IT과학) 기사 20건 분석 결과, 상위 키워드는 '서비스'(46회), '기술'(40회), '게임'(36회), '고객'(35회), '기업'(33회) 순으로 나타났습니다. 특히 '서비스' 관련 이슈가 가장 두드러졌으며, 대표 헤드라인은 ""KT, 개도국에 AI 교육 확산…AICE로 글로벌 인재 키운다"" 입니다.",2026-09-22 09:10:33,성공,100,129,25,67.5
2026-09-22,아시아경제,주요뉴스,40,구조(102); 조정(94); 기업(89); 사업(33); 선물(32),"2026-09-22 아시아경제(주요뉴스) 기사 40건 분석 결과, 상위 키워드는 '구조'(102회), '조정'(94회), '기업'(89회), '사업'(33회), '선물'(32회) 순으로 나타났습니다. 특히 '구조' 관련 이슈가 가장 두드러졌으며, 대표 헤드라인은 """"싼 맛에 자주 갔는데 찝찝하네""…유명 커피 프랜차이즈 줄줄이 걸렸다"" 입니다.",2026-09-22 09:10:52,성공,100,88,90,-1.1
2026-09-22,아시아경제,이슈,20,선물(31); 로봇(24); 추석(22); 계약(21); 데이터(21),"2026-09-22 아시아경제(이슈) 기사 20건 분석 결과, 상위 키워드는 '선물'(31회), '로봇'(24회), '추석'(22회), '계약'(21회), '데이터'(21회) 순으로 나타났습니다. 특히 '선물' 관련 이슈가 가장 두드러졌으며, 대표 헤드라인은 """"싼 맛에 자주 갔는데 찝찝하네""…유명 커피 프랜차이즈 줄줄이 걸렸다"" 입니다.",2026-09-22 09:11:12,성공,100,29,47,-23.7
2026-09-22,아시아경제,정치,20,국무(37); 서울(31); 장관(27); 회의(19); 세종(17),"2026-09-22 아시아경제(정치) 기사 20건 분석 결과, 상위 키워드는 '국무'(37회), '서울'(31회), '장관'(27회), '회의'(19회), '세종'(17회) 순으로 나타났습니다. 특히 '국무' 관련 이슈가 가장 두드러졌으며, 대표 헤드라인은 ""[포토] 귀엣말 나누는 홍지선 국토부 장관"" 입니다.",2026-09-22 09:11:30,성공,100,24,0,100.0
2026-09-22,아시아경제,경제,20,서비스(36); 고객(27); 사업(26); 지원(19); 제품(17),"2026-09-22 아시아경제(경제) 기사 20건 분석 결과, 상위 키워드는 '서비스'(36회), '고객'(27회), '사업'(26회), '지원'(19회), '제품'(17회) 순으로 나타났습니다. 특히 '서비스' 관련 이슈가 가장 두드러졌으며, 대표 헤드라인은 """"바나나맛우유·메로나 알린다""…빙그레, 'K-엑스포 멕시코' 참여"" 입니다.",2026-09-22 09:11:49,성공,100,73,14,67.8
2026-09-22,아시아경제,사회,20,사업(49); 연구(40); 기술(39); 지원(38); 지역(26),"2026-09-22 아시아경제(사회) 기사 20건 분석 결과, 상위 키워드는 '사업'(49회), '연구'(40회), '기술'(39회), '지원'(38회), '지역'(26회) 순으로 나타났습니다. 특히 '사업' 관련 이슈가 가장 두드러졌으며, 대표 헤드라인은 ""'공공자원화시설' 해법 찾아라…'순천 시민 공론화 추진위' 첫걸음"" 입니다.",2026-09-22 09:12:09,성공,100,132,60,37.5
2026-09-22,아시아경제,문화,20,활용(21); 환경(18); 멕시코(17); 가능(17); 콘텐츠(16),"2026-09-22 아시아경제(문화) 기사 20건 분석 결과, 상위 키워드는 '활용'(21회), '환경'(18회), '멕시코'(17회), '가능'(17회), '콘텐츠'(16회) 순으로 나타났습니다. 특히 '활용' 관련 이슈가 가장 두드러졌으며, 대표 헤드라인은 ""K-컬처 중남미 공략…정부, 멕시코서 역대 최대 K-박람회"" 입니다.",2026-09-22 09:12:29,성공,100,75,0,100.0
2026-09-22,아시아경제,세계,20,한국(50); 트럼프(34); 미국(34); 대통령(32); 일본(31),"2026-09-22 아시아경제(세계) 기사 20건 분석 결과, 상위 키워드는 '한국'(50회), '트럼프'(34회), '미국'(34회), '대통령'(32회), '일본'(31회) 순으로 나타났습니다. 특히 '한국' 관련 이슈가 가장 두드러졌으며, 대표 헤드라인은 ""세계 인구 40% '성장 반토막 지역' 산다…""자녀가 부모보다 잘살 것"" 믿음 흔들려"" 입니다.",2026-09-22 09:12:49,성공,100,58,42,16.0
2026-09-22,아시아경제,IT과학,20,연구(33); 발견(30); 정보(21); 위원회(19); 쓰레기(19),"2026-09-22 아시아경제(IT과학) 기사 20건 분석 결과, 상위 키워드는 '연구'(33회), '발견'(30회), '정보'(21회), '위원회'(19회), '쓰레기'(19회) 순으로 나타났습니다. 특히 '연구' 관련 이슈가 가장 두드러졌으며, 대표 헤드라인은 ""[125년 노벨상 시대를 담다]⑦125년 뒤에도 우리는 '한 사람의 이름'을 기억할까"" 입니다.",2026-09-22 09:13:08,성공,100,14,0,100.0
2026-09-23,조선일보,주요뉴스,40,대통령(74); 제청(47); 대법원장(40); 트럼프(32); 유엔(31),"2026-09-23 조선일보(주요뉴스) 기사 40건 분석 결과, 상위 키워드는 '대통령'(74회), '제청'(47회), '대법원장'(40회), '트럼프'(32회), '유엔'(31회) 순으로 나타났습니다. 특히 '대통령' 관련 이슈가 가장 두드러졌으며, 대표 헤드라인은 ""김민석 “조희대 탄핵 말씀하는 분 많아… 국정조사·특검도 있을 수 있다”"" 입니다.",2026-09-23 09:12:52,성공,100,39,56,-17.9
2026-09-23,조선일보,이슈,20,대통령(83); 대법원장(61); 제청(54); 트럼프(33); 북한(32),"2026-09-23 조선일보(이슈) 기사 20건 분석 결과, 상위 키워드는 '대통령'(83회), '대법원장'(61회), '제청'(54회), '트럼프'(33회), '북한'(32회) 순으로 나타났습니다. 특히 '대통령' 관련 이슈가 가장 두드러졌으며, 대표 헤드라인은 ""통장에 노는 돈 2000만원 있다면, 무조건 이것 시작하는 게 맞습니다"" 입니다.",2026-09-23 09:13:09,성공,100,17,59,-55.3
2026-09-23,조선일보,정치,20,대통령(126); 북한(61); 대법원장(50); 장관(42); 지뢰(34),"2026-09-23 조선일보(정치) 기사 20건 분석 결과, 상위 키워드는 '대통령'(126회), '북한'(61회), '대법원장'(50회), '장관'(42회), '지뢰'(34회) 순으로 나타났습니다. 특히 '대통령' 관련 이슈가 가장 두드러졌으며, 대표 헤드라인은 ""안철수 “曺대법원장, 李대통령 ‘제청 불개입’ 선언 전까지 대법관 제청 말아야”"" 입니다.",2026-09-23 09:13:27,성공,100,25,93,-57.6
2026-09-23,조선일보,경제,20,투자(45); 금융(42); 미국(36); 정부(32); 전력(29),"2026-09-23 조선일보(경제) 기사 20건 분석 결과, 상위 키워드는 '투자'(45회), '금융'(42회), '미국'(36회), '정부'(32회), '전력'(29회) 순으로 나타났습니다. 특히 '투자' 관련 이슈가 가장 두드러졌으며, 대표 헤드라인은 ""“태양광은 미국의 안보 전략 자산”…반토막난 태양광주, 언제 사야할까"" 입니다.",2026-09-23 09:13:46,성공,100,113,36,51.7
2026-09-23,조선일보,사회,20,대통령(51); 제청(43); 대법원장(34); 검찰(31); 상어(29),"2026-09-23 조선일보(사회) 기사 20건 분석 결과, 상위 키워드는 '대통령'(51회), '제청'(43회), '대법원장'(34회), '검찰'(31회), '상어'(29회) 순으로 나타났습니다. 특히 '대통령' 관련 이슈가 가장 두드러졌으며, 대표 헤드라인은 ""[속보] 이정현 신임 대검 차장 “李 공소 취소, 진상조사단 결과 봐야”"" 입니다.",2026-09-23 09:14:05,성공,100,39,104,-45.5
2026-09-23,조선일보,문화,20,한국(48); 한국인(27); 학원(26); 사회(26); 부담(25),"2026-09-23 조선일보(문화) 기사 20건 분석 결과, 상위 키워드는 '한국'(48회), '한국인'(27회), '학원'(26회), '사회'(26회), '부담'(25회) 순으로 나타났습니다. 특히 '한국' 관련 이슈가 가장 두드러졌으며, 대표 헤드라인은 ""[인터뷰] ‘아메리칸 학원’ 이민진 작가 “삶의 규칙은 이미 바뀌었다”"" 입니다.",2026-09-23 09:14:23,성공,100,19,37,-32.1
2026-09-23,조선일보,세계,20,트럼프(74); 미국(58); 중국(50); 필리핀(43); 대통령(36),"2026-09-23 조선일보(세계) 기사 20건 분석 결과, 상위 키워드는 '트럼프'(74회), '미국'(58회), '중국'(50회), '필리핀'(43회), '대통령'(36회) 순으로 나타났습니다. 특히 '트럼프' 관련 이슈가 가장 두드러졌으며, 대표 헤드라인은 ""트럼프 “다카이치는 내 친구” 시진핑보다 먼저 만났다"" 입니다.",2026-09-23 09:14:41,성공,100,56,31,28.7
2026-09-23,조선일보,IT과학,20,양자(36); 에이전트(33); 기술(31); 정보(29); 뮤즈(28),"2026-09-23 조선일보(IT과학) 기사 20건 분석 결과, 상위 키워드는 '양자'(36회), '에이전트'(33회), '기술'(31회), '정보'(29회), '뮤즈'(28회) 순으로 나타났습니다. 특히 '양자' 관련 이슈가 가장 두드러졌으며, 대표 헤드라인은 ""AI가 사람들 떼어놓자 ‘모임’ 가치 커지는 역설... 사람들 묶는 ‘투게더 테크’ 뜬다"" 입니다.",2026-09-23 09:14:59,성공,100,32,25,12.3
2026-09-23,문화일보,주요뉴스,40,대통령(40); 긍정(29); 제청(29); 부정(29); 의원(27),"2026-09-23 문화일보(주요뉴스) 기사 40건 분석 결과, 상위 키워드는 '대통령'(40회), '긍정'(29회), '제청'(29회), '부정'(29회), '의원'(27회) 순으로 나타났습니다. 특히 '대통령' 관련 이슈가 가장 두드러졌으며, 대표 헤드라인은 ""[속보]‘기자회견 후’ 李대통령 긍정 37%, 최저치 경신-조원씨앤아이"" 입니다.",2026-09-23 09:15:19,성공,100,36,94,-44.6
2026-09-23,문화일보,이슈,20,긍정(30); 부정(30); 의원(26); 대통령(19); 대표(19),"2026-09-23 문화일보(이슈) 기사 20건 분석 결과, 상위 키워드는 '긍정'(30회), '부정'(30회), '의원'(26회), '대통령'(19회), '대표'(19회) 순으로 나타났습니다. 특히 '긍정' 관련 이슈가 가장 두드러졌으며, 대표 헤드라인은 ""[속보]‘기자회견 후’ 李대통령 긍정 37%, 최저치 경신-조원씨앤아이"" 입니다.",2026-09-23 09:15:38,성공,100,13,55,-61.8
2026-09-23,문화일보,정치,20,북한(45); 대통령(43); 전환(35); 지뢰(32); 부정(30),"2026-09-23 문화일보(정치) 기사 20건 분석 결과, 상위 키워드는 '북한'(45회), '대통령'(43회), '전환'(35회), '지뢰'(32회), '부정'(30회) 순으로 나타났습니다. 특히 '북한' 관련 이슈가 가장 두드러졌으며, 대표 헤드라인은 ""[속보]靑, 조희대 ‘재제청 거부’에 “권한쟁의심판 청구 검토 안해”"" 입니다.",2026-09-23 09:15:57,성공,100,63,48,13.5
2026-09-23,문화일보,경제,20,사업(26); 글로벌(25); 주택(24); 기업(23); 시장(23),"2026-09-23 문화일보(경제) 기사 20건 분석 결과, 상위 키워드는 '사업'(26회), '글로벌'(25회), '주택'(24회), '기업'(23회), '시장'(23회) 순으로 나타났습니다. 특히 '사업' 관련 이슈가 가장 두드러졌으며, 대표 헤드라인은 ""[속보]샌디스크 6.8% 급등…나스닥 또 최고가 경신"" 입니다.",2026-09-23 09:16:16,성공,100,99,24,61.0
2026-09-23,문화일보,사회,20,서울(54); 문화(22); 공사(19); 통합(18); 영화(17),"2026-09-23 문화일보(사회) 기사 20건 분석 결과, 상위 키워드는 '서울'(54회), '문화'(22회), '공사'(19회), '통합'(18회), '영화'(17회) 순으로 나타났습니다. 특히 '서울' 관련 이슈가 가장 두드러졌으며, 대표 헤드라인은 ""[속보]靑, 조희대 ‘재제청 거부’에 “권한쟁의심판 청구 검토 안해”"" 입니다.",2026-09-23 09:16:34,성공,100,49,17,48.5
2026-09-23,문화일보,문화,20,배터리(30); 추석(26); 무대(22); 한국(21); 서울(20),"2026-09-23 문화일보(문화) 기사 20건 분석 결과, 상위 키워드는 '배터리'(30회), '추석'(26회), '무대'(22회), '한국'(21회), '서울'(20회) 순으로 나타났습니다. 특히 '배터리' 관련 이슈가 가장 두드러졌으며, 대표 헤드라인은 ""KTX 승차권 두 달 전부터 예매…10월 1부터"" 입니다.",2026-09-23 09:16:53,성공,100,61,6,82.1
2026-09-23,문화일보,세계,20,이란(41); 대통령(34); 트럼프(33); 일본(31); 미국(30),"2026-09-23 문화일보(세계) 기사 20건 분석 결과, 상위 키워드는 '이란'(41회), '대통령'(34회), '트럼프'(33회), '일본'(31회), '미국'(30회) 순으로 나타났습니다. 특히 '이란' 관련 이슈가 가장 두드러졌으며, 대표 헤드라인은 ""“비치발리볼 여신” 신지은, 김정아와 조 이뤄 아시안게임 첫 승 신고"" 입니다.",2026-09-23 09:17:12,성공,100,12,13,-4.0
2026-09-23,문화일보,IT과학,20,게임(34); 기업(32); 기술(28); 데이터(25); 공개(23),"2026-09-23 문화일보(IT과학) 기사 20건 분석 결과, 상위 키워드는 '게임'(34회), '기업'(32회), '기술'(28회), '데이터'(25회), '공개'(23회) 순으로 나타났습니다. 특히 '게임' 관련 이슈가 가장 두드러졌으며, 대표 헤드라인은 ""오픈AI 이어 제미나이도 외부기관 해킹…구글 “공개할 사안 아냐”"" 입니다.",2026-09-23 09:17:32,성공,100,67,0,100.0
2026-09-23,매일신문,주요뉴스,40,대통령(128); 제청(75); 대법원장(64); 법관(40); 헌법(35),"2026-09-23 매일신문(주요뉴스) 기사 40건 분석 결과, 상위 키워드는 '대통령'(128회), '제청'(75회), '대법원장'(64회), '법관'(40회), '헌법'(35회) 순으로 나타났습니다. 특히 '대통령' 관련 이슈가 가장 두드러졌으며, 대표 헤드라인은 ""배현진 ""개 수영장·용왕굿 얘기하더니…李대통령, 尹보다 물 많이 써"""" 입니다.",2026-09-23 09:17:50,성공,100,32,72,-38.5
2026-09-23,매일신문,이슈,20,대통령(52); 의원(27); 유엔(25); 조회(20); 태풍(20),"2026-09-23 매일신문(이슈) 기사 20건 분석 결과, 상위 키워드는 '대통령'(52회), '의원'(27회), '유엔'(25회), '조회'(20회), '태풍'(20회) 순으로 나타났습니다. 특히 '대통령' 관련 이슈가 가장 두드러졌으며, 대표 헤드라인은 ""배현진 ""개 수영장·용왕굿 얘기하더니…李대통령, 尹보다 물 많이 써""조회수12,544"" 입니다.",2026-09-23 09:18:07,성공,100,43,73,-25.9
2026-09-23,매일신문,정치,20,대통령(118); 의원(38); 이재명(30); 유엔(29); 국민(26),"2026-09-23 매일신문(정치) 기사 20건 분석 결과, 상위 키워드는 '대통령'(118회), '의원'(38회), '이재명'(30회), '유엔'(29회), '국민'(26회) 순으로 나타났습니다. 특히 '대통령' 관련 이슈가 가장 두드러졌으며, 대표 헤드라인은 ""윤상현, 지뢰 사고 강신철 해명에 ""영상 없으면 전쟁 때도 반격 못 하나"""" 입니다.",2026-09-23 09:18:25,성공,100,42,48,-6.7
2026-09-23,매일신문,경제,20,산업(41); 가격(40); 기업(32); 안전(26); 지역(26),"2026-09-23 매일신문(경제) 기사 20건 분석 결과, 상위 키워드는 '산업'(41회), '가격'(40회), '기업'(32회), '안전'(26회), '지역'(26회) 순으로 나타났습니다. 특히 '산업' 관련 이슈가 가장 두드러졌으며, 대표 헤드라인은 ""코레일 자회사 5개→3개 통합…23일부터 새 체제 가동"" 입니다.",2026-09-23 09:18:44,성공,100,138,29,65.3
2026-09-23,매일신문,사회,20,부산(39); 추석(24); 지역(19); 김밥(18); 학교(17),"2026-09-23 매일신문(사회) 기사 20건 분석 결과, 상위 키워드는 '부산'(39회), '추석'(24회), '지역'(19회), '김밥'(18회), '학교'(17회) 순으로 나타났습니다. 특히 '부산' 관련 이슈가 가장 두드러졌으며, 대표 헤드라인은 ""유엔 AI 패널 ""오픈AI 허깅페이스 해킹, 인류 통제 상실 조기경보"""" 입니다.",2026-09-23 09:19:02,성공,100,56,27,34.9
2026-09-23,매일신문,문화,20,대구(40); 공연(40); 전시(32); 사랑(26); 엄마(26),"2026-09-23 매일신문(문화) 기사 20건 분석 결과, 상위 키워드는 '대구'(40회), '공연'(40회), '전시'(32회), '사랑'(26회), '엄마'(26회) 순으로 나타났습니다. 특히 '대구' 관련 이슈가 가장 두드러졌으며, 대표 헤드라인은 ""깊어진 가을, 넓어진 무대…'달성 100대 피아노', 10월 3일 사문진서 개최"" 입니다.",2026-09-23 09:19:20,성공,100,79,0,100.0
2026-09-23,매일신문,세계,20,이란(41); 미국(33); 일본(27); 북한(25); 한국(21),"2026-09-23 매일신문(세계) 기사 20건 분석 결과, 상위 키워드는 '이란'(41회), '미국'(33회), '일본'(27회), '북한'(25회), '한국'(21회) 순으로 나타났습니다. 특히 '이란' 관련 이슈가 가장 두드러졌으며, 대표 헤드라인은 ""[아시안게임] ""북한 세뇌 깨부수려"" 북 응원단 앞에 나타난 '짝퉁' 김정은"" 입니다.",2026-09-23 09:19:38,성공,100,25,68,-46.2
2026-09-23,매일신문,IT과학,20,산업(37); 반도체(36); 모델(33); 기업(31); 공개(26),"2026-09-23 매일신문(IT과학) 기사 20건 분석 결과, 상위 키워드는 '산업'(37회), '반도체'(36회), '모델'(33회), '기업'(31회), '공개'(26회) 순으로 나타났습니다. 특히 '산업' 관련 이슈가 가장 두드러졌으며, 대표 헤드라인은 ""경북 영천시, 하이테크파크지구 산업시설 용지 분양…우수 기업 투자 유치"" 입니다.",2026-09-23 09:19:58,성공,100,62,28,37.8
2026-09-23,데일리안,주요뉴스,40,지뢰(55); 호텔(38); 사고(33); 폭발(30); 공급(29),"2026-09-23 데일리안(주요뉴스) 기사 40건 분석 결과, 상위 키워드는 '지뢰'(55회), '호텔'(38회), '사고'(33회), '폭발'(30회), '공급'(29회) 순으로 나타났습니다. 특히 '지뢰' 관련 이슈가 가장 두드러졌으며, 대표 헤드라인은 """"강남 불패 끝낸다""는 李에…국민의힘 ""내 집 마련 사다리 차단"" 맹폭"" 입니다.",2026-09-23 09:20:17,성공,100,56,106,-30.9
2026-09-23,데일리안,이슈,20,대표(46); 호텔(38); 대통령(36); 의원(30); 공급(27),"2026-09-23 데일리안(이슈) 기사 20건 분석 결과, 상위 키워드는 '대표'(46회), '호텔'(38회), '대통령'(36회), '의원'(30회), '공급'(27회) 순으로 나타났습니다. 특히 '대표' 관련 이슈가 가장 두드러졌으며, 대표 헤드라인은 """"부캉이에게 생닭 던지지 마세요""…상어 전문가가 경고한 이유는"" 입니다.",2026-09-23 09:20:36,성공,100,40,110,-46.7
2026-09-23,데일리안,정치,20,대통령(120); 유엔(61); 대표(46); 제청(42); 평화(38),"2026-09-23 데일리안(정치) 기사 20건 분석 결과, 상위 키워드는 '대통령'(120회), '유엔'(61회), '대표'(46회), '제청'(42회), '평화'(38회) 순으로 나타났습니다. 특히 '대통령' 관련 이슈가 가장 두드러졌으며, 대표 헤드라인은 ""靑 ""조희대 재제청 거부 관련 권한쟁의심판 청구 검토 안 해"""" 입니다.",2026-09-23 09:20:54,성공,100,108,152,-16.9
2026-09-23,데일리안,경제,20,금융(37); 은행(34); 사업(31); 지주(29); 계약(26),"2026-09-23 데일리안(경제) 기사 20건 분석 결과, 상위 키워드는 '금융'(37회), '은행'(34회), '사업'(31회), '지주'(29회), '계약'(26회) 순으로 나타났습니다. 특히 '금융' 관련 이슈가 가장 두드러졌으며, 대표 헤드라인은 ""행복나래, 사회적가치 페스타서 '행복얼라이언스' 10년 조명"" 입니다.",2026-09-23 09:21:14,성공,100,163,28,70.7
2026-09-23,데일리안,사회,20,대통령(24); 법원(23); 아이(22); 연휴(21); 학대(20),"2026-09-23 데일리안(사회) 기사 20건 분석 결과, 상위 키워드는 '대통령'(24회), '법원'(23회), '아이'(22회), '연휴'(21회), '학대'(20회) 순으로 나타났습니다. 특히 '대통령' 관련 이슈가 가장 두드러졌으며, 대표 헤드라인은 ""[속보] 이정현 대검 차장 ""대북송금 수사, 맞지 않는 측면 있어"""" 입니다.",2026-09-23 09:21:33,성공,100,35,83,-40.7
2026-09-23,데일리안,문화,20,치료(35); 임상(31); 관리(29); 병원(25); 시험(24),"2026-09-23 데일리안(문화) 기사 20건 분석 결과, 상위 키워드는 '치료'(35회), '임상'(31회), '관리'(29회), '병원'(25회), '시험'(24회) 순으로 나타났습니다. 특히 '치료' 관련 이슈가 가장 두드러졌으며, 대표 헤드라인은 ""고대 구로병원, 암 치료 역량 한곳에…'새 암병원' 2029년 완공"" 입니다.",2026-09-23 09:21:52,성공,100,125,18,74.8
2026-09-23,데일리안,세계,20,이란(65); 미국(55); 트럼프(38); 대통령(36); 유엔(32),"2026-09-23 데일리안(세계) 기사 20건 분석 결과, 상위 키워드는 '이란'(65회), '미국'(55회), '트럼프'(38회), '대통령'(36회), '유엔'(32회) 순으로 나타났습니다. 특히 '이란' 관련 이슈가 가장 두드러졌으며, 대표 헤드라인은 ""전 구글 안전책임자 ""AI, SNS보다 아이들에게 더 위험할수도"""" 입니다.",2026-09-23 09:22:11,성공,100,62,52,8.8
2026-09-23,데일리안,IT과학,20,기업(37); 게임(27); 플랫폼(27); 개발(26); 국내(26),"2026-09-23 데일리안(IT과학) 기사 20건 분석 결과, 상위 키워드는 '기업'(37회), '게임'(27회), '플랫폼'(27회), '개발'(26회), '국내'(26회) 순으로 나타났습니다. 특히 '기업' 관련 이슈가 가장 두드러졌으며, 대표 헤드라인은 ""'쿠키런: 오븐브레이크', 산리오 만났다…마이멜로디·쿠로미 쿠키로 변신"" 입니다.",2026-09-23 09:22:30,성공,100,51,18,47.8
2026-09-23,아시아경제,주요뉴스,40,기업(61); 구조(61); 조정(51); 정보(37); 일본(35),"2026-09-23 아시아경제(주요뉴스) 기사 40건 분석 결과, 상위 키워드는 '기업'(61회), '구조'(61회), '조정'(51회), '정보'(37회), '일본'(35회) 순으로 나타났습니다. 특히 '기업' 관련 이슈가 가장 두드러졌으며, 대표 헤드라인은 ""속보이정현 대검 차장 ""李대통령 공소취소, 진상조사 결과 봐야"""" 입니다.",2026-09-23 09:22:48,성공,100,35,55,-22.2
2026-09-23,아시아경제,이슈,20,일본(49); 한국(34); 미국(31); 이란(29); 호텔(28),"2026-09-23 아시아경제(이슈) 기사 20건 분석 결과, 상위 키워드는 '일본'(49회), '한국'(34회), '미국'(31회), '이란'(29회), '호텔'(28회) 순으로 나타났습니다. 특히 '일본' 관련 이슈가 가장 두드러졌으며, 대표 헤드라인은 """"캐나다 살이 하려고 퇴사까지 했는데 한국 돌아갈 판""…어학원 폐업에 유학생들 '발동동'"" 입니다.",2026-09-23 09:23:07,성공,100,41,23,28.1
2026-09-23,아시아경제,정치,20,대통령(73); 유엔(62); 평화(53); 한반도(46); 협력(31),"2026-09-23 아시아경제(정치) 기사 20건 분석 결과, 상위 키워드는 '대통령'(73회), '유엔'(62회), '평화'(53회), '한반도'(46회), '협력'(31회) 순으로 나타났습니다. 특히 '대통령' 관련 이슈가 가장 두드러졌으며, 대표 헤드라인은 ""정점식 ""대법관 공백, 李대통령 때문…조희대 탓은 적반하장"""" 입니다.",2026-09-23 09:23:27,성공,100,164,74,37.8
2026-09-23,아시아경제,경제,20,제조(28); 사업(26); 투자(24); 기술(23); 확대(22),"2026-09-23 아시아경제(경제) 기사 20건 분석 결과, 상위 키워드는 '제조'(28회), '사업'(26회), '투자'(24회), '기술'(23회), '확대'(22회) 순으로 나타났습니다. 특히 '제조' 관련 이슈가 가장 두드러졌으며, 대표 헤드라인은 ""유유제약, 육군 제51보병사단에 6000만원 상당 제품 기부"" 입니다.",2026-09-23 09:23:46,성공,100,129,5,92.5
2026-09-23,아시아경제,사회,20,시장(30); 추석(28); 지역(21); 전통(19); 정보(18),"2026-09-23 아시아경제(사회) 기사 20건 분석 결과, 상위 키워드는 '시장'(30회), '추석'(28회), '지역'(21회), '전통'(19회), '정보'(18회) 순으로 나타났습니다. 특히 '시장' 관련 이슈가 가장 두드러졌으며, 대표 헤드라인은 ""국립부경대 교직원 축구팀, 교육부장관배 최초 ‘3연패’ 금자탑"" 입니다.",2026-09-23 09:24:06,성공,100,37,19,32.1
2026-09-23,아시아경제,문화,20,이탈리아(26); 시트(23); 관광(22); 국내(18); 상품(18),"2026-09-23 아시아경제(문화) 기사 20건 분석 결과, 상위 키워드는 '이탈리아'(26회), '시트'(23회), '관광'(22회), '국내'(18회), '상품'(18회) 순으로 나타났습니다. 특히 '이탈리아' 관련 이슈가 가장 두드러졌으며, 대표 헤드라인은 ""뉴욕서 K팝 춘 휴머노이드 16대…갤럭시코퍼레이션, '최용호 로봇'도 공개"" 입니다.",2026-09-23 09:24:25,성공,100,54,12,63.6
2026-09-23,아시아경제,세계,20,트럼프(57); 대통령(56); 미국(51); 이란(49); 유엔(33),"2026-09-23 아시아경제(세계) 기사 20건 분석 결과, 상위 키워드는 '트럼프'(57회), '대통령'(56회), '미국'(51회), '이란'(49회), '유엔'(33회) 순으로 나타났습니다. 특히 '트럼프' 관련 이슈가 가장 두드러졌으며, 대표 헤드라인은 ""다카이치, 유엔 연설에서 패전국 대상 '적국조항' 삭제 요구"" 입니다.",2026-09-23 09:24:45,성공,100,37,36,1.4
2026-09-23,아시아경제,IT과학,20,보안(61); 카카오(60); 서비스(53); 모델(50); 데이터(38),"2026-09-23 아시아경제(IT과학) 기사 20건 분석 결과, 상위 키워드는 '보안'(61회), '카카오'(60회), '서비스'(53회), '모델'(50회), '데이터'(38회) 순으로 나타났습니다. 특히 '보안' 관련 이슈가 가장 두드러졌으며, 대표 헤드라인은 ""배우·촬영 없이 AI로 드라마 뚝딱…'브레이크 원' 공개"" 입니다.",2026-09-23 09:25:06,성공,100,94,18,67.9
